cgpa,backlogs,college_tier,country,university_ranking_band,internship_count,aptitude_score,communication_score,specialization,industry,internship_quality_score,salary
7.397371322408986,1,Tier 2,Canada,100-300,2,53.574150031396115,64.1770623342739,Data Science,Consulting,5.481449845806263,104124.36783788816
6.889388559063052,0,Tier 3,UK,300+,1,60.687750044556374,88.34605151101644,Data Science,Consulting,4.6250993770765625,80586.83831262222
7.518150830480554,0,Tier 1,UK,100-300,2,64.56874987048333,69.49317116258237,Cybersecurity,Healthcare,5.2279386281759805,114444.3180966268
8.21842388512642,0,Tier 2,UK,100-300,3,73.46150014169774,78.20485411639238,AI/ML,Tech,5.150673764771964,120000
6.812677300221331,1,Tier 2,USA,100-300,4,86.51812057832834,44.68088106241429,Data Science,Consulting,3.88882431409738,120000
8.263370252405913,1,Tier 3,India,300+,2,61.938594386236275,71.83706817924204,Core CS,Manufacturing,3.366859764339363,37961.54539613216
6.624420491252038,0,Tier 2,India,100-300,3,70.13397901028965,78.08772721825375,Cloud,Consulting,5.026075476889981,45794.429304396224
6.62926584575003,1,Tier 2,USA,Top 100,2,64.2427866114618,73.08297386484615,Cloud,Healthcare,4.778924891916042,99717.52925972376
6.189735103732461,1,Tier 1,USA,100-300,0,65.14670894592736,48.96862443246512,Data Science,Tech,6.973043920834743,120000
7.2513978660762195,2,Tier 1,India,100-300,1,71.73040648382448,59.522195428714994,Core CS,Other,6.010867530079504,52572.376643512645
5.870157038931767,1,Tier 3,Canada,100-300,2,76.01966060853039,84.96776025989575,Core CS,Tech,9.320751543885413,80329.95200421337
8.172519015137244,1,Tier 2,USA,300+,2,93.11875600377628,46.48934921750691,Data Science,Tech,4.493543238892658,120000
6.819378959610772,0,Tier 3,Germany,Top 100,0,66.81226110152862,57.571843574275405,AI/ML,Tech,2.7958123406927062,84909.08783758676
6.5644938203798535,1,Tier 2,Germany,100-300,2,97.6288653192142,73.53209987679325,Cloud,Healthcare,5.457736568288827,84269.98552817258
7.300558414676537,1,Tier 1,India,100-300,1,79.11865761986627,78.05316174228008,Core CS,Manufacturing,5.71008995861846,56107.92841766937
6.519489048064956,0,Tier 2,USA,Top 100,2,60.51390149402755,49.51317165261643,Cybersecurity,Consulting,6.5686232797092945,106322.7660789254
6.766645000165378,0,Tier 2,USA,100-300,3,76.18131380488396,47.27914530073002,AI/ML,Tech,3.800984717515537,120000
6.5186347102164826,1,Tier 3,UK,300+,2,85.83847678868221,87.49725502631372,AI/ML,Finance,3.460430330601959,98003.22847777768
6.989202220209653,1,Tier 3,UK,Top 100,2,58.27827892706628,53.91168633822354,Data Science,Finance,3.308396629459727,85923.09925502952
6.1538312568352795,0,Tier 3,Canada,100-300,2,93.45774149798623,50.50551445313112,Cybersecurity,Other,6.016553589623208,66105.97583525395
7.658035929682551,1,Tier 2,Germany,300+,5,39.09104263367696,55.6281447321955,Cybersecurity,Finance,4.902389877454311,93810.33480359116
6.023325080023183,0,Tier 3,India,100-300,3,93.1775307144417,70.44522805446432,Cybersecurity,Finance,6.935880069682707,33094.82173942688
7.157488988695299,0,Tier 2,USA,100-300,2,77.54325721244665,50.56900885680229,Cybersecurity,Tech,4.03006393058491,117010.95394579713
7.137094624951977,2,Tier 1,USA,300+,2,65.4456564508142,60.41721452647887,Core CS,Consulting,4.041592784141551,118831.69603856996
6.759117043528569,1,Tier 1,UK,100-300,1,46.47307757844267,100,Data Science,Healthcare,8.11427457986931,120000
6.63148898323217,2,Tier 2,Canada,100-300,1,57.83303254122624,58.89136305154474,Core CS,Manufacturing,7.749656313282635,88509.47989666661
7.845697780975133,1,Tier 1,Germany,300+,2,67.06943441890238,58.15975278914904,Cloud,Healthcare,4.469635202874586,96668.61721636684
7.274894631654769,1,Tier 2,UK,Top 100,0,47.39750245389257,67.5162176691811,Core CS,Other,4.95449245883215,104814.50576749508
6.458462399755233,1,Tier 2,UK,100-300,4,82.59900709956592,59.69499221318251,Cloud,Consulting,6.301608831412726,84686.91344143807
7.489341031072694,0,Tier 3,USA,100-300,0,72.47843035414651,46.15722993807428,Data Science,Consulting,6.226184151781412,106688.50359912254
6.328625981421889,0,Tier 2,UK,Top 100,4,45.534161489842745,92.79945361459214,Cybersecurity,Finance,2.9186829690150975,90446.50048324626
6.7526300993190285,0,Tier 2,Canada,Top 100,2,58.99524513375074,63.31545254629896,AI/ML,Finance,5.994621690702701,112291.30117686624
7.265010745122851,3,Tier 1,USA,Top 100,0,67.58138979983883,58.29368156022438,Cloud,Healthcare,8.546200458220781,120000
6.851472818668946,0,Tier 1,USA,100-300,2,60.92216122036422,63.90556095880192,Data Science,Tech,6.212715117356119,120000
7.650020657915358,1,Tier 1,USA,100-300,2,100,66.27279982708464,Data Science,Manufacturing,3.487942941210082,120000
8.084992022856659,0,Tier 3,UK,100-300,1,64.87974088472893,84.70728075193401,Cloud,Healthcare,5.506788787337111,82201.15646142306
7.8028263183136195,0,Tier 3,India,300+,0,79.66985665363622,59.451137782526985,Core CS,Other,6.154024663509546,37311.75838311706
7.289308820038107,0,Tier 2,India,100-300,2,63.79031054285567,47.41884867052795,Cloud,Other,3.3825617031975375,51152.87360184275
7.2891164844067315,3,Tier 1,Germany,300+,2,91.21158373698674,46.553824720763814,Core CS,Consulting,4.255311428800641,94442.10847728532
8.230429253172776,0,Tier 1,USA,300+,3,67.78964578839708,63.0854605830408,Cloud,Manufacturing,5.553784828187062,120000
6.9713391687120385,1,Tier 1,USA,100-300,3,65.18645067947409,76.38156556131267,Core CS,Consulting,4.0276203989196775,120000
8.251714924651205,1,Tier 3,USA,300+,1,68.2699436432939,49.50770760056691,Cybersecurity,Tech,3.6009656843054323,94815.16666939844
7.657522003500179,1,Tier 3,UK,300+,0,76.38170449540814,89.24038464648177,Data Science,Finance,6.263580543665069,94893.48140576904
7.073408621228402,0,Tier 3,Germany,100-300,0,70.08102218053092,47.57817308183037,Core CS,Other,4.090864947938939,68570.52500017069
5.409944868319286,3,Tier 3,USA,Top 100,2,58.068257110059825,64.98401667507642,AI/ML,Finance,6.6578520106023955,97423.62787754997
6.824262489729991,0,Tier 2,Canada,300+,2,51.833688326888264,84.49519232022331,Data Science,Manufacturing,6.269912821493963,101744.33693226014
7.285690057209397,0,Tier 1,USA,Top 100,3,56.3167640113028,90.0341325014642,Core CS,Consulting,6.006305182794746,120000
8.182315235793213,1,Tier 1,USA,Top 100,0,61.96962206597941,84.63808776201843,Cloud,Tech,8.51995225007466,120000
6.585383825381082,0,Tier 2,USA,300+,1,56.8558862212335,93.92340347140006,Cloud,Consulting,7.129919004017243,101892.36113671398
6.35320511768545,1,Tier 2,UK,100-300,2,80.69108021734255,81.80780328910342,AI/ML,Other,4.860143367426313,101613.22602866862
6.598594365132371,2,Tier 3,Canada,300+,0,93.6296290378945,53.79360939201368,AI/ML,Tech,4.065425040580096,84286.81237832864
7.7323216941616595,1,Tier 2,India,100-300,3,72.37882066727013,87.127449783843,Data Science,Consulting,9.09738301249057,56419.91602723876
7.263000887727747,2,Tier 2,UK,300+,2,66.08895911654591,47.268434335277746,Data Science,Consulting,6.887604570861603,110024.35562215302
7.774915992426312,2,Tier 3,Canada,300+,3,86.7782590970496,50.03894862317296,Core CS,Finance,3.3131333804498464,70786.9702656923
6.438357524898118,1,Tier 2,India,Top 100,2,55.67692553534098,70.0907902040315,Cybersecurity,Other,4.109703274261028,42694.02280674379
6.737870282721786,1,Tier 3,UK,300+,4,86.39397162701124,79.33022269729787,Cloud,Healthcare,6.929868483256538,68654.34833664176
6.686313477494274,0,Tier 2,Canada,300+,3,57.29316077015824,70.33486719438358,AI/ML,Consulting,6.390393256833893,99970.77740603944
5.829188041494305,3,Tier 2,Germany,100-300,1,84.08207709293902,74.69440140130975,Core CS,Tech,5.051440380337284,83959.42153025616
7.236896221651661,2,Tier 3,Canada,100-300,1,53.97031211112777,73.4350718250769,Data Science,Other,5.994124088637282,88351.32373833554
7.208844217743912,2,Tier 3,Canada,300+,1,80.23811696681378,63.88990833045504,Data Science,Healthcare,3.890712105092511,86522.2332384199
5.867703406359668,1,Tier 1,USA,Top 100,3,74.60307541408635,77.27330560201337,AI/ML,Other,6.141682725321176,120000
6.725828386778584,1,Tier 1,Canada,300+,0,69.20461174184206,59.42483249438458,Cybersecurity,Tech,5.981661268737079,110946.8046526278
7.323240685451631,2,Tier 2,UK,100-300,1,73.32080014275533,42.51501540303968,AI/ML,Healthcare,5.528774709981799,107667.80963153412
8.508948720968425,2,Tier 2,UK,100-300,3,51.76507956301731,62.73903607116412,Cloud,Manufacturing,4.876423499302565,110830.55820631023
7.139662250265471,1,Tier 2,Germany,300+,1,66.9431820205612,80.73728660531377,Cloud,Finance,6.668655959011909,82321.86741402718
7.206040312578211,0,Tier 1,UK,100-300,2,46.671158761214826,70.49461061602877,AI/ML,Other,2.6909573913800564,119651.81868831695
6.940443267387066,3,Tier 3,UK,300+,4,65.95549117526582,48.532848324177536,Data Science,Healthcare,7.280589066945288,71138.25859236543
6.978788899640627,2,Tier 2,USA,Top 100,0,73.52217927783808,64.94508067048882,Data Science,Other,4.56895811215248,120000
8.97059368998823,1,Tier 1,India,Top 100,3,64.81286831565622,54.106350050137976,Cloud,Healthcare,7.11287987878831,64521.39778870185
7.24123787386689,1,Tier 2,USA,100-300,1,96.17442487237754,60.99409872260404,AI/ML,Consulting,4.2564121223927565,120000
6.972230584235805,2,Tier 1,Canada,300+,2,53.61512229960498,61.2635461592576,Data Science,Healthcare,6.550078861681699,112915.81404827636
7.914258251612017,1,Tier 3,India,100-300,1,54.10945411309767,92.6892265517834,Data Science,Tech,5.157898794122884,55363.65681111395
7.60154642614942,2,Tier 1,India,Top 100,1,88.96795361035025,83.67442399755856,Cybersecurity,Finance,6.056811158732701,65815.07789718367
6.272490036164209,0,Tier 2,Canada,Top 100,0,54.943105676246745,77.78532029831268,Cloud,Healthcare,5.102689696944962,86903.65343299905
8.12223544874888,0,Tier 2,USA,Top 100,1,73.33160765876455,56.390633145153934,Core CS,Other,4.460345284991738,117180.6464300229
5.878519149766175,2,Tier 3,USA,100-300,3,87.8503732308972,47.22893001720182,Cloud,Manufacturing,4.073713281695474,79951.35982410147
7.469485675040216,1,Tier 3,UK,300+,0,85.22528740314871,93.15650877334396,Cloud,Finance,5.793828439815774,81024.35548244389
8.752364500647984,0,Tier 2,USA,300+,1,83.17612227034276,63.51708546451569,Core CS,Manufacturing,5.09631926001374,117375.4783542674
6.207570939895449,0,Tier 3,Germany,100-300,1,73.76816180507053,74.82097608582185,AI/ML,Tech,5.144628589685482,87594.954269472
7.079721092070113,2,Tier 2,Canada,100-300,4,89.37120705027641,79.73304522195576,Cloud,Tech,4.982938528161567,101307.70616353778
6.597219476707041,0,Tier 3,India,100-300,0,89.81661571981618,99.40301182992556,Data Science,Consulting,5.6791725931563795,38553.46107428595
7.378873944508145,0,Tier 3,India,Top 100,2,73.55253910240997,65.09075153225808,Core CS,Manufacturing,4.208016002563363,40739.92334053439
6.264460612612957,1,Tier 2,Germany,Top 100,1,73.9660089868697,47.4657875749887,AI/ML,Finance,6.90021738276226,104086.78975677336
8.239947524014031,0,Tier 3,Germany,100-300,5,51.89728395984048,62.0475537190298,Core CS,Consulting,4.860859637565808,71727.7454711416
6.373397366131011,0,Tier 2,USA,Top 100,3,77.9426919499784,57.478137005945605,Cloud,Tech,6.7249055492740855,118646.2338299974
6.742350787035459,2,Tier 2,India,100-300,1,54.676920690424566,83.35676704567105,Cloud,Manufacturing,4.757658312824665,42242.78650024274
7.181967947683304,2,Tier 2,UK,100-300,2,90.04467220228261,80.55951480385833,Cloud,Healthcare,3.558239843400821,89160.1756366129
8.045714203425943,0,Tier 3,Germany,300+,1,54.12650979500461,77.19074635265952,Core CS,Finance,4.903513186807268,68812.39676321634
7.147707086825843,1,Tier 1,USA,300+,5,84.2217365484341,79.73643842034767,Data Science,Healthcare,4.70207100004438,120000
7.207906235398739,1,Tier 2,India,100-300,3,78.68782489529012,71.59412206908183,AI/ML,Manufacturing,6.537837971791659,51834.38150533472
7.625458297421848,2,Tier 2,UK,100-300,1,80.1464911954614,63.59200787138369,Core CS,Consulting,7.334968537981583,92738.98209211524
6.010439431297534,1,Tier 3,Canada,Top 100,3,30,62.12447445149609,AI/ML,Consulting,3.78178232720739,85993.21471816266
7.417553252493518,2,Tier 2,Germany,100-300,1,77.82429810885603,51.20882781679285,Cloud,Finance,7.404460430896539,87503.91387029318
7.237587738586549,0,Tier 1,India,300+,1,92.80793847419513,59.166858031965475,Core CS,Finance,3.325928130504906,55682.7790286675
7.185802957728803,2,Tier 1,India,Top 100,1,93.6085390887915,33.26544900248609,Cloud,Consulting,1.7929975182758096,58383.86112037795
7.234457978638945,3,Tier 2,India,300+,3,54.22866567379547,44.64924274970361,Core CS,Tech,6.791952202863969,45818.46034987272
6.428518865578906,0,Tier 2,Canada,Top 100,3,83.03479884715638,60.333615530960984,Cybersecurity,Manufacturing,1.4780119987084146,87031.38448687755
8.492619608915806,1,Tier 3,India,100-300,0,55.15058700685727,62.633079268357086,Cybersecurity,Tech,5.433393061824723,31719.839873145855
7.37906633672943,0,Tier 3,Canada,300+,2,34.75829329054747,50.939272125142864,Data Science,Manufacturing,5.594512925473081,88095.22644751707
7.525242886907064,2,Tier 3,UK,100-300,2,68.58660588547757,48.48683776836566,Core CS,Tech,6.851374384867606,87278.65406025974
6.220254663818142,4,Tier 3,USA,100-300,2,78.81896220639213,68.3387685073847,AI/ML,Finance,7.22724801957897,115696.30090570892
7.629667682993961,0,Tier 3,India,100-300,3,73.03829994837002,60.25019164277034,AI/ML,Finance,5.777804089612808,46706.37533487046
7.926876463205923,0,Tier 3,Germany,100-300,2,54.4091275188824,67.36439797466439,Cloud,Consulting,4.3873596814366085,76353.67644819208
7.770700903395458,0,Tier 2,Germany,300+,1,87.17318050478801,58.26607235278273,Cloud,Tech,5.826287471488825,99411.08299805784
7.330224741549198,1,Tier 2,Germany,300+,1,81.19320978959577,66.95657213289516,Cloud,Finance,5.459974186967319,88983.10866281088
7.657648127995592,1,Tier 2,Canada,300+,3,78.40048578726282,69.1703297564502,Data Science,Finance,4.480956637043681,100430.37849601802
8.517434386123158,0,Tier 2,USA,100-300,5,100,83.35600368849069,Data Science,Other,7.267166697782137,120000
6.803689507197704,2,Tier 3,Germany,100-300,0,78.45586250736247,74.49684786026874,AI/ML,Tech,4.3583454067469845,85642.5225756671
6.397011068514008,2,Tier 3,UK,100-300,2,84.37559368725849,89.21010169278443,AI/ML,Other,4.640670445812987,82131.16928080497
6.3473517720276496,1,Tier 2,UK,100-300,5,84.8448224886132,49.25365606334959,Cybersecurity,Tech,6.195360059158359,98537.61053057062
6.938318632468716,2,Tier 3,Germany,100-300,0,75.54560314796957,57.50502673684788,Data Science,Tech,8.273312207365437,95756.05685059956
7.272921579853315,3,Tier 1,USA,100-300,2,80.90946041591832,75.52032174889177,Cybersecurity,Consulting,6.8825795323261305,120000
7.221352639464016,0,Tier 1,India,300+,1,73.3604677176239,55.35406352134597,Cloud,Healthcare,3.4561112054823235,58227.857225038635
7.661746599228819,1,Tier 3,Germany,Top 100,1,82.6491433507271,82.34533617181071,Cybersecurity,Consulting,3.9864541548219017,73760.01720586052
7.010401513502326,0,Tier 1,Germany,100-300,2,73.75631114302358,46.72039771781383,Cybersecurity,Tech,2.661802721872224,117823.55249805516
8.162827261725853,0,Tier 2,Canada,300+,1,72.92986465606924,48.24627007076073,Cloud,Tech,5.806690470376275,99951.03686920188
6.788274533409635,1,Tier 1,UK,Top 100,1,96.7571288956871,65.99757803829516,Data Science,Other,5.6585012123741105,120000
9.176135333271697,0,Tier 1,India,300+,2,75.18042578173448,94.25046992386848,AI/ML,Finance,4.640184177406601,71906.88324441173
7.500533878212005,2,Tier 2,USA,100-300,1,94.73337244705974,73.39129003779638,Data Science,Finance,4.320595445047489,120000
7.5712003952736735,0,Tier 2,UK,Top 100,0,61.67467023896697,38.86789548105648,Core CS,Healthcare,8.604471741885048,94359.19092553234
6.941736869874502,0,Tier 1,India,300+,3,39.87243059067649,85.70857930174492,Cybersecurity,Consulting,4.939906497001423,49882.74554280288
5.788122220251308,2,Tier 2,Canada,100-300,0,85.90806815276551,97.2577136481594,Core CS,Healthcare,3.8808219020019332,78784.57945160723
7.6851190354587775,0,Tier 3,India,300+,1,75.72736935590565,43.43645175976114,Data Science,Finance,4.795511944969553,52414.6867022687
6.00340897703041,0,Tier 2,USA,100-300,1,60.02411564814798,67.13573085877516,Cybersecurity,Healthcare,7.147078949564372,99386.82648319978
7.1385447406809455,1,Tier 1,UK,Top 100,0,77.07588936787381,77.79837383078096,Core CS,Tech,3.860916547375998,120000
7.308253903783069,0,Tier 2,India,100-300,0,80.9382703744873,68.237128464369,AI/ML,Finance,8.169935858600661,60565.90496924576
6.2929140510390935,1,Tier 1,UK,Top 100,5,66.61949277388428,72.23278525572147,Core CS,Other,6.1489258837421215,113352.6665573643
7.122980084756422,3,Tier 3,India,100-300,3,63.513459386277056,59.35423721324261,AI/ML,Finance,6.056660146339782,49303.90867513044
6.085623761735501,0,Tier 3,Canada,100-300,3,63.41768411771869,54.17700339088765,AI/ML,Healthcare,6.931614285729045,80457.45876893567
7.286229888278626,1,Tier 3,Germany,100-300,0,100,45.52032489127456,Cybersecurity,Manufacturing,8.672977880463975,58536.306423508504
7.448627621094587,1,Tier 2,UK,100-300,3,68.55214281527755,58.17927112375703,AI/ML,Manufacturing,3.6134745049916335,100174.88860908624
7.866440994540222,1,Tier 2,USA,100-300,1,77.87920717994265,70.61421345226819,Data Science,Consulting,5.137410740280054,120000
5.8978645056343275,2,Tier 1,Canada,100-300,1,99.4872480975575,70.67484302160592,Cybersecurity,Consulting,4.152394887459708,94963.10249485732
7.411028760729767,0,Tier 1,UK,100-300,2,57.38179648525508,87.6384126282921,Data Science,Tech,2.9870593368071177,120000
7.412038149044839,0,Tier 3,USA,300+,1,83.54304747432646,67.48848371868735,Data Science,Manufacturing,6.203146835426094,101705.3150771265
10,1,Tier 1,India,100-300,0,72.87911277221744,62.21719534932703,Core CS,Other,7.038852333386533,64978.311549082515
7.456712408554534,1,Tier 1,India,100-300,4,84.73574893561108,76.44670815899799,Data Science,Consulting,3.76217985111828,57075.3698256291
7.908452512144479,1,Tier 2,Canada,300+,0,86.10297422936978,88.15292203552764,Data Science,Healthcare,5.30841109170795,108446.98867948896
7.521113001044639,1,Tier 2,USA,100-300,4,69.95635582770012,77.23159818525303,Cloud,Tech,5.339706427631554,120000
6.747784604287723,1,Tier 2,India,100-300,3,65.028803666788,60.316025743586614,Cybersecurity,Manufacturing,7.699035514879564,44105.85437575445
7.607175376394614,1,Tier 1,Germany,100-300,0,77.27191952861212,89.75479040661381,Cloud,Finance,3.8739635138772006,108988.22203473435
6.381739828369943,0,Tier 2,UK,100-300,1,49.2066880053859,85.94579661797515,Cybersecurity,Finance,5.260098566818291,99424.3350126232
8.851726853338807,0,Tier 1,Canada,300+,0,65.47033196295752,66.09821170945453,AI/ML,Healthcare,6.448243554465427,120000
5.506187845926601,2,Tier 3,USA,100-300,2,77.12189333461404,94.23562717987978,AI/ML,Tech,3.7599943218045255,104692.73654392596
7.549008152299611,0,Tier 3,Germany,100-300,4,88.85558465046967,86.0427381067235,AI/ML,Healthcare,3.4530952775046178,75569.14066379011
6.622454507368453,0,Tier 1,USA,300+,2,65.5161219675849,62.29327810978094,Core CS,Consulting,4.900875232565505,120000
7.871160477573893,1,Tier 2,Canada,100-300,0,86.23042012147195,47.76835892013231,Core CS,Other,6.067040726726178,90866.31726711796
6.137804177656555,0,Tier 3,India,100-300,1,78.88679090441849,75.46894916931545,Data Science,Tech,5.845411381270892,42610.407587273425
7.543678199147741,1,Tier 1,USA,300+,1,86.078874662656645,58.278459320163734,Cloud,Healthcare,5.01979306440343,120000
7.17316687166558,1,Tier 1,UK,300+,0,80.7376876680774,68.4641013447243,AI/ML,Healthcare,4.847206047309911,120000
7.036457471923051,1,Tier 2,UK,300+,2,65.35672973833198,57.80644884605539,Data Science,Other,7.622015714557247,104485.19176937456
8.715155271460262,0,Tier 3,India,300+,0,71.01859610271056,85.41720054709856,Data Science,Consulting,8.51721584571833,48139.06280905946
7.507135217854409,1,Tier 2,UK,100-300,0,67.75856592206539,69.40843973649748,AI/ML,Finance,5.804438849117428,102929.99240187492
5.379885930673915,1,Tier 3,Canada,100-300,2,70.82520412995865,69.1040588350625,Data Science,Finance,6.011108652820341,80859.56256931539
7.149163451815542,0,Tier 1,UK,300+,2,73.54973577949849,59.76079171172088,Cybersecurity,Healthcare,6.113340940100703,109861.93196142318
6.47057082818529,0,Tier 1,UK,100-300,4,87.49386110424948,64.62012241225821,Cloud,Consulting,6.0915802208918395,100039.95522893124
7.681946667836979,2,Tier 2,UK,Top 100,3,59.68424560498119,72.98803697974839,Data Science,Other,5.696458529943027,117950.69429048285
6.9082108468264805,0,Tier 1,USA,Top 100,0,70.38190964087161,68.15956008127682,Cybersecurity,Manufacturing,4.210485710740789,120000
7.403989823184366,2,Tier 2,UK,Top 100,1,69.2633843638759,58.24740665995199,Cybersecurity,Other,7.133041693565513,99167.02801180987
7.692604155336097,2,Tier 3,USA,300+,2,72.54291951622022,69.32793966268979,Data Science,Other,7.545829954401534,101393.02283900073
6.039762874355379,0,Tier 3,India,100-300,2,75.15223113145197,66.72314407986684,AI/ML,Manufacturing,5.304287998499684,41018.338649111145
6.732399011327241,0,Tier 2,USA,100-300,1,71.01204764249738,100,Cloud,Consulting,4.379761741490588,101234.71545243709
6.620043751071235,1,Tier 1,India,Top 100,1,58.336286956697755,61.796607566660775,Data Science,Consulting,3.0765185014893333,61724.6030627617
8.4123633922248775,0,Tier 2,India,100-300,2,93.03537073501496,76.7080622148278,Cybersecurity,Manufacturing,5.394784713299389,51627.557599328335
7.323985368768764,2,Tier 1,India,300+,1,70.45417730705665,69.29530704365341,Core CS,Other,4.128195223140999,61149.175874776585
5.991292836531963,1,Tier 1,Canada,Top 100,3,73.66639507294161,81.31999863445247,Cybersecurity,Finance,3.221377546995534,111503.05759666588
8.697724957610106,0,Tier 2,UK,100-300,0,56.65971581156964,60.07817450422414,Cybersecurity,Manufacturing,5.602101035832313,92285.9691196364
7.825972208440918,2,Tier 1,Germany,100-300,4,68.85954719356971,72.6362287047857,AI/ML,Other,5.972718567625955,115837.49031902176
6.612612741706998,1,Tier 3,India,100-300,2,82.49392615196547,76.1868614202049,Data Science,Finance,9.6968761185881,41839.55474720675
8.013528919349298,0,Tier 2,Germany,300+,3,81.89024779880226,58.660127452065254,AI/ML,Consulting,6.396389206308855,102549.63468493208
7.61970724274347,0,Tier 2,India,300+,1,48.601423014188526,40.5016798544775,Cybersecurity,Manufacturing,3.0998221208497543,46795.31227060802
6.258455622737534,2,Tier 1,Germany,100-300,5,91.7677560779803,66.08888459533424,AI/ML,Finance,4.144691388931089,120000
6.95237971515056,2,Tier 2,Germany,100-300,1,77.94487886865942,53.73037532582456,AI/ML,Other,7.670874498912736,100457.31915144528
6.180489886932568,0,Tier 2,Germany,Top 100,2,59.301648485517696,66.58249198787635,Data Science,Tech,4.878481046152772,108298.58550090047
6.797945478885472,0,Tier 2,India,100-300,2,65.2745757807949,55.8679628231333,Cybersecurity,Other,5.0126262600214675,48538.78620553376
8.305929043145309,0,Tier 3,India,100-300,2,70.53874364445399,91.59867758568988,Data Science,Healthcare,6.210142436021437,47793.00733916109
7.104592461828873,0,Tier 1,Germany,100-300,4,97.97113380526054,71.38260625845287,Core CS,Other,1.6778364786999382,106656.0703935866
8.153018631252893,0,Tier 2,India,300+,0,70.19207111764821,50.764103739013976,Cloud,Other,4.758530884989384,46791.75008351903
7.930531001723968,0,Tier 1,India,Top 100,1,50.44657861446208,48.009759498743485,Data Science,Healthcare,5.538139681012669,63245.44691669413
7.008186448815669,1,Tier 2,UK,100-300,1,56.68801773114429,76.64586682054991,Cybersecurity,Tech,3.981533870267837,104010.86891853364
6.214793079161639,0,Tier 1,UK,Top 100,2,88.36695743774268,55.62299982697231,AI/ML,Finance,2.6536634597897586,120000
7.369682779410617,1,Tier 3,Germany,100-300,2,46.62968545952382,64.90853812166566,Data Science,Other,6.261883797746128,82324.63021934668
7.159247756458776,2,Tier 3,Germany,300+,1,51.545316871332815,81.23991139209402,Cybersecurity,Healthcare,4.568538017498561,66259.98417553728
7.529704539616837,2,Tier 3,Canada,100-300,2,62.00583720453603,48.500088286546344,Core CS,Tech,5.6326430508871335,95139.5407327494
8.268813452916282,1,Tier 2,UK,300+,4,61.02888346614485,57.65285822524027,AI/ML,Consulting,4.7648164734165,104827.8166736512
6.009747600938521,1,Tier 2,Germany,300+,3,69.04375359406001,69.59144538419297,Data Science,Tech,3.896092977801111,98038.61173393276
8.706426699725014,2,Tier 1,USA,300+,2,57.852507484557435,94.84556281001656,Data Science,Finance,5.233575277710903,120000
5.438329760381999,1,Tier 3,Germany,100-300,0,74.46718025109648,68.78003345227562,Cloud,Finance,5.074081640969893,65584.01166565724
6.878571923971533,0,Tier 2,UK,300+,5,89.44853832942863,62.93632886312619,Cybersecurity,Consulting,5.491815767868639,89584.49985770552
7.224793494188027,1,Tier 3,UK,300+,4,46.500457228287544,95.25418961772849,Cybersecurity,Manufacturing,6.2995990714108006,72979.06997207517
6.501840384143525,1,Tier 2,USA,300+,1,55.01430887702498,78.79954070564926,Cybersecurity,Healthcare,5.02095795926026,104682.199163584
6.83350219971418,2,Tier 1,India,100-300,1,77.84327299559118,48.72760082621639,Data Science,Consulting,7.539188286623617,63270.77144885872
6.528508194444631,1,Tier 1,USA,100-300,2,73.82241303186665,47.0974594127928,Cybersecurity,Tech,3.743326920402832,120000
7.67968167761682,2,Tier 3,Germany,100-300,0,93.0257901419278,67.48998733961083,Cybersecurity,Tech,5.706072068664769,75979.50463411213
7.285612388772038,3,Tier 1,India,Top 100,5,100,66.22491181102076,Core CS,Consulting,5.888462531640485,60133.299173142645
6.445672323791476,1,Tier 2,Germany,300+,2,82.14061579945438,68.2667547367139,AI/ML,Tech,5.97346140543452,92354.0140035163
7.503703073538889,2,Tier 3,India,300+,0,96.92233734987316,62.08008328501969,AI/ML,Consulting,5.002916156403044,46511.05504222801
6.336803991262342,1,Tier 3,USA,Top 100,0,67.1848435865033,70.22798790788535,Cybersecurity,Finance,1.6547360307036116,105650.24488385775
6.551855167842424,1,Tier 3,India,Top 100,1,78.04045517042454,74.92888561099481,AI/ML,Healthcare,4.451672872114107,46393.06380762012
7.597834884098609,1,Tier 1,USA,100-300,3,80.95304626466158,65.80554523909773,Data Science,Other,6.292144890732617,120000
7.488296212346772,1,Tier 1,Germany,300+,2,83.51684098967884,47.385167116350715,Core CS,Finance,3.5413326865477543,108126.3550624423
6.983278724828682,2,Tier 1,UK,300+,2,87.40562562731608,50.11114792747975,Cybersecurity,Finance,3.3698932265894985,111627.33331764083
8.02213191663074,1,Tier 3,USA,300+,2,80.97681206953534,51.92296199849855,Core CS,Manufacturing,5.465575843278412,99225.8870838358
6.838245878052884,1,Tier 2,Germany,Top 100,1,56.0939911318425,79.04069854729677,AI/ML,Consulting,6.168786302311319,106435.0219801087
6.825855037418224,1,Tier 1,Canada,Top 100,3,58.0717332157524,56.42161598972203,Cybersecurity,Healthcare,4.969364791195863,106706.05351753272
7.660333079190424,1,Tier 1,USA,300+,3,79.27082167081109,74.96807096797076,AI/ML,Consulting,6.978592625404381,120000
7.650807708800511,1,Tier 2,India,100-300,0,49.11670105120639,43.92230959565576,Core CS,Tech,4.9180770438791805,53897.652054957565
8.044383045723464,0,Tier 2,Germany,100-300,2,71.15426805733921,47.48415721772977,Cloud,Consulting,3.950584647761886,91045.79049935448
7.016803073306208,2,Tier 2,Germany,100-300,3,95.039649444172,77.07786685029957,Cloud,Tech,4.723219956014723,95365.94920946124
7.545562377035971,1,Tier 1,UK,300+,1,100,55.81362773125528,Cloud,Healthcare,3.1769037215845395,114945.62522101772
6.751786594725235,2,Tier 1,India,100-300,3,71.79379081766639,91.99421326065902,Data Science,Consulting,4.939996879226711,71061.63611427194
7.2593330819907536,0,Tier 3,Canada,300+,1,65.49054745984301,44.369439954903655,Core CS,Tech,5.900436827739208,76796.33472023801
7.077596771994174,1,Tier 2,Germany,100-300,0,80.2285843892043,49.89741122557599,Cloud,Other,4.562260125485912,78276.73476395507
7.476125620349531,1,Tier 2,USA,100-300,1,79.72040543679944,59.8183205323352,Cybersecurity,Healthcare,4.254773547037823,105748.63801778547
8.673909820548369,0,Tier 3,Germany,300+,2,58.635378504768944,81.03838439935286,Cybersecurity,Tech,5.135789304579979,77941.84193750133
6.195186094800238,0,Tier 3,Germany,100-300,2,52.91664695606794,87.91153307355745,Cybersecurity,Consulting,3.883827696998707,71392.52309998461
6.028649109769814,1,Tier 2,India,300+,2,67.81422354292258,58.817446904599485,AI/ML,Manufacturing,4.92564897070624,39595.79728898044
7.6333301551703485,0,Tier 1,UK,300+,3,58.78428821813364,42.14460548303782,Cybersecurity,Consulting,4.980339440818371,110769.7517493237
7.4992958536417245,0,Tier 2,India,Top 100,2,62.643123513723495,82.43181404903082,Core CS,Healthcare,3.942712485277512,43365.24427489538
7.502676407411424,2,Tier 3,Germany,300+,4,68.00977378602718,50.35857394123593,Core CS,Tech,6.082339273482317,75325.08180488413
6.282196502811335,0,Tier 1,India,300+,2,100,64.82804532056616,AI/ML,Finance,4.341845811530166,58953.10199106887
7.060643646554981,1,Tier 3,USA,Top 100,2,78.29227538197347,57.60391584636908,Core CS,Healthcare,5.298915840157676,83254.2364260982
6.45827063079031,0,Tier 1,Canada,100-300,0,82.26140418252774,53.85681666807149,Data Science,Consulting,7.779778102264625,119553.19498442372
7.780095786734201,1,Tier 3,India,300+,0,53.103348988119166,62.4812882183117,Data Science,Tech,6.48596490764755,43812.33553107179
6.8823540947982895,1,Tier 1,USA,100-300,1,66.5049962902571,54.77593046695572,Cloud,Consulting,3.9583296169963806,120000
6.339602242565991,0,Tier 2,Germany,100-300,2,81.48022204055523,67.34925855066754,Cloud,Healthcare,2.921202775489467,90810.511145221
6.742891326677605,1,Tier 2,UK,100-300,4,74.82016745983202,83.43123214519014,Cybersecurity,Tech,5.407928065037382,95369.86890039114
7.3303451634205,0,Tier 1,Germany,Top 100,3,100,30,Core CS,Other,4.219902254733096,108944.8080714936
6.54902035775682,0,Tier 3,Germany,100-300,1,81.3525797849135,70.01422960419,Data Science,Manufacturing,4.519621693200884,73919.35977213389
7.19494976919353,1,Tier 2,India,Top 100,2,70.83740787842164,70.1115622380881,Cybersecurity,Consulting,4.891848731829327,40766.966957230616
6.594445459703096,1,Tier 3,Canada,100-300,3,85.99418067640728,75.60554723201767,Data Science,Consulting,4.1610198159045275,89449.13887932403
5.8415325268021405,1,Tier 2,UK,Top 100,1,75.19291944764723,42.96199455059804,Cloud,Other,5.581039932294633,90386.38462635316
6.4252446229980515,2,Tier 3,UK,300+,2,88.4584992047991,80.4805536203347,Core CS,Manufacturing,5.908148562092281,72855.3065406843
6.829242278630522,4,Tier 3,India,Top 100,0,72.0744678484049,61.85734372149402,Cloud,Healthcare,5.409814021960968,31858.912235327694
8.180284973559642,0,Tier 2,India,100-300,2,48.907685573260835,69.71927911945873,Data Science,Tech,5.629652085527553,59022.50594821664
6.984787033677849,1,Tier 3,Germany,100-300,2,87.42792776291742,81.4779951739536,Cybersecurity,Consulting,2.6269755475779135,66922.26310396068
6.197976508289753,2,Tier 3,Germany,100-300,1,100,58.273124465328166,AI/ML,Healthcare,6.702258587691003,75663.42134574428
6.985189491206088,2,Tier 2,UK,100-300,5,96.78194060896924,69.29951844380967,Core CS,Healthcare,5.827617038646707,96674.79053551328
7.415477211392938,3,Tier 2,Canada,100-300,2,68.95155585884491,65.05982713350213,Data Science,Consulting,6.9965781124303,106791.4307559971
8.226191130402063,1,Tier 2,USA,300+,3,75.13340226336565,56.08449463641032,AI/ML,Tech,5.2003205892813424,120000
7.3213693776791535,1,Tier 1,USA,Top 100,2,83.5078866799556,84.48953267098915,Data Science,Other,8.139612204120523,120000
7.55211519336889,1,Tier 1,USA,100-300,1,60.361430142396294,100,Core CS,Consulting,3.43405253266522,120000
6.679023622491331,1,Tier 1,USA,Top 100,1,91.36337152260768,69.33633705768943,Data Science,Finance,3.1126469078924512,120000
7.078140878839065,1,Tier 2,India,100-300,0,66.98159616458051,59.87547624738668,Cloud,Consulting,6.173190119259634,44067.51213107459
6.381592172915627,1,Tier 3,Canada,100-300,3,61.39543581445757,74.36529742765825,Cloud,Consulting,3.4216765292560107,68735.71420237287
7.39839863299636,0,Tier 1,Germany,Top 100,1,71.73731390642878,73.55573711240278,Core CS,Other,7.191045682387323,112208.03329452904
8.160914886236034,0,Tier 3,India,100-300,1,61.03142187166808,48.48310639625903,AI/ML,Tech,5.956014460290246,48395.15544838896
7.767416660868165,1,Tier 2,UK,300+,0,59.11725332007198,61.77505525994968,Cybersecurity,Tech,5.7016767129726755,98823.12631827703
8.722545966009246,1,Tier 1,USA,300+,0,66.54157573711599,51.81934816949504,Core CS,Tech,4.849601794444036,120000
7.146673604590681,0,Tier 3,USA,100-300,5,61.05771823671452,43.10736011958713,Cybersecurity,Other,4.998914488652104,85225.98378746987
8.751842346574138,1,Tier 2,Germany,Top 100,0,73.72730370525825,76.09960562006349,Cloud,Manufacturing,3.028594674385287,95990.72972422812
6.353361371715879,0,Tier 1,USA,Top 100,0,75.95006200473554,67.88688400143192,AI/ML,Finance,6.215870682847974,120000
6.520485883644782,1,Tier 2,Canada,100-300,0,100,74.70158923286434,Data Science,Tech,4.992609738585472,109364.89107081672
5.300883420552155,2,Tier 3,Germany,100-300,0,35.67991167501156,65.07363789868741,AI/ML,Tech,6.246199579233829,77609.49557460079
6.579395982655392,0,Tier 2,India,100-300,0,42.457715081995985,49.59780347719001,Core CS,Other,5.556616209147729,40577.33426640056
6.392693870757041,1,Tier 1,Germany,300+,2,68.50934804713854,100,Cybersecurity,Consulting,4.37048219351367,90942.07688135176
7.120315029180966,0,Tier 1,Germany,Top 100,2,52.69085825860324,50.65303861409564,Core CS,Healthcare,6.537630239548028,103221.52800412606
7.273404780621728,0,Tier 1,USA,300+,4,57.29381491138398,85.23877811986216,Data Science,Other,5.412178516014057,120000
8.50093667137271,2,Tier 1,UK,300+,0,47.96198763309542,47.30186257659017,Cybersecurity,Finance,6.8327500596751,118822.08586804668
6.281268262921314,1,Tier 2,India,300+,2,87.03642124591849,56.87357474310215,Core CS,Manufacturing,7.001921840161424,52261.21545897618
7.393535337205204,1,Tier 2,USA,100-300,1,67.22215947065271,38.028336847066385,AI/ML,Tech,7.213580869293965,120000
5.943813434383486,1,Tier 2,Germany,100-300,3,71.7329966023616,56.16731230083967,Cybersecurity,Manufacturing,3.881746005495184,73678.10047906458
8.465167012683484,0,Tier 3,USA,300+,1,94.16995161682529,69.79937296843782,AI/ML,Other,6.832156146971278,108089.62716073956
7.943552096577029,0,Tier 3,Canada,300+,4,73.95248419214765,59.88345675767585,Cybersecurity,Tech,4.3692719951335075,83130.00557366271
5.629492376727298,2,Tier 2,UK,100-300,0,52.40815224232644,65.43512036364459,Data Science,Healthcare,4.3900010267393625,103391.59242056462
8.08309789933233,1,Tier 1,USA,Top 100,1,71.92326179784625,71.61609420432622,Cybersecurity,Healthcare,3.0623476029399117,120000
6.9083681237979055,1,Tier 1,Germany,100-300,2,61.23363207895005,65.26206164552909,Cybersecurity,Consulting,5.406846387480373,104988.71178477805
7.99025304957877,0,Tier 2,India,Top 100,0,71.32110374626254,54.59834493610181,Data Science,Healthcare,6.872961861972129,63202.66156327988
6.5204999816369815,1,Tier 3,Canada,100-300,0,66.24813586410652,70.39615451602586,Data Science,Finance,3.561385109776452,79370.9728807573
7.004194959774546,2,Tier 2,UK,100-300,1,52.60057613434275,63.68878602204286,Data Science,Tech,5.405308237954747,111462.85068222164
7.498279945877999,1,Tier 1,UK,Top 100,3,70.55383749428479,62.01750126604935,Core CS,Other,6.700729725455378,108264.2465597067
6.886096411982965,1,Tier 1,India,100-300,4,69.89005141524702,64.95108171945479,Cloud,Healthcare,5.1128212730569835,58861.373625961154
7.569291902471112,1,Tier 2,Canada,100-300,2,100,60.514168677908366,Cloud,Healthcare,3.090784339708481,85068.65234089611
8.022141457518806,0,Tier 3,Germany,100-300,0,73.06603163741626,56.21390564571555,Cybersecurity,Other,1.874875756761479,79323.22322932903
8.240921580418018,1,Tier 3,USA,300+,1,55.60166215716582,48.56920136597165,AI/ML,Finance,6.617383755743757,117858.46574753703
7.054014785128087,0,Tier 3,India,Top 100,2,76.77825740186351,100,Cloud,Manufacturing,6.987163699203162,50240.59268933253
8.64859833990559,0,Tier 2,UK,Top 100,3,83.75803061109376,54.949342699433224,Cloud,Tech,3.924707554458329,119025.56917316122
8.404272673954564,0,Tier 2,Germany,300+,0,98.31486829739096,93.83221967443126,Core CS,Consulting,4.320234967755537,92909.42847975128
6.800828681216741,0,Tier 3,Germany,300+,2,97.42314502784951,53.02329119874715,AI/ML,Manufacturing,4.827596040961595,76332.87294323319
7.777256760763485,1,Tier 2,Canada,Top 100,0,51.88106337409505,68.77751427973018,Cloud,Healthcare,5.312785650762383,88833.12628663117
8.09490524602588,0,Tier 2,India,Top 100,0,58.12122752673472,82.9876581580312,AI/ML,Healthcare,4.9357021885340435,52991.70754133439
6.228061231535916,0,Tier 2,USA,100-300,1,72.68950662777192,80.962873176686,Core CS,Consulting,5.808872001364939,100250.80410959506
7.548841167998751,3,Tier 1,USA,100-300,2,57.81086499190121,92.24887512812964,Cybersecurity,Consulting,8.391623866409747,120000
7.84673958947967,1,Tier 2,Germany,Top 100,2,68.035342878845,68.35455257629943,Cloud,Tech,4.111217768223891,99406.8421716149
6.784474532444354,0,Tier 3,India,300+,0,81.69429577512193,76.08705260074301,Data Science,Consulting,7.158038014531936,38943.824786295925
8.201885641676823,0,Tier 1,Canada,100-300,0,84.2217300527863,85.94773633105777,Core CS,Manufacturing,5.691014311356672,120000
7.0592758243358205,0,Tier 3,UK,300+,1,42.446430163201654,64.04958095561595,AI/ML,Consulting,5.822384837204249,81115.13660136766
8.302892436457034,0,Tier 2,USA,300+,0,64.00908810594049,66.6887722343159,Cybersecurity,Consulting,2.8241372476256927,106840.69387692086
6.955561840882705,1,Tier 1,Germany,100-300,3,44.35465988310094,63.70641319370931,AI/ML,Consulting,3.6804193988999,119727.11428242916
5.3460463199680985,2,Tier 2,UK,300+,2,54.58705653587334,83.94380530140675,Cybersecurity,Other,4.502396780023452,86041.05441743255
6.928703968389769,0,Tier 3,USA,300+,0,70.2047558222552,63.69281178313421,Data Science,Healthcare,7.283230750160148,103248.16813790702
5.956424399596117,2,Tier 1,Canada,300+,4,52.84526966503496,66.45834739920001,Data Science,Finance,4.333822675780826,112255.16632077863
7.293278596877479,1,Tier 1,UK,Top 100,4,58.80512994892931,81.95299394069151,Cybersecurity,Healthcare,3.3401776222907684,112623.28433136526
6.2480961709381155,0,Tier 1,Germany,300+,2,54.525423050159176,67.95357342762514,Cloud,Consulting,7.062848491803628,100464.9614574266
6.152629182488838,0,Tier 2,India,Top 100,2,68.43802802740805,79.76243875657512,Core CS,Tech,5.290209613583601,48536.32990392436
6.2114191629315645,1,Tier 1,USA,Top 100,4,56.43801922270892,63.582418876817265,Core CS,Consulting,4.698727380389133,120000
7.403237212414275,2,Tier 3,India,100-300,1,76.75063014907438,100,Data Science,Manufacturing,5.142379949768522,52153.87476282007
6.365701734190124,2,Tier 2,Canada,100-300,0,40.692012162207675,47.98812768364895,Core CS,Finance,5.324425859657985,86116.07307903604
6.171806142064501,0,Tier 2,USA,100-300,4,100,76.99061779447975,Cloud,Consulting,3.059546098389297,99356.43016984838
6.557080555722254,0,Tier 1,UK,100-300,3,96.050583916557,43.34365077005174,Cloud,Consulting,5.682573672114445,105004.06083533193
8.571780106333112,0,Tier 3,India,100-300,0,95.48243076967802,51.25633609404474,Cybersecurity,Tech,5.3506302147959,47103.09034368715
7.0282108415773825,0,Tier 2,Germany,100-300,1,70.6872428210251,54.81400024775837,AI/ML,Other,5.03368429779218,91892.21258693884
6.440219593605931,1,Tier 2,UK,100-300,2,77.39261110544048,67.56544943706804,AI/ML,Consulting,4.019264420764157,96846.70540391478
6.910137560247336,2,Tier 1,USA,100-300,1,56.81965963372814,38.548090530665185,Core CS,Consulting,6.007712908694353,120000
7.49133336003474,0,Tier 2,UK,300+,1,80.56403164897284,74.80539746422387,Cybersecurity,Finance,7.204981809746174,100407.81216420494
7.606006168037844,0,Tier 1,USA,100-300,1,47.242992135851424,71.1724779347278,Cloud,Consulting,7.525839926574112,120000
6.575599081911578,0,Tier 1,Canada,300+,1,62.19194308463781,85.14068322017164,Core CS,Tech,3.604804076460234,107313.80255047826
8.09349941395562,1,Tier 1,India,100-300,1,72.01101728050584,70.87260616785605,AI/ML,Other,2.124783872830744,69589.38179180701
8.315974170801027,1,Tier 2,India,100-300,0,59.04501389562865,57.0194190513358,Cloud,Tech,6.561402791651304,48881.74394111682
6.800771168354897,1,Tier 3,USA,100-300,2,69.59703812622645,55.305386058309,Cloud,Other,6.241597509877353,87543.6499064107
7.461245570444613,1,Tier 3,India,300+,0,85.69684710182285,53.70407115063808,AI/ML,Tech,5.482692205658326,47631.49364096443
9.46310464676419,0,Tier 2,India,100-300,3,66.68069718959806,66.0478349103643,Cloud,Tech,4.690976528242085,64832.055628469665
6.235567647519659,1,Tier 1,USA,100-300,0,71.3714697614603,62.829600727774704,Cybersecurity,Finance,2.9447844263478906,120000
7.162770908693778,3,Tier 1,USA,100-300,1,41.825533044058886,87.16391895132259,Cloud,Tech,7.2091282305317455,120000
6.394919403772557,1,Tier 3,Canada,100-300,2,59.0786676867619,30.64309176230389,Core CS,Other,5.261555189113928,63604.21925138717
6.482741692605979,0,Tier 1,USA,300+,2,100,58.98384163603952,Cloud,Healthcare,6.51130554659911,120000
6.134761597108484,2,Tier 3,Canada,100-300,1,66.97120983246297,86.14424515719378,Cybersecurity,Other,7.278567331273074,59102.7070720421
8.349713308058051,0,Tier 2,USA,Top 100,1,85.2936487756637,30,Cybersecurity,Finance,6.070892111141114,120000
7.061894646118095,0,Tier 2,Canada,100-300,1,73.62659980353733,53.93382344636038,Core CS,Other,4.735542062758991,86240.89092599867
6.847729057533114,0,Tier 1,India,100-300,1,59.90647501227697,40.37436134109786,Data Science,Consulting,4.153388590162534,62034.73129251302
7.740942038025313,1,Tier 2,Canada,Top 100,1,51.448220886984714,75.23481687846557,Cloud,Consulting,5.220302424133076,92752.97345809233
8.527533312376104,0,Tier 1,USA,300+,3,70.89410701259688,94.49408633745269,Core CS,Finance,5.190601696510361,120000
7.450375389352457,0,Tier 1,Germany,100-300,2,62.676500116725315,76.49749669862605,Core CS,Finance,4.634380021986978,106013.4150212056
6.526084860608905,1,Tier 1,USA,300+,1,62.19126502714326,77.73120365223879,Cybersecurity,Finance,3.2760517595294307,120000
6.33523990687117,1,Tier 3,Germany,300+,1,64.78239849397671,88.44081366530872,Cloud,Tech,4.204002298897048,73344.81549130037
7.216365460623871,3,Tier 1,Canada,100-300,5,73.18433513327592,100,Cloud,Finance,3.670382419066515,105233.68961355224
7.400733750099505,0,Tier 3,USA,300+,3,86.67580191620613,30,AI/ML,Tech,5.681876673793385,112360.14524917192
6.217955804161159,0,Tier 2,India,300+,4,77.17047132443014,75.51653049779488,Cloud,Consulting,6.366552814392607,39963.18840860009
7.079465844343381,1,Tier 1,UK,100-300,4,82.61892075549451,84.9219218334249,Core CS,Finance,7.370798421689762,117229.48471294528
7.434688153903948,5,Tier 2,India,100-300,1,54.44033208371586,76.0034891261736,Cybersecurity,Healthcare,4.668667943043452,41957.82353606125
7.456478934874528,3,Tier 1,Canada,Top 100,1,90.51726985650556,45.61546662412742,Core CS,Other,9.101905949098926,110136.07571350792
7.038467957329106,1,Tier 1,USA,100-300,2,69.09282101003684,65.74401209620747,Data Science,Other,6.38432924082961,120000
7.207778001377186,1,Tier 2,Canada,100-300,2,68.48949105531733,58.75706498691176,Core CS,Other,4.136214472394288,91304.42658766791
6.276546699916473,1,Tier 2,UK,300+,3,69.94252602755238,44.30062819287237,Cybersecurity,Tech,2.4844643691199697,89942.67212657336
7.510873967021899,0,Tier 2,USA,Top 100,1,64.60164878840706,60.06923505164649,Cybersecurity,Finance,2.0666379594824646,120000
6.0311870401900345,0,Tier 1,Canada,100-300,0,60.75228599081174,69.84560734911153,AI/ML,Healthcare,5.490818969636091,115602.23490372686
7.037918937053131,0,Tier 1,Canada,300+,1,56.85267305595841,64.7689187924447,Cybersecurity,Tech,5.471122293921286,105011.24941316032
6.3116693077728385,1,Tier 1,USA,Top 100,1,92.33836011899368,47.21617318793222,Core CS,Other,5.487376697722097,118644.61272514451
6.69235556461614,0,Tier 2,UK,300+,2,45.77467836521396,69.44657701899513,AI/ML,Tech,3.658207505840981,114493.78554514488
6.538486504381481,0,Tier 1,UK,100-300,2,64.1789680557343,67.71953367465628,AI/ML,Healthcare,5.624170589063107,116334.90810619264
7.668553689652113,2,Tier 2,Germany,100-300,3,74.27097616508286,52.42229551206848,AI/ML,Other,3.7704136491278177,101784.5089882835
7.423843342332226,1,Tier 1,India,100-300,1,73.9291162588006,74.08362946130165,Core CS,Tech,5.648390693997257,60777.16912417254
8.15325489652632,0,Tier 2,Canada,300+,1,70.06614094833157,78.30072191746972,Data Science,Tech,5.070007499596927,113582.6817945421
5.022684399898169,1,Tier 1,Germany,Top 100,2,85.1762595844275,67.56147150665176,AI/ML,Healthcare,6.414997055122396,113548.74700813123
6.362483795623619,1,Tier 2,Germany,300+,1,68.56870722017258,74.20715815401566,Cloud,Tech,5.79604130527112,81951.46021122116
7.461657701744432,2,Tier 3,Canada,100-300,0,67.61594286681289,65.334490127836645,Data Science,Healthcare,4.662437045422419,81529.2466019765
6.837563691165606,0,Tier 3,USA,300+,1,76.17000532386757,70.79594550354982,Cybersecurity,Healthcare,2.924887083482974,88123.82185598426
7.296916698697047,0,Tier 1,Canada,100-300,1,74.6599816294776,59.2134968705323,Core CS,Finance,7.1085101209690205,113440.6291725516
7.0692718299783195,0,Tier 3,India,100-300,0,50.41399985666325,63.353032044659706,Cybersecurity,Healthcare,6.952584680747262,38649.923017289846
6.875458211686336,1,Tier 3,USA,100-300,1,74.94740714653744,75.41179103005832,Data Science,Tech,6.4084188512657425,112215.31514975749
7.270082129660162,1,Tier 3,Canada,100-300,0,54.13038275152534,46.969069367253525,Core CS,Manufacturing,6.510746732039438,70769.44769988739
7.315561713902637,2,Tier 1,USA,Top 100,3,53.2395494060608,78.54598848681599,Data Science,Manufacturing,3.948243114903173,120000
6.663212415343789,0,Tier 1,India,100-300,1,71.07474822519706,52.59977000367942,Cybersecurity,Consulting,4.739049595434205,61366.868592368366
7.960971137731156,2,Tier 3,UK,300+,0,46.60121448890974,62.72629816051767,Data Science,Other,8.645253727908104,83546.07050543264
6.673539701582759,0,Tier 2,USA,100-300,4,78.15693513232196,79.30538062332262,Core CS,Tech,6.948459463293231,106426.31152867177
6.1935309512660766,3,Tier 1,India,Top 100,0,67.9760209433192,79.58458840517974,Cloud,Consulting,4.712619093772053,50415.065411577576
5.503366463179315,1,Tier 3,Germany,300+,0,75.66289109134414,63.6708975862574,Cybersecurity,Finance,6.128631972526331,68499.92326772233
6.7187892127669535,1,Tier 2,USA,Top 100,1,74.11825584289372,52.92427680158039,Data Science,Healthcare,4.894742633796777,116640.9093084887
7.014734703351642,0,Tier 2,USA,Top 100,2,76.39955349853612,75.54973169578714,Cybersecurity,Manufacturing,4.721807515245578,107922.59925510603
8.341149849820226,2,Tier 3,UK,100-300,2,54.86065094616911,73.8073303195707,AI/ML,Finance,5.022602953199678,103088.69829789008
7.663524464946791,1,Tier 3,UK,300+,0,79.33517071009774,77.73685633876651,AI/ML,Healthcare,6.919608901266919,81449.8380375106
7.616692155109574,0,Tier 3,USA,Top 100,3,74.12507878064733,75.56021457444184,Data Science,Manufacturing,6.805293234508687,110156.87932094302
5.817131003376127,1,Tier 2,Canada,300+,2,87.49810776472353,69.58595660701438,Cybersecurity,Healthcare,5.350552806448295,80052.6470086351
7.9150032345655434,0,Tier 1,Germany,300+,1,82.05661406174819,53.547829384235506,AI/ML,Healthcare,7.12495756382922,118146.07870368737
7.270797125995531,0,Tier 2,Canada,100-300,3,68.8649851861951,52.79172443878879,AI/ML,Finance,4.77076169828863,111775.48238281468
6.667769668879359,1,Tier 2,Germany,Top 100,0,47.10498647304731,46.77447707329218,Core CS,Healthcare,4.06642935433846,80008.10904163036
8.816554286243516,0,Tier 3,UK,300+,1,86.2192372963228,56.76188470624879,AI/ML,Healthcare,5.652445734635201,98042.266182735
7.145493004046796,2,Tier 3,Germany,Top 100,1,70.62780280264558,53.18266469358986,AI/ML,Finance,6.089644338151386,81725.81887174792
7.664268653235396,1,Tier 1,Germany,300+,1,69.33998058596963,64.1979007972832,Data Science,Consulting,4.373478334134527,113783.8199701511
6.315132939272906,0,Tier 1,UK,100-300,3,84.84585003709932,73.74466529309454,Data Science,Tech,5.036555275494255,120000
6.617874042587907,0,Tier 2,USA,100-300,3,77.90342902686098,67.08595318502411,Core CS,Finance,4.17549976869697,112817.45777236286
7.383183860597113,0,Tier 3,USA,100-300,0,77.4016741506215,67.36085140273394,Cybersecurity,Finance,4.165640208287331,86879.34967144967
7.2669296842295585,1,Tier 1,UK,300+,1,72.67935533931583,71.43862818298459,Core CS,Consulting,6.802073103683353,115837.58609405311
7.830031955406319,1,Tier 3,USA,100-300,3,88.41800860627603,66.26133676649361,Cybersecurity,Consulting,6.411724945764916,91148.50623206074
6.216989027374154,1,Tier 2,USA,300+,3,58.41379702496645,75.27720839639788,AI/ML,Healthcare,4.333060917092071,118834.78290066638
6.6445653919391106,2,Tier 2,USA,300+,2,62.60333132212091,66.34796072068131,Cloud,Manufacturing,5.339149923068777,96377.4068612954
7.301840394435882,5,Tier 2,Germany,100-300,5,77.48076979257453,60.47252955066624,Data Science,Tech,6.18924969129699,106453.08201503972
6.2622677406579,3,Tier 2,Canada,100-300,3,61.71651162671137,72.5314245127713,AI/ML,Finance,5.040927959698562,91027.75185300394
7.695684736084528,0,Tier 1,Canada,100-300,1,90.812750764821,71.6425577475481,Cloud,Other,3.3993861979805233,113176.4607174028
8.08451028704396,0,Tier 1,Germany,100-300,1,66.33354912167306,67.58382158922677,Cloud,Other,7.496280230008341,101429.16446531548
7.33074792257896,0,Tier 2,Germany,Top 100,2,74.10722329426652,58.26053244693073,Data Science,Manufacturing,6.872892596054592,97408.13412906512
8.501436650046452,0,Tier 2,Germany,100-300,0,67.30903962979941,75.91958639376244,Cybersecurity,Manufacturing,6.913892949150198,94936.31757094526
6.004276237350866,1,Tier 1,UK,Top 100,2,76.20140135168712,74.5184525177479,AI/ML,Consulting,5.934405860137165,107228.0962964315
5.577023800876577,1,Tier 3,Canada,100-300,2,79.87702694169295,46.835279609922466,Core CS,Healthcare,4.74719323532752,65305.56371183273
8.196835449191347,1,Tier 1,India,Top 100,2,62.83349876273267,76.35617686219474,Core CS,Healthcare,3.7138583784211776,69659.96493770639
7.523492525083246,0,Tier 2,Germany,Top 100,2,93.60892542483488,67.2943402876287,Cloud,Consulting,3.990578608309933,85719.13960957096
6.955532263271636,0,Tier 2,USA,Top 100,2,79.85296119911192,69.89550237538279,AI/ML,Manufacturing,4.4072711542135465,120000
7.223974901055856,0,Tier 1,Canada,300+,1,56.472178459931904,86.15671382634473,Core CS,Manufacturing,6.236006954783502,107646.9942131063
6.099608762161298,0,Tier 3,Germany,100-300,1,72.47476137139246,63.574728172883226,Core CS,Manufacturing,7.112624642532084,59714.221241118124
8.95660158369346,0,Tier 2,USA,300+,1,94.76052430322372,66.05295365050418,AI/ML,Finance,7.663705974925084,120000
7.580613299118953,1,Tier 3,India,300+,1,66.28886183629221,52.70004877597417,Cybersecurity,Tech,3.1466773849920964,47232.52574959064
7.384807385389371,0,Tier 2,India,100-300,1,67.3994894473744,61.75129111742571,Data Science,Other,7.617473099042911,56960.45278119286
8.505619597180027,0,Tier 1,Germany,100-300,1,60.2659332791163,58.638919107006075,Cybersecurity,Tech,6.041072152863997,115095.66494601456
8.076336036923982,0,Tier 3,Canada,Top 100,3,89.36903961950993,61.64331531967675,Cybersecurity,Consulting,6.172316347866934,79583.551384186
8.274549301311518,0,Tier 2,Germany,100-300,1,65.03245700003593,63.21185253364671,Cybersecurity,Finance,5.75402334323742,94287.36152058712
6.591027458855052,1,Tier 3,India,100-300,3,42.956491330563125,71.82354908172552,Cloud,Finance,2.2760221554638616,39198.39911947553
7.044579929830956,1,Tier 3,India,Top 100,5,83.32549977356415,62.153540126523296,Core CS,Healthcare,4.169081680344113,40943.6646767278
7.875353214776759,1,Tier 1,India,300+,1,47.658619119908295,84.19297402474349,Cloud,Manufacturing,6.382635198710683,53115.13738463061
8.22364025556849,0,Tier 3,Canada,Top 100,0,43.69016161993807,56.97179033388922,Cybersecurity,Other,7.429537595390674,78031.92431949751
6.658495144042064,2,Tier 3,Germany,100-300,1,92.53779397393085,76.19224330778641,AI/ML,Tech,5.747010827287544,89574.96434574858
6.190316499791866,1,Tier 3,Canada,100-300,3,44.570948258212795,39.10577353651335,Cybersecurity,Manufacturing,5.202784304669133,80650.25359058588
5.676114662507384,1,Tier 2,USA,100-300,1,56.03215547209129,55.33869147770659,Data Science,Consulting,5.6874446637742455,108276.34778037856
7.0586543737507235,0,Tier 3,USA,100-300,3,92.22868779913256,75.8521837103307,AI/ML,Manufacturing,6.093826326280696,105592.48898025427
5.968031280207157,2,Tier 3,India,100-300,3,73.69228046678552,88.67616857718826,Data Science,Healthcare,5.753359393353732,43498.72436277403
6.7313722405678975,1,Tier 1,USA,300+,3,76.56473267842266,67.60219339425743,Data Science,Tech,5.899935799651486,120000
8.335217220231515,0,Tier 2,Germany,100-300,2,69.33664079215173,57.286756090781104,Core CS,Tech,4.720383031540227,101733.2676751244
6.792326918909116,1,Tier 2,Canada,Top 100,1,80.26720144879933,92.93494673206196,Data Science,Consulting,4.702142488156942,101811.96908564452
5.797485637505515,2,Tier 1,Canada,Top 100,4,69.26897464162874,72.99186976245264,Cloud,Tech,4.264141411219321,111912.05414315012
6.781821144201864,3,Tier 2,UK,100-300,3,53.72546707031567,89.03261595837958,Cloud,Other,7.02521229362957,89793.73470901474
6.815252375833057,1,Tier 1,UK,Top 100,1,54.8600478347471,79.70497832680971,Cloud,Finance,4.105538576075725,120000
7.556965091850735,1,Tier 2,India,Top 100,3,83.86389716823709,57.307515924218016,Cloud,Manufacturing,4.882495209180587,51889.02326481247
8.479164875956275,1,Tier 2,India,100-300,4,54.84448488531136,45.99741864737484,Cybersecurity,Consulting,4.231149457688627,38197.50068699336
7.901252023638206,2,Tier 2,India,Top 100,3,66.5450312553031,74.4206104913561,Cybersecurity,Consulting,3.8462534099073338,51484.883207114435
6.784889047556136,1,Tier 1,Germany,100-300,3,30.838659784077223,73.43595735671995,Cybersecurity,Other,5.975410889895333,100049.67856021704
6.114779273006664,0,Tier 2,UK,100-300,2,69.58348123331395,55.66510152863264,Core CS,Tech,4.904006882380552,101673.85080511186
9.058687842599888,1,Tier 2,Canada,300+,1,76.46664997011067,66.7158007834162,Cloud,Consulting,9.40456704813446,96485.61348208765
7.047374747211591,0,Tier 3,India,300+,3,80.82030207753012,66.53324166512479,AI/ML,Healthcare,3.830954876936791,40280.21819880535
7.011143433530357,2,Tier 3,Canada,100-300,5,72.15169213433275,60.18787547574726,Core CS,Healthcare,5.5787069464339964,77220.00612350537
6.980699930311998,0,Tier 3,Germany,300+,1,70.66105396969662,67.74762976415785,Data Science,Healthcare,5.828116798514886,73602.852380333
7.158467808614284,2,Tier 2,USA,100-300,2,69.79740598622946,89.18204031011115,AI/ML,Manufacturing,4.614774667426428,117568.56844389986
6.884511670460846,2,Tier 2,Germany,Top 100,4,60.3577014253502,64.9700279767695,Data Science,Finance,3.3567787584165663,108703.78040087274
6.541070394495811,3,Tier 1,Germany,Top 100,2,73.90571926353125,98.7572468912019,Core CS,Finance,4.720231007774787,112827.79209092924
6.562512847007686,3,Tier 3,UK,Top 100,1,96.00864358888644,66.02295478094814,Cybersecurity,Other,5.699181866318201,74776.04962503222
6.973797383827201,1,Tier 2,India,300+,1,83.38227225220129,55.049276054944094,Core CS,Finance,3.994898496636904,43304.48125181782
6.565260183092988,0,Tier 3,Germany,100-300,0,75.56843026315477,95.9615995693526,Data Science,Manufacturing,4.505463765213797,83735.81889092122
6.796018226063316,2,Tier 1,USA,100-300,2,85.77172677843066,77.65278580463728,Cybersecurity,Tech,6.876676372288492,120000
8.203194390866152,0,Tier 3,USA,100-300,1,83.34720391775699,100,Core CS,Other,5.602045341137565,93130.70747186575
7.996868153998103,1,Tier 3,Canada,Top 100,2,79.73659627212774,53.51877705109887,Cloud,Other,5.528540974120086,80984.92024126276
5.34128781407348,2,Tier 2,Canada,Top 100,5,95.75514992822174,63.9312160020805,Data Science,Tech,6.306592342687038,100130.36112466444
6.725849924735721,1,Tier 1,UK,300+,2,100,52.7068629325906,Cloud,Other,3.6021598602716507,106018.74604013984
6.3777466499273,0,Tier 2,India,100-300,0,58.25288661645136,45.67552078377439,Data Science,Consulting,6.828309902754429,41339.38896466141
6.111539323627337,1,Tier 3,USA,100-300,1,69.12334703177883,84.2198077878461,Data Science,Finance,6.182876429852205,96687.39575319484
8.401816354738898,1,Tier 1,UK,300+,1,98.41422055574782,52.16716225452706,Core CS,Tech,5.855727520973606,120000
7.748542714517969,1,Tier 3,UK,100-300,1,93.01161679883504,70.37471676887753,Cloud,Manufacturing,5.673647963172748,79767.66108448883
8.017244075995327,1,Tier 1,Germany,300+,1,74.96580460901907,79.21079660087881,Core CS,Finance,5.181096683357907,106223.97750676416
7.577337651234588,2,Tier 1,Germany,300+,2,76.28770221229293,62.3715099686866,Cybersecurity,Manufacturing,6.87267263753662,105398.10901810275
6.580383786976181,0,Tier 1,UK,300+,0,88.81917197990396,51.2488110961736,Cybersecurity,Tech,4.783941971930717,114697.07150977768
7.391499648982334,0,Tier 3,UK,Top 100,1,61.66803533572154,79.05250441963523,Data Science,Other,6.06786947063744,90073.49025084946
6.022297752886444,0,Tier 3,Germany,100-300,4,79.89210508581189,81.65281232780342,AI/ML,Finance,3.595030634853156,77865.64741528411
6.807739681473492,0,Tier 2,India,100-300,0,60.33306082620569,87.255120231778,Data Science,Consulting,6.304494967467023,55771.06626529332
7.568767974562793,0,Tier 3,USA,300+,3,65.07318270009391,57.22388565672844,Data Science,Consulting,6.566656056199219,103764.592149145
7.355410649188832,0,Tier 2,USA,100-300,0,73.87775720823907,71.835201807249,Core CS,Consulting,4.602166660648449,108552.16973225107
6.711227067344736,0,Tier 2,Germany,Top 100,2,64.3686475635465,32.83877811310027,Cloud,Healthcare,3.0966686686585314,93830.35252697332
7.927463842691399,1,Tier 1,USA,300+,0,74.92913950037791,69.29311821341737,Cloud,Manufacturing,7.326564044912272,120000
7.492748485555411,1,Tier 1,Canada,100-300,1,73.41203031106781,74.19910603989847,Data Science,Finance,6.824662118968398,120000
7.474481006374707,0,Tier 1,Germany,100-300,1,74.88232916261208,63.47079555360078,Cybersecurity,Consulting,9.474218118263668,95775.27461601804
6.752362848548808,1,Tier 3,UK,300+,1,91.68686364101582,81.00129663178313,Data Science,Other,7.480975334553112,77019.60257689877
7.260906417793694,0,Tier 1,USA,Top 100,3,61.38906189835708,52.67086003146497,Cloud,Finance,4.615982676531316,120000
5.9991091388917575,5,Tier 1,UK,100-300,2,100,74.357824122414,Cybersecurity,Tech,7.004758257001714,119090.7967811319
7.739221615365521,1,Tier 2,USA,300+,3,63.67306132333197,61.03524163616992,Cybersecurity,Finance,6.92934256462722,111820.40945303989
6.852078290845609,0,Tier 3,USA,100-300,2,59.964534794313835,39.57412991281198,Cybersecurity,Tech,3.718035923610072,94752.55194429746
6.581821583584769,0,Tier 1,Germany,300+,2,67.38817294602,55.17197612159987,Core CS,Consulting,3.412127797873981,87891.75777655438
7.839207380669512,1,Tier 1,India,300+,2,78.93819535687484,66.9260584854726,AI/ML,Manufacturing,5.6262277644542955,61427.742307308115
7.484807961076512,1,Tier 2,UK,300+,1,35.177211933389756,65.69627655232654,Core CS,Other,5.478999239177652,91107.60045919471
8.403835345587492,1,Tier 2,Germany,Top 100,3,64.87975924066676,63.020122131870615,Data Science,Finance,6.787812671024037,118028.93768289548
8.35716509463203,0,Tier 2,India,100-300,3,81.28616658629073,100,Cybersecurity,Manufacturing,5.618079821990274,51663.8050125995
7.168813973762095,3,Tier 3,USA,100-300,3,68.499244049915,31.807524285710315,AI/ML,Consulting,4.766770855105285,99170.56835115464
7.319308891481657,0,Tier 2,Canada,100-300,0,50.68375908341964,60.832006700583776,AI/ML,Tech,4.008790810530595,107426.02275153622
7.8826415056132175,2,Tier 3,Germany,100-300,1,81.6529567646636,61.859812537663274,Data Science,Manufacturing,5.326357016046215,82612.65722594023
7.091382118929632,0,Tier 1,USA,300+,0,97.45354371894706,62.632360603302274,Cybersecurity,Finance,4.137202772349811,120000
7.120241409169502,0,Tier 2,UK,300+,5,47.22030208436817,92.0115845930437,Cybersecurity,Manufacturing,4.996329481938381,91945.8709970614
6.709110230228915,0,Tier 3,Canada,300+,1,73.84786834362198,47.98487578024663,AI/ML,Tech,4.362771938678099,81951.51557760192
6.954443501023146,3,Tier 3,USA,100-300,0,64.1552462509329,62.4857610663841,Cloud,Healthcare,5.646114996751274,80271.16869959144
7.594611275218172,0,Tier 3,India,300+,2,63.82100877044595,62.04196238901597,Cybersecurity,Finance,3.703322159232768,34938.79258665978
7.136692350502353,0,Tier 2,Canada,300+,5,74.50250294205162,51.763924894733165,Data Science,Other,5.505250875760607,98179.28883760177
6.852813330917857,0,Tier 3,Germany,Top 100,1,65.96114652089803,95.41160648384722,Core CS,Finance,4.73195699267356,81023.48949937198
7.014747146452314,1,Tier 1,Canada,300+,1,42.68180968144709,56.30019355204654,Core CS,Tech,5.8793546705458954,98655.96061577465
6.5681922557525105,1,Tier 2,India,300+,1,80.28944157812418,54.41709785006747,Core CS,Tech,6.9761621319824725,49523.75290957197
7.326602204571578,3,Tier 1,Canada,100-300,4,61.41553316564796,58.11241784927422,Data Science,Other,5.21847180793271,117875.69888896744
7.823324509860515,1,Tier 1,UK,100-300,1,67.63692588158398,86.89433992118353,Core CS,Healthcare,4.588782256394135,118024.57154470372
7.378077985930434,1,Tier 1,USA,100-300,5,49.5600339264494,52.921482982089415,Core CS,Manufacturing,4.148102642111033,120000
7.204823787451101,0,Tier 3,USA,300+,1,55.26210101936163,75.56444024608479,Cloud,Tech,4.401350282928996,106009.01415858336
7.786152787156411,2,Tier 2,UK,Top 100,1,79.11540567594437,45.92796391268345,Cybersecurity,Consulting,3.858862437367305,101137.36039057904
6.500145137843457,0,Tier 1,Canada,300+,2,42.2888994227181,77.9295503150285,Core CS,Healthcare,7.209598427775881,106627.20534994436
7.020872840168667,1,Tier 2,UK,300+,2,68.90650971406333,79.1934126556195,Core CS,Other,6.437383594252046,85602.28285034366
7.414127216375299,0,Tier 2,Germany,100-300,4,76.98290118197029,95.60501893245672,Cloud,Finance,6.892419350937877,89673.26684663241
6.510785757606442,2,Tier 3,Canada,300+,3,78.16160159804488,66.93599157034683,AI/ML,Consulting,6.1111139846463445,68769.89864576187
6.219301397618134,0,Tier 3,Germany,300+,1,70.76913687329191,61.99314121148781,AI/ML,Finance,8.71741440556469,78342.30970339202
7.842913437286271,3,Tier 1,India,100-300,1,55.65980173036792,56.63053691307684,AI/ML,Tech,5.310797794341525,71245.40496459107
6.240480888934446,2,Tier 1,Canada,300+,3,78.4571960838822,81.65834894869194,Data Science,Manufacturing,6.433080468888647,113732.5107064024
9.105905651869913,0,Tier 3,Germany,300+,2,84.61421687463505,65.30766445625407,Core CS,Tech,5.397168443054906,82390.86573441447
7.394654320704712,0,Tier 3,India,Top 100,0,71.27312660611153,81.77438864122388,Data Science,Tech,6.566986883074834,57942.82223425133
7.147868898955899,2,Tier 1,India,Top 100,1,67.11371956490085,50.87679339288721,Cloud,Other,5.195594089992536,56018.10858157444
6.313313775855029,0,Tier 3,USA,100-300,4,94.82246331087318,66.2533835230176,Cybersecurity,Manufacturing,6.1540794676363895,87364.06074027561
7.560247903527193,0,Tier 2,USA,Top 100,3,56.86259659305516,55.24035373023607,Cloud,Tech,6.09999751100064,120000
6.539489739009781,0,Tier 3,Canada,100-300,2,62.99004477382386,61.413179160447555,AI/ML,Consulting,3.898751773692524,89918.72052647975
7.0976078517162895,0,Tier 2,Germany,300+,0,76.70155226220238,79.67496573691258,Data Science,Finance,2.952525217774315,101923.07511475084
9.048067630615035,0,Tier 3,USA,100-300,2,66.17014522193082,87.25129741227094,Data Science,Finance,2.2343695051240364,120000
6.92315208022028,2,Tier 3,Canada,300+,2,74.64762933794816,85.37277470255886,Cybersecurity,Finance,5.598891634964858,75637.37141584858
7.919418661028541,0,Tier 1,USA,300+,2,84.82417655156489,51.766655153334575,Cybersecurity,Finance,7.301762737624546,120000
6.43745885989929,0,Tier 1,Germany,Top 100,3,52.52866123549053,76.30099100099197,Cybersecurity,Consulting,5.714294741154045,101102.34412560656
8.416640508508408,0,Tier 1,Germany,Top 100,1,94.4945057331945,76.75722892926085,Cloud,Manufacturing,7.931510135238257,113467.40425236296
6.498426353769786,0,Tier 2,USA,100-300,1,73.67654440211619,48.04034604020649,Cloud,Tech,5.615320908749014,110965.00534750913
8.449958846397543,3,Tier 3,Germany,300+,5,68.79359050273051,69.88550529994198,Cybersecurity,Tech,2.0897605016402276,76477.52715411127
6.5500265792845855,0,Tier 2,UK,300+,2,81.9024337164655,80.0074290631813,Cloud,Healthcare,3.848415628798402,90240.68455050264
7.505926191244416,0,Tier 2,India,100-300,3,57.23715251872179,50.32008785191405,Data Science,Manufacturing,3.0737982852475336,50234.65460385877
7.497447969773757,0,Tier 1,India,100-300,1,62.656338808564705,74.82328658626838,Core CS,Consulting,5.092943573747938,57837.17902362425
6.418290259340105,1,Tier 3,Germany,100-300,0,52.13213360723618,58.54023381937956,Data Science,Other,3.633084593550445,75589.20092160505
6.801985091558796,2,Tier 3,UK,100-300,1,68.86724851138942,69.69880955651638,Core CS,Manufacturing,5.353084634629105,71578.59104954013
6.940453256719963,1,Tier 3,UK,300+,2,70.29759754301654,78.4542293506835,Core CS,Consulting,3.67677929951154,68965.23177542129
7.496537678040543,0,Tier 3,Germany,300+,0,56.09345320203591,89.79391565583416,Cloud,Manufacturing,5.247514275445555,81337.35146232016
7.142160800746603,0,Tier 2,Germany,300+,3,59.485641579526416,78.94330655794107,Cybersecurity,Consulting,4.629744160380181,85684.63346762172
7.304158280804771,0,Tier 2,India,300+,3,64.22134033259161,72.62878661608403,Cybersecurity,Other,4.121509178900837,38818.97131252182
7.447832358344832,1,Tier 2,USA,300+,0,37.60226311508092,72.20717851582151,Cybersecurity,Healthcare,4.659834450241144,119949.18093945876
7.864624580443698,1,Tier 1,Germany,100-300,1,75.07074793151844,65.12752370870486,Core CS,Manufacturing,8.484896183400572,105995.0997036894
7.217263069756299,0,Tier 3,UK,Top 100,2,33.14300150781612,81.7607289774581,Data Science,Consulting,3.0287701947478265,87926.30329619498
6.968355876914676,1,Tier 3,India,100-300,0,87.28599795416169,54.81033284741161,Cloud,Tech,5.639478082104934,40522.345675185505
7.023804911596597,1,Tier 1,Canada,300+,1,75.34423421483697,69.79213070117949,Data Science,Finance,6.157554142675544,120000
7.750627044780798,1,Tier 1,India,Top 100,2,56.00187580068043,77.51703085804405,Core CS,Other,6.173587256204252,55704.00381570888
6.587164217426101,0,Tier 2,USA,100-300,3,77.30879444759212,62.62827113598335,AI/ML,Consulting,3.9766174299039903,118946.36501286904
7.076896621552787,1,Tier 3,UK,100-300,2,95.87201937356694,55.0581183665402,Data Science,Tech,4.891613330242873,98932.17286695116
6.752662301225088,2,Tier 1,UK,300+,1,75.82205370512678,61.74403100891146,Cloud,Manufacturing,3.999623825070128,103386.29849150106
7.17770701730697,2,Tier 1,USA,300+,3,65.99949528217559,56.94027388536743,Cloud,Finance,5.58043259695969,120000
6.617001102669218,0,Tier 3,India,100-300,0,68.60293339953901,31.134701016880527,AI/ML,Other,5.759676759102067,38681.44804240403
8.004604900458817,1,Tier 3,Germany,300+,3,73.09326580794387,85.29744367828775,Cybersecurity,Manufacturing,4.821492828182712,67871.18689679643
8.157582307482986,0,Tier 1,India,300+,2,61.42129600425383,79.59632394476162,Data Science,Finance,3.419874648039066,66561.41454574288
7.15724382120926,1,Tier 2,India,Top 100,0,48.74131068990776,70.8203768332439,Core CS,Tech,3.257853246193425,51976.404475640506
7.825475631574908,2,Tier 3,Canada,100-300,2,62.29995007760588,54.721162725315835,Core CS,Healthcare,4.598712787022976,77744.35777860621
7.213640212695407,2,Tier 1,India,100-300,1,94.96384373666974,65.31194768970646,AI/ML,Other,2.107168785010769,62620.08507123817
7.71170463649875,1,Tier 1,India,300+,2,64.61011514918907,86.52160364919656,Data Science,Tech,4.706341488160257,66312.09134937727
7.06582719142034,1,Tier 3,Canada,300+,2,72.14399525362325,66.73213734425892,Data Science,Finance,2.8292845479072053,87827.4956788046
7.852384300052281,1,Tier 1,UK,100-300,2,53.1144371571489,65.26576234071375,AI/ML,Tech,8.444837188084742,120000
6.586169239919702,2,Tier 2,Germany,100-300,1,38.87717462049264,51.931865463578575,Data Science,Finance,2.670250038894727,104048.0050240792
8.127477952148464,2,Tier 3,USA,Top 100,3,53.12185684758294,84.44904994396501,Data Science,Finance,5.198263060858108,108432.7413047082
6.643597982879383,0,Tier 1,USA,300+,1,59.44311092633291,85.28499507344459,Core CS,Healthcare,1.472225977943544,120000
8.16270758169416,3,Tier 2,India,300+,0,68.71653620011392,65.86213658527147,Core CS,Tech,7.473227509032479,52410.138006294816
8.26365771658457,0,Tier 1,India,Top 100,2,75.90261616161074,69.42119579546073,AI/ML,Tech,9.03823964800572,79040.76374570098
6.663850546323314,2,Tier 3,USA,Top 100,3,81.89075165194949,44.94018979223759,Cybersecurity,Finance,5.079199407390566,96889.86206269692
6.972252090090575,1,Tier 3,Germany,300+,3,76.15101356338143,63.53809595015644,Cybersecurity,Finance,4.193877528470482,70741.33621308363
8.240400394251262,0,Tier 2,UK,Top 100,0,55.87677787559828,60.27514044761695,Cybersecurity,Other,5.764580244526895,113466.2610896077
7.787457918781267,1,Tier 1,UK,100-300,0,69.87551826294987,33.11359079454144,Data Science,Tech,8.048488620721155,120000
6.828808924619593,1,Tier 2,India,Top 100,3,91.37052382808052,88.05554679470518,AI/ML,Manufacturing,2.5109622284057314,63863.5359086737
6.9604290322780535,0,Tier 2,Canada,300+,1,61.83213763214227,71.94692315138882,Cloud,Manufacturing,7.945802710023512,87283.3353669399
7.539855593733283,1,Tier 1,Canada,100-300,0,84.23929867327905,47.119846186942766,AI/ML,Manufacturing,7.220530885060955,120000
6.101822382750161,2,Tier 1,Germany,100-300,2,70.12168721759393,76.89994795670961,Core CS,Tech,5.905277896469163,94000.32087617092
7.133161766570445,1,Tier 2,USA,100-300,2,87.62701105465644,61.79200662117482,Cybersecurity,Manufacturing,4.3896812719832985,110563.69641091776
7.393961011206519,2,Tier 2,India,300+,2,65.33689209383299,86.39569586228568,Data Science,Other,6.700660112372756,56014.15395476587
8.964240111928715,0,Tier 2,India,100-300,2,57.10742778096653,63.69502663196614,Cybersecurity,Finance,2.6471480810254953,47868.45292905521
6.575202435998546,1,Tier 2,India,300+,3,74.86053396206187,53.793336943008214,Data Science,Tech,3.9562217885136888,55562.68384372849
6.555618304671796,0,Tier 1,USA,Top 100,1,72.60853862099935,50.96031361694446,AI/ML,Other,2.8025218646986985,120000
6.490090298154786,1,Tier 2,USA,300+,3,70.94926502746267,72.11043293804391,Data Science,Healthcare,8.512614216428544,120000
7.951213224886041,1,Tier 3,India,100-300,2,81.53708985732351,31.94833884799113,Cloud,Manufacturing,5.1853966431057446,43302.5841243429
8.136403398391884,1,Tier 2,India,300+,0,88.31583570171853,35.219592873298225,Cloud,Consulting,2.7741806938523834,38699.30499914782
6.543402965000419,1,Tier 1,Canada,100-300,2,58.63452816483813,70.93993195365705,Core CS,Tech,4.916009500565824,104748.9279196664
7.377132445109123,1,Tier 1,USA,100-300,1,86.44173965056314,79.97067131082723,Cybersecurity,Healthcare,6.980852221544938,120000
6.558221564575223,1,Tier 2,India,Top 100,0,71.16225857204951,72.93751327626009,Data Science,Other,4.970693793283478,55635.47900847975
7.506345454204409,1,Tier 2,Canada,Top 100,2,77.40676298629833,59.376273726526456,Cloud,Manufacturing,5.3900755873711725,96686.17267826432
7.16233841668104,0,Tier 2,UK,300+,1,64.95610328186105,76.28486648105167,Core CS,Healthcare,5.166414489657973,94968.70493815352
5.787404708002215,1,Tier 3,Germany,100-300,1,65.06743562285318,66.73653332744543,Core CS,Consulting,2.82737148327025,58912.36694624638
8.23800416106405,0,Tier 2,USA,100-300,0,52.92782884132721,64.24448940993365,Core CS,Tech,5.416163607751439,120000
6.689838752051212,0,Tier 3,India,300+,2,81.55561587237237,70.16230135786041,Data Science,Finance,2.0672052458899315,39678.28693755576
7.228692312579924,2,Tier 3,India,300+,1,78.0609800985918,45.083604452409006,Cybersecurity,Healthcare,4.491243927173324,32614.523814812175
7.26756543198962,1,Tier 1,UK,100-300,1,63.54335019856681,98.73888550248296,Cybersecurity,Consulting,5.990433466216986,106271.61950826492
7.526835418138265,2,Tier 2,India,300+,2,81.82137773416315,81.30271939161578,Core CS,Finance,7.36591731843453,42143.82415150428
8.60816363101308,0,Tier 2,Germany,300+,1,76.55331081902169,71.05137334265382,Cybersecurity,Tech,5.171459357805335,100998.12220579118
6.85844221800476,2,Tier 1,Canada,100-300,1,78.10330379545313,82.1345394658566,Core CS,Manufacturing,4.740096904089526,111125.7395784096
6.361362204369237,0,Tier 1,UK,300+,4,47.593385580200035,82.54746414333788,Cloud,Healthcare,4.384311225413038,106505.20341230974
8.43564629081423,1,Tier 2,India,100-300,2,62.31387756167109,77.18267086916822,Cybersecurity,Finance,1.979433554042083,50599.42097508684
7.179030361311119,0,Tier 3,UK,100-300,5,92.50106066760752,57.157618295917565,Cybersecurity,Consulting,4.388868212456778,75894.31766180349
6.9868616831417985,1,Tier 2,Germany,300+,0,77.15387795566151,70.3051555885468,Cloud,Manufacturing,4.812281064979721,84189.12528045732
7.950714618758467,1,Tier 2,USA,300+,3,56.94502482143168,82.26840869265054,Cybersecurity,Consulting,2.8792326339810814,111332.06501718408
9.021545940698898,0,Tier 1,India,100-300,1,43.55576783804832,76.27902216196637,Cybersecurity,Other,5.560259882796761,56611.900217564646
6.575304981663743,1,Tier 2,Germany,100-300,4,71.36189758509154,73.94362897713188,Data Science,Healthcare,5.659541119475369,97275.87044956526
6.608448445985422,1,Tier 2,Canada,Top 100,4,61.28414609698734,100,Cybersecurity,Healthcare,6.577335881882505,92498.69102363772
7.835328701655258,4,Tier 2,India,100-300,4,79.75445653975945,59.55357996024448,Cloud,Consulting,5.267360124038181,43788.40825486387
7.545513191701049,5,Tier 2,Canada,Top 100,4,87.89637471372713,64.240877179341,Cybersecurity,Finance,5.649664218316835,100359.74866605698
8.477365860588828,0,Tier 2,UK,300+,2,82.9176771264155,52.2725571939637,Data Science,Finance,6.372243341211738,116692.09850863751
7.467142548260771,0,Tier 2,USA,Top 100,2,62.99319361215151,48.515593479470496,Data Science,Finance,4.0046280389029105,120000
6.712566327370352,0,Tier 2,Germany,Top 100,0,68.52460520339173,68.68917157557046,Cybersecurity,Other,6.8476858785876065,83259.31745629983
7.8869628644663266,1,Tier 2,Germany,100-300,2,61.2614411378257,31.4105831513616,Data Science,Finance,6.483876050290042,117316.42730594976
7.656385744957891,3,Tier 3,Germany,100-300,2,67.35226492182622,58.02119025170379,Data Science,Other,3.498847527045487,75845.27629275533
7.405819224885838,1,Tier 3,India,300+,1,100,61.21486293583737,Data Science,Tech,3.0424047771435556,56629.13159248753
7.8533397516713235,1,Tier 3,USA,100-300,1,55.884296759085686,82.57884497934845,Cybersecurity,Manufacturing,3.9974722954167294,88505.8990957996
7.935436472356538,2,Tier 1,USA,300+,1,80.52617036822691,41.10071266110886,Data Science,Consulting,6.1730228505259435,120000
8.105727192830022,1,Tier 1,UK,300+,2,70.72740095167866,45.35927005254304,Cybersecurity,Healthcare,3.768461590778817,107554.9422372488
7.518967910071714,1,Tier 2,India,300+,3,67.99496753072691,55.470735526875536,Cybersecurity,Healthcare,6.445769807978943,42482.29384920152
6.866305535746516,0,Tier 1,India,Top 100,3,69.48127309746002,59.0232666563927,Cybersecurity,Other,5.010830791319924,51810.38231607421
7.965207173206686,2,Tier 2,Canada,Top 100,2,79.48340869318359,66.35967203171069,Cloud,Other,4.91259862323155,94669.33140849545
7.294938647098321,0,Tier 1,USA,100-300,1,71.03525214792407,42.93111945890038,Cloud,Tech,7.025576765290814,120000
6.6853289501381115,1,Tier 3,UK,100-300,3,61.20260878276377,73.36094219929252,Cybersecurity,Healthcare,6.009946122160316,85054.76132953927
7.022995858347854,2,Tier 1,UK,100-300,1,65.03646920238342,74.87716766827235,AI/ML,Healthcare,6.44356933325577,120000
5.912115087216065,2,Tier 3,India,Top 100,2,100,55.33508599657002,Cybersecurity,Consulting,6.813748034365625,35332.68487428282
7.597002852821777,2,Tier 1,Germany,100-300,2,66.27308576532648,53.00624900849667,Core CS,Consulting,3.902972281771509,108638.60334437314
7.51638734491286,2,Tier 1,USA,100-300,0,95.77959997658652,41.067039261236175,Cybersecurity,Healthcare,5.232628096620404,120000
8.730603778644369,2,Tier 3,UK,Top 100,3,64.227116153605,43.42581973612528,Cybersecurity,Finance,6.1045002677901286,96186.51324257802
6.753777412037599,1,Tier 1,India,100-300,5,66.43425772580409,56.96815522824967,Cybersecurity,Tech,4.580782502930774,66810.60316980282
7.175320262131152,1,Tier 3,Canada,300+,0,55.2539078923906,62.31111726965237,AI/ML,Consulting,7.028777090272502,88050.08906133815
7.199506946968604,2,Tier 2,USA,300+,1,82.90285717308167,70.89016096086102,Core CS,Tech,5.614523525730793,120000
8.26196262381078,1,Tier 1,USA,300+,0,55.88762669533927,78.07358499807182,Core CS,Manufacturing,5.683476931255284,120000
6.923763574090438,1,Tier 3,UK,300+,1,54.97990914191041,48.32895844865117,Data Science,Healthcare,5.288731479641742,78912.53270602025
7.223217220616271,0,Tier 2,India,300+,1,70.60694645513068,64.52051028936035,Cybersecurity,Healthcare,6.779054147629259,53144.94739957854
7.486317207773231,0,Tier 1,Canada,100-300,1,70.02057726106982,72.77013722648167,Cybersecurity,Finance,4.556766430234524,113374.81584417804
6.642853108359577,1,Tier 3,Canada,100-300,1,75.78398477931098,56.02064577701347,Cloud,Healthcare,5.597517402564733,72571.53532693721
7.155271994318646,1,Tier 1,Canada,300+,0,37.74800486412394,72.10456276937732,Cybersecurity,Finance,5.9534764623724,97391.06409296698
6.178787760471152,1,Tier 1,UK,Top 100,4,48.840759454629946,87.07145239861535,AI/ML,Finance,1.264687288715285,120000
7.1063757393175,2,Tier 3,India,300+,1,66.89096292759866,63.75636748753111,Cybersecurity,Manufacturing,5.007191163478764,43176.95485483382
5.78145047617298,2,Tier 2,Canada,300+,3,76.0660800483395,50.59124111445,Data Science,Tech,3.0094320420567353,105993.75637510516
6.552862522182729,1,Tier 3,India,Top 100,0,63.44009368814021,58.47934039558712,Data Science,Manufacturing,5.7880583840463125,48014.899112067586
7.301769500051616,2,Tier 3,Canada,300+,4,59.90792880482434,45.83497242661189,Cloud,Other,4.166745491528679,64441.64218207939
8.252419223387472,1,Tier 2,UK,100-300,0,81.8915838190167,57.64546770292099,AI/ML,Manufacturing,5.273031834262469,115352.73524457029
6.94739979114161,1,Tier 3,India,300+,1,39.55374870372126,44.96782505417595,Cybersecurity,Consulting,7.0747179368121555,36360.04716713978
8.504925655552473,0,Tier 1,Germany,300+,1,52.305062122355096,50.90105179924208,Cybersecurity,Healthcare,5.7490924787370465,109493.593680631
5.841588879667005,2,Tier 3,USA,300+,3,43.66398605087718,71.28911053688427,AI/ML,Manufacturing,5.517979409029252,91147.36462630711
5.240955234703934,2,Tier 2,USA,Top 100,3,75.82355429068159,74.07638442648692,AI/ML,Finance,5.530498994404676,117480.8950683604
6.598356620517911,2,Tier 3,USA,100-300,1,76.75551929931055,65.75993759789105,Data Science,Finance,6.179973875437,100922.00523667537
6.18301374629543,1,Tier 2,Germany,Top 100,2,78.80727526008629,73.60920259557794,Cybersecurity,Other,6.645222516245531,71086.98126244027
7.566685157839483,0,Tier 1,Germany,100-300,0,85.02357458169945,59.035905795733434,AI/ML,Finance,5.361054025477287,120000
7.195040571016959,1,Tier 3,Canada,100-300,1,75.23016388657395,67.99643464500578,AI/ML,Healthcare,2.34413782237034,83509.49882375462
6.548737095410617,3,Tier 1,Germany,300+,4,63.23221992632797,50.3758472823446,Core CS,Healthcare,3.8018737196729937,87698.31469894451
7.697965862624116,0,Tier 1,Canada,100-300,0,65.64072545696051,62.49990931886856,Core CS,Other,5.291407134164595,106495.4865338003
7.520160942366929,2,Tier 1,USA,Top 100,2,84.48673619960203,69.34249386897403,AI/ML,Finance,5.362201937425262,120000
6.920659308976494,0,Tier 2,Germany,300+,1,84.79795302551449,59.80063104743673,Cloud,Finance,6.67590226591358,81891.98233657851
8.477309596838133,1,Tier 2,Germany,100-300,0,56.92677702041972,85.25557564154946,Cybersecurity,Healthcare,7.550406537707678,97182.14149500224
7.194671559458153,1,Tier 3,USA,100-300,2,44.24128562551391,89.85598186170904,Cybersecurity,Tech,4.046959295203184,98366.48069005104
6.807011153714936,0,Tier 3,UK,100-300,1,85.25924766046936,65.79956951169792,AI/ML,Other,5.36098182386735,87078.88002820808
7.281644317211438,1,Tier 2,Canada,300+,2,58.31214770709524,69.44422748863902,Cybersecurity,Consulting,6.202744803119664,91933.78689948184
8.155011683258607,1,Tier 2,UK,300+,3,88.64516673072859,97.3765593026742,Data Science,Healthcare,6.291637792703032,98498.20966680828
6.934279057285945,2,Tier 2,USA,100-300,4,75.6088415433599,75.58187049368007,Cybersecurity,Finance,3.3654518952907817,115714.61437381178
7.893836665270502,2,Tier 2,India,100-300,3,85.68518047378019,80.521813490412,AI/ML,Consulting,3.2662700855199036,50861.3846274785
7.365402575323027,0,Tier 1,UK,100-300,1,86.76077698462537,74.68081053354643,Cloud,Healthcare,6.121224874096098,115020.333905344
6.928211444570219,2,Tier 3,India,300+,0,80.93994730350232,94.2208594603947,Data Science,Tech,5.395331143235355,48128.17002783619
8.152093772359578,1,Tier 1,Canada,300+,1,63.17028142207593,65.81447778107034,AI/ML,Tech,6.631600886988481,120000
8.440752346328653,0,Tier 3,India,100-300,1,72.8270372056386,86.00495666841209,Cybersecurity,Consulting,6.98612174454171,48729.26941468446
6.967873639484525,1,Tier 1,Germany,100-300,1,82.2328697237236,74.37083768117047,Cloud,Consulting,7.6517732869567805,103635.71759570931
7.102483531928631,0,Tier 1,USA,100-300,1,70.87844469751742,77.24262450655901,Cloud,Other,5.673716775937087,120000
6.455158674020096,1,Tier 3,Canada,300+,1,65.69265351338262,100,Cybersecurity,Consulting,3.516674443159145,79451.47361245204
7.672514839190979,3,Tier 1,India,100-300,1,59.37127894819828,81.31088800576322,Data Science,Tech,7.788270506806556,67890.04798223225
6.643053253428176,0,Tier 2,USA,100-300,1,65.41884819768096,53.03122299692875,Data Science,Consulting,5.7282319437652385,120000
6.638154944600739,1,Tier 1,Germany,100-300,0,64.1334261157565,89.96157736331072,AI/ML,Consulting,3.3528902171290453,118060.89722846032
7.608331724915438,0,Tier 3,Germany,100-300,2,68.2919925936493,71.53691573139419,Cybersecurity,Finance,3.5610303283599856,79897.4976282604
7.628640126920666,1,Tier 2,Germany,300+,3,64.05377004638927,66.02282623493747,Core CS,Tech,5.921392205933497,96367.9193016854
7.340366049427971,1,Tier 2,UK,100-300,4,67.81508065146183,60.5112254445389,AI/ML,Finance,4.8873535149926095,109561.53816943272
6.226419085496629,2,Tier 1,India,Top 100,1,71.31853786677979,73.81726960085982,Data Science,Healthcare,3.0072639569942377,64082.484230162736
6.073308248645966,1,Tier 2,Germany,300+,3,94.64665653246142,58.62999519966418,Data Science,Healthcare,5.103808941843102,104193.2729524581
8.202718641413721,0,Tier 3,Canada,300+,3,67.93351835219158,56.62707543290848,Core CS,Consulting,8.389464343861812,81236.09860756302
7.701889832460537,1,Tier 1,Germany,100-300,3,71.831698505974515,51.66389076791734,Core CS,Healthcare,6.752951089182519,107922.81921032228
6.454412601601761,3,Tier 2,India,Top 100,3,66.09832691716643,98.46352994961389,Cloud,Healthcare,6.262923260340921,63425.96480556898
6.775119765691236,2,Tier 1,India,300+,0,78.65323415266533,62.464688473998926,Cybersecurity,Consulting,4.4954578066344375,58016.457897074
8.438149221479618,0,Tier 2,UK,100-300,4,37.46912221607729,65.21655579531821,Data Science,Other,3.4318716765059443,118390.3904763626
7.512674289013608,0,Tier 3,India,100-300,0,63.52023349050167,80.05993076677424,Core CS,Healthcare,6.202772083201429,37568.03328753757
6.543056808173763,1,Tier 1,India,300+,3,68.45948979048818,66.48188239351892,Cybersecurity,Manufacturing,5.464870243624491,49280.991246798025
7.458066225084927,1,Tier 1,Germany,Top 100,2,34.64114227414087,75.20456443514006,Core CS,Healthcare,2.9933756019072324,100884.44329425918
8.119484349268802,2,Tier 2,USA,100-300,3,63.990408565307256,59.79172555601696,Data Science,Consulting,6.241122897329637,120000
7.739706946330215,2,Tier 1,India,300+,2,65.28021208961066,88.26478169542162,Cloud,Other,6.540001814487853,52528.98385075224
7.047704295936139,1,Tier 2,USA,300+,2,45.00512073679292,66.16286008849856,Core CS,Healthcare,6.1571309310965905,104238.44794204755
6.482450577835541,1,Tier 1,USA,300+,1,100,67.30507409785491,Core CS,Healthcare,4.4865398112399415,120000
7.3147883083374,0,Tier 2,USA,300+,1,100,60.99873691093576,Cloud,Healthcare,6.53841580873815,103893.51814444314
7.716154576022186,3,Tier 3,UK,100-300,2,45.67545712562311,64.06495395738773,Cloud,Tech,2.0107048848599116,91442.11537154292
7.839642172255468,1,Tier 3,UK,100-300,1,45.352565548904735,58.53297434791207,Core CS,Healthcare,2.446973367640273,78470.60469736079
6.571811830751546,0,Tier 1,India,100-300,2,78.6186301451155,58.35641048526648,AI/ML,Manufacturing,4.125402226769873,58860.91903587222
8.05391525250746,0,Tier 3,UK,300+,1,77.74816002432715,59.93430952379251,Data Science,Finance,4.963158222512184,97910.34726682774
7.15807968375392,0,Tier 2,Canada,300+,1,78.38408860929067,63.24187621878604,Cybersecurity,Consulting,5.913017549065867,87351.96102660605
8.660208698100213,0,Tier 3,UK,100-300,2,51.33577595256846,56.46445388080451,Cloud,Finance,5.361358033651392,81706.28952117104
8.3887710425322,0,Tier 1,India,300+,2,94.6051917045948,76.1828242931296,Data Science,Consulting,4.669257940203898,58527.93825765075
7.1583286267701185,0,Tier 1,USA,100-300,2,90.630050366961,91.77803607959194,AI/ML,Finance,6.062229780080906,120000
6.478865597108442,2,Tier 2,USA,Top 100,1,54.62446899953702,67.11805265496182,AI/ML,Tech,5.581358522510734,120000
6.612891332756543,1,Tier 1,India,100-300,1,93.01982810455335,61.86331308102276,Core CS,Other,5.234531581494146,55922.24797994262
7.339332757121533,0,Tier 1,Germany,Top 100,2,67.52143316518028,72.01940234309745,Core CS,Consulting,4.787968035592542,109177.7970168709
7.4182683904284,2,Tier 2,Canada,300+,1,54.54358703461199,68.95156384662198,Core CS,Other,5.050134049380755,87129.72888820851
6.980516326191213,1,Tier 1,USA,100-300,0,88.32832660537758,63.10680859914616,AI/ML,Consulting,4.895529869558889,120000
8.713816286889491,1,Tier 2,India,100-300,2,79.57177986892391,60.50594023251875,Core CS,Consulting,5.9574547290353035,55001.585365202554
7.349058935739226,0,Tier 3,UK,100-300,3,70.65936162302593,61.472302173380086,AI/ML,Manufacturing,3.5367744899453224,87940.15929580593
7.096025061374609,1,Tier 3,USA,Top 100,0,70.55448485628524,36.30884378982291,Core CS,Healthcare,5.131575599368349,85235.10957658813
7.319378498084223,0,Tier 2,India,100-300,3,64.36745560442347,31.808885990914742,AI/ML,Healthcare,6.101820026538902,50160.06755525926
7.517756751762192,1,Tier 2,India,Top 100,1,79.13351992432737,75.2918976473069,Data Science,Tech,4.629374089977535,58601.9949881922
6.613450830160501,1,Tier 1,USA,300+,2,100,61.071407211854165,Data Science,Consulting,5.441334103553735,120000
8.259189410632025,0,Tier 2,Germany,100-300,3,100,53.988578980921815,Cloud,Healthcare,7.166221564668403,92593.5362157017
6.019387469598127,0,Tier 1,Germany,100-300,3,64.1428814938128,57.18355494980624,Cybersecurity,Healthcare,4.459187454984634,93162.69315361688
7.837678642089724,4,Tier 3,India,Top 100,1,100,82.15195051908714,AI/ML,Manufacturing,5.627139981031754,40665.19059486133
8.347142153166295,0,Tier 3,Canada,Top 100,2,54.198714959340464,54.488330328512,AI/ML,Finance,4.895380183492673,102188.58452394688
7.862944666745037,1,Tier 2,Canada,100-300,0,79.73753286688674,87.43281903511382,Cloud,Finance,7.452443923589695,100083.34860947992
6.969193224399434,1,Tier 2,India,100-300,2,73.31287786706886,66.35332593333884,Cloud,Tech,4.453594412299422,51443.83449850625
6.861898160047344,1,Tier 3,Germany,100-300,4,73.40139691002528,62.904984878647205,Data Science,Other,5.678432051620394,81383.04328029961
7.521858302730736,0,Tier 3,USA,100-300,5,67.95870443716146,50.73765919268067,AI/ML,Other,3.5797123490228997,98902.2864747116
8.181232279780717,1,Tier 3,India,300+,0,76.74504198007577,77.665536547127,Cybersecurity,Tech,6.3513676312887295,43190.45351134883
8.104073083317962,1,Tier 3,India,300+,1,70.57264925276681,94.50860820887456,Data Science,Manufacturing,4.04077790424646,45518.43151797408
6.499549838792376,2,Tier 2,India,300+,1,100,100,Cloud,Consulting,6.090353054885073,47416.45242487832
7.316642826749927,2,Tier 3,India,300+,1,65.99143696756448,43.65686804480557,Data Science,Other,7.513592336400571,47954.03652093352
7.208539012659125,0,Tier 1,USA,Top 100,0,46.3012141750456,74.54576520303121,Data Science,Finance,6.494674823734354,120000
6.5597558769236635,2,Tier 1,Canada,100-300,3,52.30180153501909,62.28812034183254,Cybersecurity,Healthcare,6.885695493827816,100864.1521441202
6.979556743206844,0,Tier 3,India,100-300,1,100,56.34413882607305,Cybersecurity,Consulting,5.892434256780472,42257.87027264459
7.938183215407491,1,Tier 2,Germany,100-300,2,74.39771914506899,86.29719204200302,Core CS,Healthcare,3.235023373058363,97868.86160294151
7.434880123675546,2,Tier 1,USA,Top 100,2,65.91707199452695,78.6774517915241,Data Science,Consulting,5.010472815422184,120000
6.703508534331116,0,Tier 3,Germany,Top 100,0,43.544182519443005,76.01551904346998,Core CS,Finance,4.1500804078993365,74025.42283014963
7.617358968518676,0,Tier 1,USA,100-300,0,72.44608905230983,63.21232271103733,Core CS,Consulting,4.497389002827588,120000
7.919012560297682,0,Tier 3,Canada,100-300,1,60.15318092542499,73.06306688237997,Core CS,Finance,3.9548787006110686,83294.47477200764
5.60822897697752,2,Tier 3,UK,100-300,2,60.1893180601144,66.98135973948084,AI/ML,Other,2.898891089775762,73696.96856882317
6.710047246877494,0,Tier 1,USA,300+,1,54.455098207146136,46.944468725712206,Cloud,Healthcare,2.426203616434321,116128.49514342048
6.104264084299085,0,Tier 3,UK,Top 100,1,84.75919217067934,71.75629550278371,Data Science,Healthcare,4.134592380616537,74954.39267128368
5.964254819423275,1,Tier 2,USA,300+,2,70.55213413218364,80.90883661905465,AI/ML,Healthcare,2.569254168634402,110820.4270536253
7.277203105384572,1,Tier 2,Canada,Top 100,0,59.531785500472864,84.28691279502081,AI/ML,Tech,2.9107306964977,114156.48161611246
7.061457512848205,1,Tier 3,USA,100-300,3,66.75365133012681,43.806770054769366,AI/ML,Finance,5.384547217665905,96235.21167627722
7.797013455557712,2,Tier 2,UK,100-300,3,92.145762142253,54.67484791793721,Core CS,Healthcare,6.176215642312303,98974.76598067896
8.20060783250745,0,Tier 3,Canada,100-300,1,63.901679111454776,64.04879324933196,Core CS,Healthcare,3.1293497084174073,76264.14416770445
6.721078292473712,0,Tier 3,UK,100-300,5,51.91612013357342,59.75491390945763,Cloud,Manufacturing,2.1118099292874293,77308.9757964677
6.720593836545257,1,Tier 2,Germany,100-300,1,64.63041521281272,52.73982737229581,Cybersecurity,Finance,4.225902367193075,89367.71847899433
8.661398386848672,2,Tier 2,USA,100-300,2,63.72930349951899,79.13741653576912,Core CS,Other,6.933600014837232,120000
7.305548361785243,1,Tier 2,UK,100-300,2,70.23766163985245,80.49441774103049,Cloud,Other,4.645983827804434,92522.85341181207
7.344033317752856,1,Tier 3,India,300+,1,64.99062914774325,70.32132252629246,Data Science,Consulting,7.411787901991015,43033.95502704036
6.792766283343438,0,Tier 1,Canada,300+,5,60.805389284497295,70.72458607702926,Cloud,Other,6.264499132723246,99514.34576360937
6.842920120732018,0,Tier 1,UK,300+,0,79.75644604668815,72.34791722870555,AI/ML,Tech,4.371589423087087,120000
6.942718992468749,1,Tier 2,Canada,Top 100,0,74.83253969284732,53.03647785470065,AI/ML,Consulting,7.499837221989756,109073.81895970924
7.582103634909584,2,Tier 3,India,Top 100,2,73.85011197421221,57.82437789998332,Cloud,Manufacturing,7.672083019907358,43077.50314793979
7.04155670864584,1,Tier 2,USA,300+,1,71.36412521276935,57.42850383589294,Core CS,Finance,6.562534339981506,103479.5306890774
7.733062139761985,0,Tier 1,UK,100-300,0,78.61992064541994,48.387576192668504,Core CS,Tech,3.508932022135088,120000
7.798408087887722,0,Tier 2,India,100-300,2,65.65549992929628,64.67276900961396,AI/ML,Tech,4.644868165979152,58862.09585516959
4.682995697445048,2,Tier 3,Canada,300+,1,67.70359345171475,93.2876290828282,Data Science,Finance,3.808055550548295,71915.45631655659
8.670699763824583,0,Tier 3,UK,300+,0,62.221602194962344,56.45280409608075,AI/ML,Healthcare,6.278229835571887,101120.80565478456
6.888328297475861,0,Tier 1,UK,300+,1,96.55732347764516,84.94530521208176,Cloud,Healthcare,6.990160997910969,105863.51426262912
7.886546253390013,1,Tier 1,UK,300+,3,73.40504024394956,33.331061763498695,Data Science,Other,5.245411632369094,120000
7.490219124050055,1,Tier 3,India,100-300,3,49.93628004355742,80.24038354434697,Cloud,Tech,5.160001175054134,46433.99416990145
6.500984831443356,1,Tier 2,USA,300+,0,77.6089509715778,61.33505059338969,Data Science,Consulting,4.514952307312454,111831.6879612305
8.531225083093428,0,Tier 1,Germany,100-300,2,59.43101547615156,57.776183091224915,Data Science,Consulting,4.09041847586878,117085.20035784243
7.173946298543778,1,Tier 2,India,300+,2,61.16147471850962,78.19001391360294,AI/ML,Healthcare,6.238913922122672,48480.33045884186
7.696054184551003,0,Tier 1,Germany,300+,0,73.89765610086667,92.35269368133346,Data Science,Manufacturing,6.151827221183448,120000
7.120335124114861,0,Tier 1,UK,Top 100,3,53.61965950450523,78.61308643385028,Cybersecurity,Consulting,3.2011779839260623,109930.46440715644
7.29196880197298,3,Tier 2,Canada,300+,4,98.37470571566732,45.11244700351574,Cloud,Manufacturing,2.7885196288141345,85715.6847219432
8.92273246819062,1,Tier 1,India,100-300,1,73.2450814907612,48.58565448377726,Cloud,Consulting,5.142092001554682,61669.45120786065
6.953904962373132,2,Tier 2,India,300+,0,50.828705159296966,72.18160810030622,Cybersecurity,Consulting,6.7480445617504135,47612.23597105437
7.160879237371974,0,Tier 3,USA,300+,1,50.94879929533094,77.86482283898707,Core CS,Other,4.751724862151102,88321.04759923686
7.84052351680609,1,Tier 1,Germany,300+,1,81.02084974694097,85.43917335989542,Cloud,Tech,4.764587300963902,107708.04337546109
7.949624244448304,0,Tier 3,India,100-300,2,59.9862276617457,58.137190058020714,Core CS,Consulting,5.737225961215667,47737.06750891084
8.306745225840878,0,Tier 1,USA,300+,0,80.92077028602365,38.65234063000298,AI/ML,Consulting,4.207488219939885,120000
7.242108372191226,0,Tier 2,USA,100-300,2,60.428372381348495,37.585583860342304,Cloud,Finance,4.1836243553396235,120000
6.948689322725606,5,Tier 3,USA,Top 100,0,52.03327876641842,76.95510082768811,Core CS,Consulting,6.039579349036335,85634.38750657238
7.257085772360219,2,Tier 1,India,100-300,3,70.27161525412323,70.90895100228727,Cybersecurity,Tech,4.791199048504318,63282.87804625579
7.337536603388227,1,Tier 3,USA,100-300,0,76.97766811029034,70.85306535851464,Data Science,Other,5.030939271810213,106487.86240611102
8.290969015246917,0,Tier 1,Canada,100-300,2,51.91376806560151,42.20145149361984,Cybersecurity,Healthcare,6.31016956156423,108763.18583475624
7.362827441211184,1,Tier 2,India,100-300,1,75.79045808473676,50.640546922191184,AI/ML,Other,4.530996827147012,57918.11095584875
6.804674691767481,1,Tier 1,USA,300+,1,74.15687250459335,60.51977246424168,AI/ML,Tech,6.501969373919156,120000
7.951576391139713,0,Tier 1,USA,100-300,1,39.89388093885701,45.7147583341596,Cloud,Other,5.976237789205109,120000
7.477920055879887,2,Tier 1,Germany,300+,1,64.50550832573852,65.0077817763901,Cybersecurity,Manufacturing,6.594257436686202,103496.10320838548
7.560938193848719,0,Tier 3,USA,100-300,1,66.74201301570997,75.76494930855719,Cloud,Manufacturing,3.618271287826919,83790.43691021277
6.761949197312006,1,Tier 1,Canada,100-300,1,96.254709201268,40.27079178013684,Cloud,Consulting,7.465931151902002,106814.46298776972
8.100565450649295,1,Tier 1,Germany,300+,4,44.99135727257617,70.43654059938096,Data Science,Finance,7.37654662478568,119638.29482982264
6.879955530373978,0,Tier 1,Canada,Top 100,3,99.6074319449904,52.97580691835191,Cloud,Healthcare,4.267691815172507,111801.39048826412
7.100461162777234,1,Tier 1,Canada,100-300,0,32.079174772973914,67.21521516776895,Core CS,Other,5.670622493388369,96495.47133100573
6.861542540572905,0,Tier 3,UK,100-300,3,65.25590000560035,80.8008829021154,Cloud,Consulting,3.309684973481665,73493.40542857318
7.012463238065174,0,Tier 3,Canada,300+,2,78.07399809600984,58.80841091417896,Cloud,Finance,5.931075746268529,76585.39879193516
8.275604050579979,0,Tier 1,Germany,Top 100,0,58.79790203920261,68.73344259769787,Cybersecurity,Other,3.880778069235334,120000
6.322430921345338,2,Tier 1,Germany,Top 100,0,73.51358035624506,70.88953011083063,Core CS,Consulting,6.564026735435146,95970.16985649812
6.488830601848398,0,Tier 2,Canada,300+,1,92.3216474681567,42.29582395544901,AI/ML,Manufacturing,5.109949937193883,86860.94594306218
8.313612128109096,0,Tier 1,USA,100-300,5,60.955228571661294,64.35937572429901,Cybersecurity,Tech,5.81638190238527,120000
6.449479723857821,1,Tier 2,USA,100-300,2,72.48389623961504,71.99699509316413,Core CS,Manufacturing,4.480486991904405,107451.71137022816
7.785412389593276,2,Tier 1,UK,100-300,2,64.62454771558531,56.237846965063795,Cybersecurity,Healthcare,6.184981288113637,120000
6.740134893193102,0,Tier 3,Germany,300+,1,83.29902859290065,72.77122856265306,AI/ML,Manufacturing,3.032032907507189,72887.3706264498
8.832754058072593,0,Tier 3,UK,300+,4,64.25064575763166,67.83504302339485,Cloud,Consulting,6.607440997480871,86142.22685397397
5.683681002434486,1,Tier 1,Canada,100-300,2,84.74684861860082,66.9877440395078,Data Science,Healthcare,4.006817507943961,111532.65742355675
8.951801925071418,0,Tier 2,India,300+,2,58.96084129331576,44.18731608964557,Cybersecurity,Healthcare,4.471186003110896,52277.28059346562
8.107418254808415,0,Tier 3,Germany,100-300,0,77.51052173267793,74.22095456403602,Cybersecurity,Consulting,4.961883235125483,72703.10050669302
7.4758034733322285,1,Tier 2,UK,300+,2,53.698612107388655,52.29812014114755,Core CS,Manufacturing,3.139134701691064,86882.07372682131
7.682732447024247,2,Tier 1,India,100-300,3,90.00622662500334,90.62381387445606,Data Science,Manufacturing,6.78207201831921,71803.2781007285
7.607142871829412,0,Tier 1,India,100-300,1,88.8451223513814,93.7739022513392,Data Science,Other,6.49758816137487,62815.060757883686
7.224953139175501,1,Tier 3,Canada,Top 100,3,58.50882839495736,83.43489461159604,Cybersecurity,Finance,8.812384576039843,76232.37407147375
7.083360883161501,1,Tier 3,India,Top 100,2,49.98785758301735,48.425883117533914,AI/ML,Finance,5.47472399958355,48646.220296526335
6.949925497680382,0,Tier 2,Germany,100-300,2,50.457897240241024,76.14413648435273,Core CS,Other,4.712394937321336,83853.28924612545
6.209127114279266,1,Tier 2,USA,Top 100,3,64.79315326327595,56.431750721574495,Cloud,Other,4.0380115100598655,117092.30810726754
6.1171285462273834,0,Tier 2,UK,Top 100,1,81.66543760558707,75.26470120785311,Cloud,Tech,3.604961873799446,100665.78239070548
7.143915320922782,1,Tier 3,India,100-300,3,57.01104666392101,52.2331753710569,Core CS,Other,6.70121720356882,38176.61573855749
8.11360182907568,3,Tier 2,UK,Top 100,4,68.98848851752922,78.3608580588055,Data Science,Other,6.129830884290957,120000
7.73465328480185,3,Tier 2,USA,300+,0,100,69.7573816774097,AI/ML,Healthcare,6.184666065716513,120000
7.752616950390573,0,Tier 3,Canada,Top 100,3,65.13437059942528,66.9862194529896,Core CS,Tech,2.7592538506045625,89761.70154808952
6.8202934800023804,0,Tier 2,Canada,Top 100,1,70.10201101843852,49.56176924509535,Data Science,Other,3.8451190601215735,106496.02774103796
7.440041679219641,0,Tier 1,UK,300+,2,75.66153765345337,49.384087209023605,Cybersecurity,Other,3.1397559413338536,113757.38787108591
6.518905884839029,1,Tier 2,Germany,100-300,1,93.771492913037,71.05851941855131,Core CS,Healthcare,4.034870006172383,87687.5978257097
7.179131307251729,2,Tier 2,India,Top 100,1,52.42244609883417,72.33166617239303,Cloud,Healthcare,5.8358896372574325,44175.90783065328
7.097838002425827,2,Tier 2,UK,100-300,0,100,49.29816316969131,Cloud,Tech,4.827292593637675,96830.34228063688
7.43463842322911,0,Tier 2,USA,100-300,0,45.66893620890761,66.95418779109124,Core CS,Other,4.282286710897474,104832.95585912144
7.039088056260564,0,Tier 2,India,Top 100,2,71.34801745984517,55.657130448374744,Core CS,Healthcare,5.142825397620361,50061.32286234782
7.032473352963106,1,Tier 2,USA,Top 100,1,80.70635234467002,69.35513079576569,Data Science,Other,5.18190305414015,120000
5.877915782560245,1,Tier 1,UK,Top 100,3,79.51571864458879,68.82514861072339,Cloud,Other,4.44684147346146,97187.8638131639
8.399661394549552,0,Tier 3,USA,Top 100,2,71.34195636650631,46.94275359402138,Core CS,Healthcare,7.437758088186845,108520.20018557628
6.004909411686972,2,Tier 2,Germany,300+,2,83.77140748583201,57.40949949898098,Cloud,Healthcare,2.538459583882773,81928.42086852163
6.445675841763274,2,Tier 3,India,Top 100,2,68.8670146559828,73.64704799062514,Data Science,Manufacturing,3.955587118229751,37755.78895434749
6.425274187544642,3,Tier 1,USA,100-300,2,86.4983086787457,77.3075241931915,Cloud,Finance,6.78213215597812,120000
7.715939501555553,1,Tier 1,India,Top 100,0,74.09342374568912,50.47274383295702,Cybersecurity,Other,5.51556104736795,54540.11460718064
7.998193658138987,1,Tier 2,India,300+,2,94.38584101066525,33.42352018046316,Cybersecurity,Manufacturing,5.202294446591693,53681.72150364142
7.223195329779042,0,Tier 3,USA,300+,1,60.35745392079898,58.64042827989903,Data Science,Consulting,6.011504278750109,103550.11362226488
7.507021504745679,2,Tier 2,Germany,Top 100,3,82.68325806980411,87.55119234587752,Core CS,Healthcare,1.2934761494551783,88990.33029853555
7.331039277961199,1,Tier 3,UK,300+,2,61.32257740447848,74.71687795739956,Data Science,Other,4.624786377310723,86004.5390813991
6.896143440213259,1,Tier 1,UK,100-300,1,61.49907479989167,56.35983911140417,Cybersecurity,Consulting,7.3151393705660706,112574.6002712605
6.882398398697209,0,Tier 1,USA,Top 100,2,53.62087439227508,63.1603513500726,Data Science,Other,3.602384880800103,120000
8.768418401273081,0,Tier 2,India,300+,1,86.26905952615668,72.65258322408263,Data Science,Other,6.413527262611258,52883.034041188614
6.5540065719937335,2,Tier 2,India,100-300,0,76.6511692511158,73.33482718898705,Cloud,Manufacturing,5.499237608658235,44444.89916970304
5.904157616336738,2,Tier 1,India,Top 100,1,65.62181567719867,70.04916571969633,Data Science,Consulting,4.379585922869144,62591.90211863296
6.929374361318996,2,Tier 3,Germany,Top 100,2,74.67019454635434,59.02128084383966,Cybersecurity,Finance,4.876728185625731,70093.16255868343
9.063767470123455,0,Tier 3,Canada,Top 100,0,80.18843375850874,77.73630853013991,AI/ML,Other,4.367845169799105,95599.48168627093
8.311293444355254,0,Tier 1,Germany,100-300,0,75.664828010986,71.12056119104311,Data Science,Finance,7.211909553749968,120000
7.4551864633482205,0,Tier 2,Germany,Top 100,1,67.68239778876408,52.185149258503714,Cybersecurity,Healthcare,4.5449212374112165,90491.16489318744
8.30271729850283,1,Tier 2,UK,300+,1,76.01584119142784,65.11146818885211,Cloud,Finance,5.107015662335557,107798.18494875533
6.83713571191811,3,Tier 2,USA,300+,1,80.396865984844,40.7651528890796,Core CS,Finance,6.984675532252619,111715.73647764052
6.534655268841085,2,Tier 3,USA,100-300,1,85.42556273268445,88.05478852292441,Cybersecurity,Tech,5.905586547076281,96852.9892802213
6.480577963947194,1,Tier 2,USA,Top 100,1,84.35725616560205,67.53473649011754,Cloud,Healthcare,6.034124675951768,103079.3332935389
6.020847786590195,1,Tier 3,India,300+,5,85.42513999993301,80.42229919277521,AI/ML,Manufacturing,2.0471883042820544,37336.87322712204
7.027266774607381,1,Tier 2,Canada,100-300,0,84.00383882472343,50.27343645093211,Cloud,Finance,4.896838274857005,94532.61357262176
6.384021415153087,1,Tier 2,Canada,100-300,4,68.80031863467971,93.35033158015575,Cloud,Finance,3.6894421182613466,89310.19892142231
7.1870287294325985,3,Tier 3,Germany,100-300,1,79.10505699453903,62.47105601009662,Core CS,Other,6.098623189839144,74396.87696040177
7.264704185771565,1,Tier 2,India,300+,3,71.47320593811439,56.66827162467345,Cybersecurity,Other,6.8122556136095955,48867.35701928786
7.66682316928714,1,Tier 2,UK,Top 100,0,63.18517500693535,100,Cybersecurity,Consulting,5.092586007798434,89511.57310634712
5.405011485942835,2,Tier 3,UK,300+,4,48.897375306210904,95.19028834422328,Cloud,Manufacturing,4.387457322087426,67763.91485648739
7.982135193978634,0,Tier 2,India,100-300,0,59.0302559258939,68.21922587282414,Cybersecurity,Finance,7.203707511777833,53753.563821175594
6.032287185047036,1,Tier 3,UK,300+,3,79.056271701297,42.00889347247933,Cybersecurity,Healthcare,2.5702173793494336,58925.94261503763
7.446661530017378,1,Tier 1,India,300+,0,64.14058689898093,63.425489529228,Data Science,Other,5.756329418456825,64339.763058518736
7.060804313129929,2,Tier 2,UK,100-300,5,64.3695636053667,69.96169901508594,Core CS,Healthcare,3.004905110283318,106558.67933108444
7.431004793957095,1,Tier 1,UK,100-300,1,65.96377117258638,52.79659342856327,Cybersecurity,Finance,5.000553309534295,115084.85032332622
7.135488659228862,1,Tier 1,UK,100-300,4,67.12254649829988,53.561295027484974,Cybersecurity,Healthcare,3.882498032868306,107765.17161041884
5.869028402476015,1,Tier 2,UK,100-300,2,100,37.10151629795932,Cybersecurity,Other,6.1078780033670785,87424.8889102229
6.276873886828168,2,Tier 2,India,100-300,2,89.09299432144992,42.84956979106036,Core CS,Healthcare,6.569838164026336,49441.14522747894
6.411576045928187,2,Tier 2,India,100-300,4,68.29620145273937,72.77035151430759,AI/ML,Other,7.176555860627178,55903.90019865715
7.98887454016835,2,Tier 1,Canada,300+,2,64.91682781435476,69.3467649603399,Core CS,Finance,4.513655193298318,108903.90602096358
7.873048096475415,3,Tier 2,Germany,Top 100,2,79.63234681941952,58.14831153504482,Cybersecurity,Healthcare,7.803218991876488,94201.42939601268
6.1261497882619365,2,Tier 1,India,300+,1,59.285853095993616,77.48208270514066,Cybersecurity,Finance,8.13989954716326,50973.94512264404
6.746873240244159,1,Tier 3,India,Top 100,1,93.82943297521754,80.89678116764541,Cybersecurity,Healthcare,7.625235756400172,35796.63785131682
7.970478159983347,3,Tier 3,Canada,300+,2,54.50586488802231,69.51942620770792,Data Science,Healthcare,5.579313478889776,89860.07184086577
7.1133735309119235,1,Tier 1,India,Top 100,4,74.79414452391018,73.60452334200865,Data Science,Healthcare,6.630274814683872,77813.02838622378
8.855463631985355,2,Tier 1,India,100-300,2,57.4393212265361,70.17746214036458,Cloud,Manufacturing,5.20988174731922,59523.364965933506
7.314654271515497,1,Tier 1,Germany,300+,1,57.683794914990514,55.94022022077994,Core CS,Manufacturing,7.115080674742909,96042.98654070674
6.752706828637999,1,Tier 1,India,300+,0,67.17442120749689,58.161562306415355,Core CS,Other,4.277851406463349,46801.30525804023
7.566486941350872,0,Tier 3,Germany,Top 100,0,44.547537887882655,90.09723544760008,Data Science,Consulting,4.676697811732334,91243.48604762748
7.765361853435667,0,Tier 2,USA,300+,1,78.1292377745277,83.68402087970881,Data Science,Other,5.22871088555402,120000
7.406393061530035,0,Tier 1,USA,Top 100,2,64.27233269825419,49.083016736835944,Cloud,Other,3.651276027791792,120000
5.277687525638013,1,Tier 2,Germany,100-300,2,87.35188552295568,59.950020483288,Cloud,Consulting,3.8214123561342017,74494.66125578881
7.310862883624772,0,Tier 2,India,100-300,1,62.36764671474284,49.2301897844028,Core CS,Manufacturing,4.943044780493417,36066.70307409248
8.994399613946232,0,Tier 2,India,100-300,1,68.97127298513766,62.23240935268021,Core CS,Other,7.464243900991248,54825.31938044288
7.670792619561314,3,Tier 2,UK,300+,3,76.7289579413799,64.7875210762647,AI/ML,Manufacturing,4.089819753572318,103999.56600155956
7.065463486838052,0,Tier 2,Canada,300+,0,74.13933933138541,42.6290473133932,Data Science,Tech,5.9406853669510324,104364.13505843304
7.735261186390215,1,Tier 2,Canada,100-300,2,92.09230059931336,81.93615034468174,Data Science,Healthcare,4.862085763422903,103198.3525041171
7.213913851257522,0,Tier 2,Germany,Top 100,3,84.68123523944655,71.90439890639378,AI/ML,Finance,6.24266714098823,100924.07848906786
7.257358244956811,1,Tier 3,USA,300+,4,70.33057104035672,62.86226714461335,Core CS,Other,4.995021370060293,93043.1909140131
6.860032194643673,0,Tier 3,Germany,100-300,2,85.33218115100284,74.36302407965589,Cybersecurity,Manufacturing,2.888577525193751,72747.92338624573
7.429207874856322,0,Tier 3,Canada,Top 100,0,46.23216351699871,79.95780655022887,Core CS,Manufacturing,5.1379998713357695,83979.9060670758
6.28122561456717,0,Tier 2,Germany,100-300,4,77.99843877959422,48.16819819847889,AI/ML,Finance,2.7973813004574475,95373.97341814132
7.0225449258953025,2,Tier 2,UK,100-300,1,84.01165840817468,60.27667366606621,Cloud,Consulting,3.3543911604090315,94477.517595249
6.992704802684637,0,Tier 1,UK,100-300,1,72.92975776896952,66.41036161284454,Cybersecurity,Consulting,8.488149449305352,111433.49747368328
7.868716452665263,0,Tier 3,India,300+,0,98.49380821728047,56.94739377778991,AI/ML,Other,7.697403690422483,46896.94101109277
8.11216603921385,0,Tier 3,Canada,100-300,1,72.90270687598674,75.96938876934394,Cybersecurity,Healthcare,4.710504322223238,74843.23256276308
7.44624824508149,0,Tier 2,Canada,300+,0,85.97534741857353,65.45316679850004,AI/ML,Manufacturing,5.263003596601975,104482.18093768724
7.008282095874704,1,Tier 1,Germany,Top 100,2,90.94095331583048,57.32461122695942,Cloud,Other,4.933647669464218,108443.74715744249
6.755820236516266,1,Tier 2,India,300+,4,71.03816004073792,70.1236700978727,Cloud,Consulting,3.684514528275255,45442.5543623788
6.512390238272573,0,Tier 3,Canada,300+,1,82.37867677750774,50.227337826543966,Cloud,Manufacturing,4.26797537882052,69578.98731990451
7.045319939917686,4,Tier 1,USA,300+,2,82.09326271300182,80.6412006903436,Cloud,Consulting,3.1325435959908217,120000
7.423754203485385,0,Tier 2,India,100-300,1,100,73.81247332588667,Cybersecurity,Manufacturing,7.623422425537687,51284.85272885691
5.419626746916903,2,Tier 2,Germany,100-300,2,92.64911903493046,88.43433478184642,Cloud,Finance,4.133564957860058,76697.78773608016
6.2485316849449966,0,Tier 3,India,100-300,0,61.982759608637735,61.77372073978603,Cloud,Manufacturing,8.326595462346535,34554.6692036962
6.032244205727114,1,Tier 2,Germany,100-300,0,60.337400202339026,92.41600623401646,AI/ML,Manufacturing,7.251492248713654,100171.696310381
8.224600665874958,0,Tier 3,USA,100-300,2,87.36299483903629,53.15523312850557,Core CS,Healthcare,4.799404725844332,107930.13393356276
6.829245703255833,2,Tier 1,Germany,100-300,3,84.81779123334,53.04184969484089,Core CS,Healthcare,6.948970381234732,96295.58187994384
8.192580909479961,0,Tier 1,Canada,300+,2,67.25776249367213,73.5418546892516,Data Science,Other,4.614098440721513,120000
7.1189339657616895,0,Tier 2,UK,300+,3,69.02777069315236,59.83180592664461,Core CS,Manufacturing,5.072036609236963,92360.45835981437
6.509277869167248,2,Tier 1,India,Top 100,2,91.37334921575426,68.96310991285378,Cybersecurity,Manufacturing,5.7371046012935585,57482.774891284906
6.758024250809497,2,Tier 2,Germany,100-300,1,78.39459101681149,68.48927874900626,Cybersecurity,Tech,5.456825068589586,87859.31384786342
6.689458545167017,3,Tier 3,Canada,100-300,1,71.67991237265103,82.9139430481646,Cloud,Tech,3.74419970493851,81188.72917028808
7.13633297790039,2,Tier 2,UK,Top 100,3,52.815974253089585,63.984040275194005,Cloud,Tech,4.803131260491758,102503.460567733
7.128459184839891,2,Tier 1,UK,Top 100,1,35.96027637768817,60.59679398488069,AI/ML,Healthcare,4.566711659207219,120000
7.0024368161227315,3,Tier 3,UK,Top 100,0,51.65770986735319,77.31074536858452,Cloud,Healthcare,6.614111800017123,82799.1111382706
7.34955053579708,1,Tier 1,Germany,100-300,1,77.84300758605869,100,Cloud,Other,4.611007870062433,111400.86036794812
7.952517019829073,2,Tier 3,Canada,300+,1,59.77257454918307,67.70441385968024,AI/ML,Other,4.880486429894229,83470.83725979427
7.759643308353059,0,Tier 1,UK,300+,4,92.55045436891376,61.625429489727026,Core CS,Consulting,5.368605113692424,110893.0641086094
4.956863092078436,3,Tier 2,Canada,100-300,2,69.79442815419671,52.95702800009285,Data Science,Manufacturing,4.377513431073559,85100.441737663
7.43317018256383,0,Tier 1,Canada,300+,0,64.62470481374105,86.83376931875878,Cybersecurity,Other,5.521878931418356,105196.78672619724
7.607324128242118,1,Tier 3,India,100-300,1,86.06599477656468,65.35375960039119,Cloud,Manufacturing,6.634047126632276,38549.66847665837
6.538791679418624,1,Tier 3,Germany,100-300,5,55.34195917705666,51.29588866957086,AI/ML,Finance,2.634645464133578,77191.01413765062
7.313443204322037,0,Tier 1,Canada,100-300,2,63.92266173878829,60.23160797133558,Data Science,Tech,2.9890523751044324,120000
6.987752120661604,1,Tier 1,India,100-300,3,39.48570991114275,51.230182558339095,Cloud,Tech,3.649843890388658,50093.50423853134
7.095664294731322,3,Tier 2,Canada,Top 100,3,79.89364981354228,92.3050985037224,Core CS,Manufacturing,6.45582460875688,84013.45126435033
7.957257201331593,1,Tier 2,Germany,Top 100,3,63.291147425747525,60.803608026683,Cybersecurity,Tech,6.446679485175832,92414.73913765828
6.978156368392055,4,Tier 3,Germany,Top 100,1,68.13774851270145,68.23125863855503,Cybersecurity,Finance,3.989411995817562,72059.38313533238
6.645374199046792,1,Tier 2,UK,100-300,1,95.90088433890604,85.39257740816562,Cloud,Tech,3.081606391341327,98025.90719281444
8.369366784113875,2,Tier 3,Canada,100-300,1,72.484417409066893,72.18786526242367,Cybersecurity,Healthcare,6.935344738920129,80065.7894413912
8.176936261994888,0,Tier 2,USA,100-300,0,96.14161461542436,64.44347326822611,Cybersecurity,Consulting,6.110708884620218,120000
6.832541058278507,0,Tier 2,Canada,Top 100,1,64.28767465050443,72.27591316852704,Cybersecurity,Tech,4.01966486177419,93001.0578821836
6.464741809072066,1,Tier 2,UK,300+,3,52.23479266989613,64.44467638153463,Cloud,Other,7.78927464968168,91961.6611978054
7.831923749916861,0,Tier 3,Canada,100-300,2,77.75706688791475,70.89061274147186,AI/ML,Other,4.134586870874941,85831.52277644054
8.46080777083755,0,Tier 3,Canada,100-300,1,83.28730120799364,67.47806696550286,AI/ML,Finance,7.962205040537481,98305.03673804036
7.542340697071415,1,Tier 3,India,300+,1,50.40549423672019,88.5643690220093,AI/ML,Healthcare,2.9958729583573307,46804.45510815918
6.609670873483438,1,Tier 3,USA,300+,3,95.88223867869132,78.31751283596363,AI/ML,Manufacturing,5.919967993454202,97429.59084961547
6.515428061597329,1,Tier 1,India,300+,4,62.22311618226051,75.16894875138462,Cybersecurity,Tech,6.600184189650217,58693.38708078989
7.593676297607446,0,Tier 2,Canada,100-300,2,78.22478005575185,62.23454715005879,Cloud,Consulting,5.785624676229377,95177.59595499402
7.239434064325193,1,Tier 2,UK,Top 100,1,77.31454153774345,55.391872744461786,Cybersecurity,Tech,5.3514133102851345,119748.95866789045
8.249208957381482,1,Tier 3,UK,Top 100,3,69.8600653262802,63.316363905077665,Cybersecurity,Consulting,6.253749322954507,98442.3965549106
6.397265703723053,3,Tier 1,USA,300+,1,90.63584639860989,70.29922996848707,Cloud,Healthcare,6.237456873764716,117701.01183914323
7.367977714351293,1,Tier 3,Canada,300+,0,66.0891854937147,83.76280276440704,AI/ML,Healthcare,6.368307289560902,89807.12851815444
6.457827704198315,0,Tier 1,USA,100-300,1,63.6224293814392,53.13352426901104,Cloud,Consulting,5.606353535209335,120000
8.610709798021299,0,Tier 1,UK,Top 100,1,76.35927417111417,94.94711850662767,AI/ML,Healthcare,4.0696769971807045,120000
7.147744244691927,2,Tier 2,UK,300+,1,93.80792397031082,74.48088563643147,Cybersecurity,Consulting,3.6869585766363504,87054.18206721981
5.922298968376243,1,Tier 3,UK,300+,2,49.9875150393287,57.45305412352549,Core CS,Consulting,5.131147383572137,74710.5882669549
6.162471213854448,1,Tier 1,Germany,100-300,2,73.36469747430714,76.21539500820899,Cybersecurity,Other,3.002814130615975,98210.65619705529
7.429322202021829,0,Tier 2,Canada,100-300,1,61.407164632992114,66.00935775798587,Cybersecurity,Other,4.3177557196895675,96991.2828107946
7.948563323730397,0,Tier 1,Canada,300+,2,65.56905338109928,63.018661145473395,Data Science,Other,6.942008633538651,120000
7.575162648532054,0,Tier 2,USA,300+,0,86.53811779315802,52.22960364064596,Data Science,Consulting,6.423482656684427,110962.34583792833
7.796838148644653,0,Tier 2,USA,Top 100,4,79.04564784089527,55.57027571052018,Core CS,Tech,5.9694028282763165,120000
6.394563929144431,1,Tier 1,India,100-300,1,77.9589636256316,42.254763377895216,Data Science,Consulting,7.059861513378785,57250.3158776908
8.20106692156439,0,Tier 2,UK,300+,1,67.05316172343716,87.22608276944844,Cloud,Manufacturing,4.841832344315015,95605.9634789838
6.741856128926291,2,Tier 3,Canada,100-300,1,80.36263366218627,61.55398000282143,Cloud,Healthcare,6.423361250959281,80850.35385238384
6.799333586835962,0,Tier 3,Canada,300+,5,40.77326122448723,61.69030903763465,Core CS,Finance,4.893576143380649,67966.44264397118
8.062555313479246,0,Tier 1,Canada,100-300,1,56.68977208175909,90.48781328359809,Cloud,Manufacturing,3.9450759532312247,114144.24759105891
7.444984007520528,0,Tier 2,Canada,100-300,2,81.52680938482264,53.46560559940493,Core CS,Tech,3.3493977694519774,110469.48674465566
6.485185415695885,1,Tier 3,India,300+,3,85.58380315347296,55.42558917105427,Core CS,Tech,5.162255325878231,40745.33571244247
7.74227210246499,1,Tier 2,India,100-300,1,77.3745075261609,40.62816842553747,Cybersecurity,Tech,5.691447610428588,63673.8297564119
7.214873823090605,1,Tier 2,Canada,100-300,1,77.03574594665392,35.754721587463706,Core CS,Other,4.013588907039507,90190.89969232552
8.222774741130026,2,Tier 3,USA,100-300,3,77.29106084164556,83.43044833572517,Core CS,Healthcare,1.4160588904540563,99908.03861269583
7.430636863239706,0,Tier 3,India,100-300,1,50.82384594539731,38.32809262244686,Core CS,Tech,6.980166508877881,42062.308375779154
6.7080378163656915,0,Tier 1,Canada,100-300,1,66.42560954209549,80.8387843142916,AI/ML,Tech,7.32563374535732,120000
6.328632266128794,1,Tier 3,India,Top 100,3,46.84551521145791,76.51100298758467,Cybersecurity,Finance,5.191697717793629,40717.24297907064
6.164152644783173,1,Tier 3,USA,300+,3,61.64432834448806,80.71622175588583,Cybersecurity,Finance,5.801501771501487,74268.71946075627
8.644965703952257,0,Tier 1,USA,300+,0,91.44754927751136,74.14781985538826,Cloud,Healthcare,3.1106058940731036,120000
6.822997101131382,0,Tier 3,USA,300+,2,71.38043295549919,78.31145989184121,Cloud,Healthcare,5.380838069012007,83903.90531994241
7.24592535824728,2,Tier 1,India,300+,1,80.75011137219715,74.58664659183914,Core CS,Tech,4.3216763658502355,61078.69959023711
7.688378790687796,0,Tier 2,Germany,Top 100,1,51.975818308527224,64.28128957000689,Cloud,Manufacturing,3.940961008049768,100420.9777729449
6.533538049144849,0,Tier 2,USA,Top 100,1,63.3142376394551,61.34140549691502,Data Science,Finance,7.108684015401313,120000
6.866302628970871,3,Tier 2,USA,100-300,1,79.6949492434432,63.23839075126656,AI/ML,Finance,4.997315845661618,120000
7.22606396039064,0,Tier 3,USA,100-300,1,64.39361679284463,56.43551889643989,Cybersecurity,Manufacturing,2.0572497197686532,90852.04089491072
6.801047099053163,0,Tier 2,UK,300+,1,72.35908463097623,77.69406374450897,Cloud,Manufacturing,5.873543925232978,85471.10432962363
8.285876460815995,0,Tier 2,Germany,300+,0,87.28762290121152,62.56234950741807,Cloud,Healthcare,5.279770624817334,80292.32134744676
7.392779961310601,0,Tier 2,Canada,100-300,0,84.13877254331328,55.34172070673964,Core CS,Consulting,4.469313223081398,87247.24738276817
7.587902228839854,1,Tier 2,India,Top 100,1,77.91928643250706,77.40210023584638,Cloud,Finance,5.342033363612188,46648.92303915486
6.478914484966537,1,Tier 2,India,100-300,1,89.24267562987566,71.64615189338443,Core CS,Other,4.424278041472976,48627.011465250675
6.577106654600194,1,Tier 3,UK,100-300,0,78.90329580188167,75.7397015164415,Data Science,Healthcare,6.353136136146443,81229.95745958699
7.469091215004075,1,Tier 3,UK,Top 100,1,76.6029826814372,66.57636873245346,Cloud,Manufacturing,7.156768460612129,84538.8893278783
7.990626457146909,0,Tier 3,Germany,300+,2,49.369261658275114,52.11223763013652,Data Science,Manufacturing,5.441358443872928,78522.85151144685
7.017017261388849,2,Tier 1,India,100-300,0,52.91856179357687,46.92303237496711,Cloud,Healthcare,5.377311678985562,56327.4579667609
7.247066410079171,1,Tier 3,USA,300+,4,53.75589010752233,63.67528342075547,AI/ML,Consulting,4.511435845951251,102809.93705815377
7.452407716505236,1,Tier 2,UK,300+,0,66.48157029838497,82.54853978821264,Cybersecurity,Healthcare,4.751269902666536,88746.54043775528
5.591389792675345,3,Tier 2,Canada,300+,2,91.04687050263522,55.913334803635856,Cybersecurity,Tech,6.1588249007297184,81790.71196770076
7.304926707906223,0,Tier 3,USA,300+,1,59.78294489365059,62.644084723654935,Core CS,Healthcare,4.643061813274248,91024.07574719364
8.031802203266196,0,Tier 1,Canada,300+,2,67.37269462037293,78.46055062994901,AI/ML,Manufacturing,7.445968772316412,119695.53872930382
6.83278139417118,0,Tier 2,Canada,300+,1,70.93928172304858,65.4570490771673,Core CS,Consulting,6.41745310329686,77971.41232860267
6.31958363663256,1,Tier 3,Germany,100-300,2,69.11204325164097,62.78831430839622,Data Science,Finance,7.705672499475272,76113.21225168942
6.535581240156222,1,Tier 3,Germany,300+,2,50.85265366531925,75.43847948422903,Data Science,Healthcare,6.6686167286296305,71935.07433562097
7.470862723536488,2,Tier 1,USA,300+,0,85.46355573500449,64.23830581106394,Data Science,Healthcare,5.691549462218266,120000
8.335923603481126,1,Tier 2,Canada,100-300,4,31.589012841288188,54.46398407762609,Cloud,Finance,5.121561693545689,90700.69821718862
7.315737223858385,0,Tier 3,Germany,100-300,3,70.66238581740548,76.90633310813625,Cloud,Consulting,6.255745776097972,77958.03271248126
7.957305189316521,0,Tier 1,Germany,300+,2,56.581354963552585,73.57199980651106,Cybersecurity,Finance,3.6301978892160887,103861.90146105728
7.011750555783357,0,Tier 2,Germany,Top 100,2,63.306028052583336,62.51818975564723,Core CS,Healthcare,4.591900429401375,89370.07856772903
6.3720813495342075,0,Tier 2,UK,100-300,1,73.62079662699455,63.05924360893133,Core CS,Other,5.719874358457163,93098.53037188796
7.518624347075087,0,Tier 1,Canada,300+,2,62.786365218916885,61.17177474036162,Cloud,Consulting,7.003822606657987,103599.91591292564
6.903241481113775,1,Tier 1,Canada,100-300,2,58.285635617054595,81.48549143685261,Core CS,Consulting,5.485602347923431,99220.6444476026
7.335625955125622,0,Tier 2,USA,100-300,4,58.52667309720571,59.39333607811744,Cybersecurity,Manufacturing,4.969936314112985,118788.88494842382
7.577905086262217,2,Tier 1,UK,100-300,1,70.82324949391628,76.76693606133944,Cybersecurity,Healthcare,5.2672809914773255,111576.1232890956
8.381571080986724,0,Tier 3,USA,300+,0,87.592079317005485,87.10417610155875,Core CS,Healthcare,5.182047416824685,90613.49664266087
7.179747780601509,1,Tier 3,UK,100-300,2,74.321935863857,68.70643624981498,Data Science,Finance,7.008974715734264,102359.29535522655
7.746072665498472,1,Tier 1,Canada,300+,1,72.98089049598163,73.94731755957132,Cloud,Healthcare,2.6119584963190534,103843.65009769652
5.591352950415379,1,Tier 2,UK,Top 100,2,84.26883656678781,60.58180719281679,AI/ML,Consulting,3.0672216614782264,90825.32014138428
8.010067282741746,0,Tier 2,UK,Top 100,0,77.87380834877293,42.013521621646696,Cloud,Finance,5.966188255423119,114835.160578106
6.558513483286043,0,Tier 2,Canada,Top 100,0,64.17798239690211,50.10679710767009,AI/ML,Finance,5.6442858599099335,102806.37105863416
9.046559428534602,1,Tier 2,Germany,300+,0,67.02671238377633,83.15788214238086,Data Science,Healthcare,7.67042577440935,115807.46649687603
6.54860192107409,1,Tier 1,Germany,100-300,1,74.50754600501119,60.02621432017085,Data Science,Consulting,4.935362069993299,113097.04823339292
7.1476410425576296,0,Tier 1,India,300+,3,45.152773227786234,80.31325237865371,Cybersecurity,Healthcare,6.471989629812722,53218.77294848545
8.2336879620543,0,Tier 3,USA,100-300,5,93.84183380322152,64.99778026741559,Cybersecurity,Finance,6.696824221135869,92810.45001074825
8.604874310527299,1,Tier 1,UK,300+,1,64.56269155240453,65.04447498175455,Cybersecurity,Manufacturing,5.714698356566466,118907.26779225438
8.649202861309119,0,Tier 2,Canada,100-300,1,61.31274126241944,61.23645170858174,Core CS,Other,3.57619085799657,92094.1906710186
7.966692984474515,1,Tier 3,India,Top 100,3,78.2574435370969,70.22325530032388,Cybersecurity,Manufacturing,6.369930457600958,44296.57142494958
7.81925002064917,0,Tier 1,India,300+,0,76.05765117814438,65.06457271094263,Cybersecurity,Consulting,6.589002575148581,56148.99541804789
6.997300434071239,1,Tier 2,USA,Top 100,0,44.957373533126784,56.711895107361705,AI/ML,Tech,3.545507410275935,120000
6.8638523019800575,1,Tier 3,Germany,300+,3,100,73.60887355856273,AI/ML,Healthcare,5.904510382644543,72473.97169588444
7.557109957965372,1,Tier 3,Germany,300+,2,63.84505047149086,44.419187840585536,Data Science,Tech,6.101006086727278,81525.76236329201
7.070725509033478,2,Tier 2,UK,100-300,0,53.2188569868723,75.74301693214824,Cybersecurity,Consulting,6.509995446516942,89761.50596157543
6.933855451325841,1,Tier 3,Canada,100-300,4,59.82318983674016,56.94309989546317,Cloud,Finance,4.942449265822911,77554.48782965328
6.9026019932933735,3,Tier 1,USA,100-300,2,71.32552806901346,57.97851609607764,Cloud,Manufacturing,5.007479049873823,120000
8.210759794593706,0,Tier 3,USA,100-300,5,94.55409621551988,53.83101359776447,Data Science,Other,7.176838447638915,106324.53269210804
7.504649347643822,0,Tier 3,USA,Top 100,2,76.42671828442928,69.27051108471966,Core CS,Other,4.499617365733736,93354.2321687246
6.180650540536636,1,Tier 2,USA,300+,1,78.60727486202691,65.94573076993916,Cloud,Manufacturing,5.1570562300335245,100406.4092282682
8.483274053067351,0,Tier 1,Germany,100-300,1,69.42462032673033,60.42661641219543,Cybersecurity,Tech,3.9632168098070335,115408.6154098222
7.976826956420283,1,Tier 3,India,100-300,1,63.73363476642645,66.12786869376139,Cybersecurity,Healthcare,4.586320683573598,33452.17818245688
6.702234579143157,1,Tier 2,Germany,300+,1,91.39118180011448,81.90142300598478,Cybersecurity,Manufacturing,7.1080559703976824,80447.55535115587
8.507669044747686,0,Tier 3,USA,Top 100,0,62.24141842295147,62.9079331317218,Cloud,Other,4.62786875502616,104043.48563508267
8.234594822617751,1,Tier 1,Germany,100-300,1,57.329697309139696,70.76671010255777,Data Science,Other,6.7184385084982745,120000
6.608920462570981,2,Tier 1,Germany,300+,0,73.71925983382643,70.08759799528822,Cybersecurity,Healthcare,5.347528220737542,99382.91009431177
6.104306053368791,2,Tier 2,UK,300+,3,83.35639821355261,59.63118601483803,Core CS,Consulting,2.5365000959823285,77077.2778739523
6.881917930961065,0,Tier 2,India,300+,2,77.2069632587833,71.57301318501541,Core CS,Finance,6.417537842263983,46328.33458207619
5.724237546186563,3,Tier 1,Germany,100-300,2,77.08838343825275,74.39285401108457,Cybersecurity,Manufacturing,4.657997491574659,81744.21389957605
7.410880085255773,1,Tier 2,Germany,100-300,1,65.18757920754369,75.33453954666264,Cybersecurity,Healthcare,1.5667084633790032,88466.58962272816
6.573839328270471,3,Tier 1,Germany,100-300,0,38.2352950124414,53.19382744986882,Core CS,Other,8.610302316274115,92895.5769527716
6.977988075959491,1,Tier 2,Germany,100-300,2,63.6067330881701,76.60679773467875,Cloud,Consulting,6.314604865591982,88587.82400694695
8.417801277335796,0,Tier 1,USA,300+,1,43.94381803662509,77.1482425323502,Data Science,Finance,7.551662379407881,120000
8.329007371638296,0,Tier 2,India,100-300,0,77.68145507732368,68.99762535073693,AI/ML,Consulting,7.279644884990276,62562.251317365226
6.634322994730983,0,Tier 1,UK,300+,3,67.38116330925966,86.12573291908737,Cybersecurity,Tech,5.551505436342064,106804.01040417702
7.375019404860019,0,Tier 2,USA,300+,2,71.92128950500565,69.36995465665564,Cybersecurity,Consulting,5.640658549338282,104174.43314749427
6.2012916486493666,0,Tier 3,Germany,Top 100,0,84.13303542684703,49.26387160851358,Cloud,Manufacturing,6.831550912313788,63914.16642676942
7.241433519855573,0,Tier 3,UK,Top 100,2,54.76301364026331,52.381479332877845,Data Science,Other,5.771347231587526,95270.51635804903
7.612864222707753,0,Tier 2,UK,100-300,0,55.156795805073465,98.52292013095638,AI/ML,Manufacturing,5.15725725546986,111275.26325015844
7.981546579107446,4,Tier 2,Germany,300+,2,81.55336842709995,38.820941521316186,Core CS,Tech,6.84930784460379,99884.47803750688
6.919876738816038,0,Tier 3,Canada,100-300,5,91.51592498713887,65.74132427382042,Cloud,Healthcare,6.449161273376141,74100.23119595782
6.837060999858427,0,Tier 1,USA,Top 100,2,85.33361508217462,59.260150280105336,Data Science,Tech,4.350260252418472,120000
6.3384957167681115,1,Tier 2,Canada,100-300,1,60.06053022273048,72.76183239220492,Cybersecurity,Tech,4.680699547759967,88760.33626130695
6.818816886478778,0,Tier 2,Germany,300+,1,88.52567634299439,56.69755847824637,Data Science,Consulting,5.342557316205379,96487.55981358176
7.730867700986599,1,Tier 1,Canada,300+,2,63.89558652077316,39.5388037525567,Cybersecurity,Other,4.801811915257792,108658.99633418172
8.194150855167617,2,Tier 3,UK,Top 100,2,86.65658181303714,60.57206574811438,Cybersecurity,Consulting,6.000027084297596,80595.20448329157
6.982906164521251,0,Tier 2,Germany,Top 100,0,52.482892955394135,51.92366753869157,Data Science,Tech,4.128888490961216,106409.9950292019
7.589475117673946,0,Tier 2,UK,100-300,0,70.18136882705426,55.962171391270694,Cloud,Healthcare,6.68169634330951,97219.8581209678
7.41275137416328,2,Tier 2,UK,100-300,1,78.89528566315754,45.5524210856114,AI/ML,Healthcare,4.81245074151236,115429.00413927466
6.576757858122964,0,Tier 2,USA,100-300,1,43.129261845100515,61.55279830376403,Cybersecurity,Finance,4.328641488972209,110485.20455186098
7.635411743697462,2,Tier 2,Canada,300+,2,75.39571991007259,66.267167317826,Cloud,Healthcare,7.294450147510533,88061.02002277625
5.707894547275592,2,Tier 1,Germany,Top 100,2,59.748130682372825,100,Data Science,Tech,1.8780045860840375,120000
7.931791483565737,2,Tier 1,UK,300+,2,71.41341956789735,75.54685829467127,Cloud,Finance,7.099040777995074,110252.31972196138
7.1604553577847545,2,Tier 1,UK,Top 100,0,97.3806282419084,57.71463911765771,Core CS,Healthcare,6.540028064207622,120000
7.918909879542972,3,Tier 2,Germany,100-300,1,79.98399541977138,38.85854167421401,Data Science,Tech,4.938608846706241,111862.87517834824
6.187342544817282,0,Tier 2,USA,100-300,5,53.896824314278575,64.25298348014121,Cybersecurity,Tech,4.175825305744932,108628.72418243616
7.049343879878378,1,Tier 2,UK,100-300,1,80.45304007877951,53.77140074388527,Core CS,Tech,5.2266580634575615,93565.18972793772
7.343053200264459,1,Tier 1,Germany,100-300,1,67.29346850207355,70.76917551085037,Cloud,Healthcare,4.496999099726296,105959.75736953062
6.706377728733342,2,Tier 3,USA,Top 100,1,89.76187626107777,92.83260034687588,Core CS,Finance,4.359754103103379,98693.93454937944
6.337927823481024,1,Tier 3,Canada,100-300,4,93.88939734931208,64.44046627572764,Data Science,Tech,3.7227549653164513,88955.93215682756
7.723147872868957,1,Tier 2,USA,300+,1,49.59935123575509,73.42787310663925,Cybersecurity,Healthcare,6.239922645265203,112264.53087574782
6.19221543623205,0,Tier 1,Germany,100-300,1,48.99091052002456,77.92526898811697,Data Science,Finance,6.513417128886719,114507.13224667095
7.4953234088041585,1,Tier 2,USA,100-300,3,82.1894436017415,66.3148371289334,Cloud,Finance,5.6615464384218885,110544.41446525572
8.645996375769359,2,Tier 1,Germany,100-300,5,59.77614850265921,94.269460439522,Data Science,Consulting,5.3736888437153745,120000
8.099901135318548,2,Tier 3,USA,Top 100,2,62.66497701859011,73.53971161416496,AI/ML,Other,4.521200633163464,116542.9083639542
6.483228656700372,0,Tier 3,UK,300+,2,77.45680852479661,49.24185638848906,AI/ML,Manufacturing,6.713290196752763,77445.6398632789
6.360646394679797,2,Tier 2,UK,Top 100,1,95.64488334910752,53.64039907981386,Core CS,Finance,4.6678396843792616,101638.47283302384
6.613805182254374,1,Tier 1,India,300+,0,85.79612892513947,51.603617454569246,Data Science,Other,5.0621197145637025,65207.78524486495
7.098136252795836,1,Tier 2,India,100-300,3,83.26904422915977,97.13012237531642,Cybersecurity,Finance,5.456612028218996,49300.79913174296
8.299742766775648,0,Tier 2,India,300+,1,50.15534420591287,50.92497041505928,Data Science,Finance,5.346587213909736,55934.903758151035
7.258463418492823,1,Tier 2,India,Top 100,1,66.57114139544929,68.39805308660729,AI/ML,Consulting,7.1319037626359885,58213.35336336674
6.79811719829897,0,Tier 1,India,100-300,3,67.24079590287653,68.69223328822581,Cloud,Consulting,4.770255628845326,54421.30979166042
7.706487821717728,0,Tier 2,USA,300+,1,79.93970501798324,67.47118397754936,Core CS,Tech,5.3389545542623935,116928.88310146288
6.937730242389758,1,Tier 3,USA,Top 100,1,41.40928047217854,46.614344002690515,Core CS,Healthcare,5.521272690847574,97478.8666735866
9.55448605427589,0,Tier 2,UK,Top 100,1,46.49023723949293,79.3609554703185,AI/ML,Tech,6.118475699942507,120000
7.239002326692549,0,Tier 1,Germany,300+,2,65.49140118893624,76.01465355239843,AI/ML,Finance,3.421006855441099,120000
6.398567159923853,1,Tier 3,USA,300+,0,100,72.86194736597865,Core CS,Healthcare,1.51511812520236,81281.82052356798
7.918756567357404,3,Tier 2,Germany,100-300,2,94.88182250825268,42.261420700475725,Cybersecurity,Manufacturing,6.776311785001796,95848.58420135392
7.090616328430212,1,Tier 3,UK,300+,2,73.18116799015085,74.21943686180218,Data Science,Tech,1.861566409019941,90209.90360382998
6.465484731568805,1,Tier 3,Canada,100-300,3,83.50506000641846,72.95410603966431,Core CS,Finance,1.8028759489434951,76365.12606012939
8.498638220974037,0,Tier 2,USA,100-300,2,62.58522950843583,75.60042655001158,Data Science,Consulting,5.275203109849607,120000
7.864038452571719,1,Tier 2,UK,100-300,3,74.12987592927135,67.72026430362827,Cloud,Manufacturing,3.389770745123189,104546.66376695863
8.02481308938809,0,Tier 2,Germany,Top 100,1,75.13211462180568,84.97398771910851,Core CS,Consulting,5.4251173336033975,91011.88563013372
7.054284408421923,0,Tier 3,USA,100-300,1,44.34781309805557,99.29376813841432,Data Science,Other,2.4792687810057035,100261.24506845356
7.682218940097775,2,Tier 2,UK,100-300,4,81.85592818794676,74.45561567629909,Cybersecurity,Finance,6.596083301708387,99918.21795272767
7.38778625383558,0,Tier 1,UK,100-300,2,84.25971981782749,54.028796393076526,AI/ML,Consulting,4.534084757732698,120000
6.732179734314768,1,Tier 1,India,100-300,2,70.49992726882618,50.104845772120605,Core CS,Manufacturing,5.706142129787241,63111.11927508788
6.677081229406403,4,Tier 2,Germany,300+,0,90.39877052354862,45.938235910610345,Data Science,Tech,6.074585880688636,105359.6450372864
6.235901936520517,0,Tier 1,USA,100-300,0,68.53330189680494,68.13403799456911,Core CS,Tech,4.0561735812075534,120000
7.338879252474769,1,Tier 3,Canada,300+,1,86.40757662459518,37.67874868744656,Cloud,Tech,3.735743285376559,76299.8869638461
8.650019935394516,0,Tier 3,USA,100-300,0,72.79132674747112,84.45216985799098,Data Science,Other,6.76658911677717,114132.73936080272
7.019375565338207,0,Tier 2,India,100-300,0,100,81.28940987472872,Data Science,Manufacturing,2.2504305276141428,47798.08974436297
8.129776444332343,2,Tier 1,India,100-300,1,56.19252992136072,78.82283454645764,Cybersecurity,Consulting,5.854352604575608,51731.359906145895
6.936286887003428,0,Tier 2,Canada,100-300,0,59.415435964187154,77.13044829192492,Data Science,Consulting,5.361634357466455,97608.51210598928
6.150085177482496,2,Tier 3,Germany,100-300,1,50.2065206694633,64.1669493620531,Data Science,Healthcare,5.69497055240542,79728.96765179074
7.78858399654389,1,Tier 3,USA,300+,2,87.68566447386058,62.768613731646255,Cybersecurity,Consulting,8.769711925043637,93945.89827195356
7.949908841251801,1,Tier 2,Germany,100-300,2,60.16424867951648,60.85425414201298,Cybersecurity,Manufacturing,5.665890527597544,90011.93225562808
9.071650913614892,1,Tier 1,UK,300+,1,52.32086575972012,70.80451465611645,AI/ML,Healthcare,6.38715349166602,120000
7.463706538570861,0,Tier 2,India,100-300,0,72.83366938174683,68.83982058528142,Data Science,Consulting,4.012838574123593,54411.862166940744
7.260637053265733,1,Tier 2,USA,300+,3,67.39383690015536,63.30199249544991,Cybersecurity,Tech,6.185199794855103,120000
7.155507441261869,2,Tier 2,Germany,300+,1,51.264348407818424,88.28262932576612,Cloud,Other,5.005839802728543,72697.89063549359
6.717466965751449,0,Tier 2,UK,100-300,1,82.94951163356498,85.09223410460771,Cybersecurity,Tech,4.58525948981884,102063.7945025872
7.270787074769353,0,Tier 1,Canada,300+,2,65.53735986572919,92.31097652308549,Core CS,Consulting,4.782584195758363,107099.06927763316
7.1347687810156915,1,Tier 1,India,Top 100,0,66.29250194933381,73.31867870352855,Cloud,Manufacturing,6.995145112431192,61012.06979588664
7.911902848903236,0,Tier 1,USA,Top 100,2,99.23689177211028,77.2708567212064,Data Science,Healthcare,5.915559055977582,120000
8.053692053871892,1,Tier 1,India,100-300,2,73.90672072063458,94.47019332606362,Core CS,Tech,6.5225777048071425,66613.6886811001
6.905545178407137,3,Tier 3,Germany,300+,3,71.23476987227413,48.30961615087635,AI/ML,Finance,3.399802510059138,88762.01137449095
8.037595637248888,0,Tier 2,India,100-300,2,72.15659225591591,69.88078926302481,AI/ML,Healthcare,7.083652075539606,53130.58096820437
6.9817055501608944,3,Tier 3,USA,300+,0,48.510704421062655,55.213314730435656,Core CS,Manufacturing,6.359405398188898,85360.66368010353
7.672496021203642,1,Tier 3,Germany,300+,2,77.21005248369725,77.96729999953372,Cloud,Healthcare,5.714548430842876,69025.83796506486
7.437386854561104,0,Tier 2,USA,Top 100,1,67.3543189444134,81.46964941181199,Cloud,Tech,6.853751376742505,120000
6.808854320664245,1,Tier 2,UK,300+,3,52.22303683655359,64.38079556213266,Core CS,Finance,7.118306992135008,91555.5075385378
6.70654047054825,3,Tier 3,Canada,100-300,1,92.08759214862933,77.21081382211077,AI/ML,Consulting,3.74027975909026,77537.4730944856
6.686593480764943,1,Tier 2,India,Top 100,1,52.50252845344803,31.98455040747161,Core CS,Healthcare,1.7868128116737307,43650.37291714759
8.292300551575554,1,Tier 2,India,100-300,1,79.99718945385814,81.24662060333733,Cybersecurity,Tech,4.61006612587996,47071.4183055168
7.973726816660397,0,Tier 2,UK,100-300,1,71.98032627074706,61.93120233138627,Cloud,Healthcare,6.080130648499166,96695.13312906632
8.217052841537962,0,Tier 3,USA,300+,0,80.00571371002555,71.91808698360376,Data Science,Finance,5.266696341142422,110343.69608681236
7.798648718518368,2,Tier 1,Germany,100-300,1,65.87645714249004,37.52213504195994,Core CS,Finance,5.796372265223891,103576.6685483764
6.654703749825561,1,Tier 2,India,300+,1,83.89008851966085,49.99603401735206,Data Science,Finance,5.875630066355368,50066.81964411219
7.322984072269287,0,Tier 3,Germany,Top 100,0,65.04183565269972,30.41235229204267,Cybersecurity,Other,4.19328777202979,71582.01007156144
6.980643514887267,0,Tier 2,USA,100-300,3,81.52853121322791,72.12223142674681,Cybersecurity,Consulting,4.368348605255826,112020.74683379612
6.277038511415897,1,Tier 1,India,100-300,3,77.21059817938286,83.09718841655005,Core CS,Finance,5.610903097508017,50690.42545184944
7.259487425377283,1,Tier 1,Germany,100-300,4,73.49655903811795,59.80297361191912,Cybersecurity,Manufacturing,5.687579184605859,95916.05029059434
6.056768167072158,2,Tier 2,India,100-300,2,44.92526034504566,71.83152084758271,Data Science,Other,2.744809600844542,48648.645517394325
6.6283061621612855,0,Tier 2,USA,100-300,3,60.02263108175699,74.08552583062655,Data Science,Consulting,5.073200027363252,120000
7.160927724698271,1,Tier 2,USA,100-300,1,75.0998540627221,86.00841398867993,Cybersecurity,Other,3.4863319195169997,107875.25481727374
7.226630297236913,0,Tier 1,Canada,300+,2,81.2797315283829,73.45676687049645,Cybersecurity,Tech,4.742857815130806,115598.3619305986
6.792876021036738,0,Tier 2,UK,Top 100,2,65.60507969386136,42.496712655072415,Data Science,Manufacturing,4.599589514916799,105419.06017937728
7.469355041180219,1,Tier 2,Germany,300+,1,46.88175190569331,75.44142512872253,Data Science,Healthcare,3.793329253957334,98933.88767871444
6.620077074701981,0,Tier 2,UK,300+,1,76.77438994341928,91.99310769588205,Data Science,Finance,5.078769640025175,108650.20951636926
7.697037837965795,1,Tier 3,India,Top 100,3,62.58819305461807,46.12329374099224,Data Science,Tech,5.631574394484827,47182.27381952956
8.551143199246628,2,Tier 2,Germany,300+,1,75.93453540769664,54.58991672385647,Cloud,Healthcare,5.654571276182641,85989.65575772288
6.19973494031554,0,Tier 1,Canada,100-300,1,67.74754431792303,100,Cybersecurity,Healthcare,4.063835957284973,89653.07715140647
6.457804023580119,2,Tier 1,USA,100-300,3,68.31312357320894,61.42497652067116,Core CS,Other,4.324040564028612,120000
7.411126279727132,3,Tier 1,Canada,300+,3,83.94075727100707,43.006662370643134,Cloud,Finance,8.188845171503463,105448.52954869135
7.143665425551679,2,Tier 2,Canada,300+,3,74.1060071117726,42.90981020055514,Cybersecurity,Healthcare,6.595391011992859,85479.90681114692
7.280504079418847,1,Tier 2,Canada,300+,1,70.75620913029624,42.755485717217105,Core CS,Finance,6.821262126236124,90906.99141897602
7.391349704118131,1,Tier 2,UK,100-300,2,64.11805653649233,72.5722162646743,AI/ML,Finance,5.525994472577587,116620.36985195748
7.507777174849416,0,Tier 3,Canada,300+,2,70.22520362917898,74.60818616068606,Core CS,Manufacturing,5.338522834202903,69612.11050806542
7.32785492554281,0,Tier 2,Germany,300+,1,65.93527562132547,65.2158700341225,Core CS,Manufacturing,7.666486708273332,83032.38659195304
7.538058960962185,1,Tier 1,Canada,300+,1,70.19305658254339,83.87955240215891,Cybersecurity,Consulting,5.798998091143076,110967.40273467627
8.519905547916172,1,Tier 3,Canada,300+,1,71.1161125524518,54.98456296999485,AI/ML,Consulting,4.876039747608339,96074.246072914
6.893893002893941,0,Tier 2,Germany,Top 100,0,68.98218056189368,85.14357195796279,Cloud,Other,4.4502123626275845,90266.38384144413
7.885664535429578,1,Tier 2,UK,100-300,2,64.65052727841002,50.52509794328215,Cloud,Tech,5.693415807221014,113165.14704804376
6.903695068837122,0,Tier 1,USA,100-300,1,38.27405377527327,86.13715970544985,Cybersecurity,Healthcare,2.2252500695109108,120000
6.571737451236862,4,Tier 1,USA,300+,3,43.962199272349515,62.782058958447315,Cloud,Healthcare,5.522186112075648,119628.08523095472
6.927573374156672,1,Tier 3,Canada,Top 100,3,100,84.00467248511097,Core CS,Other,3.237844507491644,78491.71686411818
7.152399743823253,1,Tier 1,India,300+,3,100,78.55006857387873,Cybersecurity,Tech,7.793166333704033,56095.08713948995
6.6516109035441255,1,Tier 1,India,300+,1,82.1446560050777,37.54796357430611,Core CS,Other,5.899229230392162,47123.38706390417
6.792362657932866,1,Tier 3,UK,300+,1,46.38744612739477,70.17919489704971,Cybersecurity,Healthcare,5.71086549111388,68238.3477587173
7.591048384710002,0,Tier 2,USA,Top 100,2,69.86674749417175,49.85521654441116,Data Science,Finance,6.1543613631852825,120000
7.492293987210442,1,Tier 2,Germany,100-300,2,56.444102592904514,61.213506640716346,Data Science,Finance,5.985772145564386,106457.89564738808
7.868785692940026,1,Tier 1,USA,100-300,2,62.455443559094505,55.78492392641635,Cloud,Finance,6.118052470386674,120000
6.571229243908761,0,Tier 2,UK,Top 100,2,53.910126451053074,50.784351923381706,Cloud,Tech,4.344420324930021,91230.96072717349
7.646446238624916,2,Tier 2,UK,100-300,2,82.89098865150612,67.71349299527029,AI/ML,Other,5.280106007186268,109077.82414570458
7.293829850721073,0,Tier 3,Germany,100-300,3,97.20500193818586,56.420522166129295,Cloud,Consulting,6.252389877724821,74846.40412830732
8.470546941436098,0,Tier 2,UK,100-300,3,67.3051864847525,62.843867202989266,AI/ML,Tech,6.070375763912969,120000
6.821227214102518,1,Tier 3,Germany,300+,1,69.81249523762916,85.14258007004872,AI/ML,Tech,6.285998578637527,89249.60756416792
7.63995352155364,0,Tier 3,UK,300+,1,72.99005361165148,78.40136504278628,Cloud,Finance,5.300658408447704,73005.38809638322
6.157054064682916,1,Tier 1,Canada,100-300,0,46.18711189310923,74.0933526268005,Cybersecurity,Manufacturing,4.3037153565209945,100638.62956886942
6.145757662736646,0,Tier 1,USA,300+,2,54.657686427262874,52.342154347094954,AI/ML,Healthcare,6.123244267101264,120000
7.760246073578861,1,Tier 2,Canada,100-300,3,54.52466402921801,56.26651226865302,AI/ML,Consulting,6.078058652284452,113091.92765965588
8.368490698065541,0,Tier 3,Germany,100-300,3,58.52018352927289,48.41848000134702,Data Science,Tech,3.9190123976511937,88241.20029643134
6.916440625170023,0,Tier 3,UK,300+,3,98.77076130704336,72.83676529915977,Cloud,Manufacturing,4.263767676046214,75021.09981529447
6.864942621447992,1,Tier 1,UK,100-300,1,75.79749842425869,93.96860746847788,AI/ML,Finance,6.203847134023205,120000
7.056041730490545,2,Tier 2,USA,100-300,3,66.90991393165767,73.5674870108775,Cybersecurity,Manufacturing,7.810252162757478,98726.43792490054
7.190695186187828,1,Tier 2,USA,100-300,1,64.96868907171759,62.89611174445851,Cloud,Finance,4.8085820709784235,112741.48515313688
7.780158103825944,0,Tier 2,Canada,Top 100,1,68.62394372160814,62.701337042792815,AI/ML,Healthcare,5.746031307480311,105189.71957091482
7.400875335951876,2,Tier 1,Canada,300+,2,60.45851659636419,81.62977488046207,Cloud,Other,5.620659530189097,107343.78894744672
7.151665293278994,2,Tier 3,Germany,100-300,0,63.06787260049846,74.36675266227562,AI/ML,Other,5.338790226875942,81883.88833173583
8.098926836130365,0,Tier 2,Germany,300+,2,56.56974753008824,53.52216907445608,Data Science,Manufacturing,7.236600885523857,105003.60405184
6.890041188297847,1,Tier 2,India,100-300,0,100,79.50829741237531,Data Science,Tech,8.114375852422771,54097.818727719714
7.762299637762351,1,Tier 1,Canada,100-300,2,34.55243478117921,41.66953873955205,Cybersecurity,Other,5.793219204747683,108300.91834652147
8.289822606390917,1,Tier 2,Canada,300+,3,71.04963556184497,42.70243829806144,Cybersecurity,Manufacturing,4.264730320719647,91229.182111555
8.051931562867239,1,Tier 1,Germany,300+,1,65.05978806745583,74.36558423437566,AI/ML,Healthcare,7.709718634234268,120000
8.311971623497115,2,Tier 3,UK,100-300,0,91.62560778042442,64.46409236243461,AI/ML,Other,4.922125055149805,95105.14363327042
7.593701992857514,1,Tier 3,UK,300+,1,89.6878618783757,88.84075476432892,Cloud,Manufacturing,4.009206323104424,69752.983433652407
7.060346911121274,0,Tier 3,UK,300+,0,76.68376121854865,61.92447616189403,Data Science,Finance,5.489092280188375,89784.67643222965
5.718427350482266,2,Tier 2,UK,100-300,0,71.84907090286636,75.89065682455768,Cybersecurity,Consulting,6.369859249071392,76193.8671942013
6.803150009496041,3,Tier 1,Canada,Top 100,3,54.90748408984905,95.6648105317344,Core CS,Finance,7.8551761266589395,115631.7083447136
8.736754173998252,0,Tier 3,Germany,100-300,1,65.70919840410785,55.72530558812268,Core CS,Tech,5.714536704290131,76108.44981656711
6.85929135005413,2,Tier 1,Germany,300+,1,89.61092323668308,88.94996002646656,Core CS,Manufacturing,5.11877045987405,99593.21003089624
7.4411883008323745,1,Tier 2,UK,100-300,0,62.243137984970765,63.644588710232085,Core CS,Healthcare,5.51067914601545,91173.52235051626
7.034881957097963,1,Tier 2,UK,300+,1,79.768273231778565,82.29395670492157,AI/ML,Healthcare,5.84764844731953,106133.32868102768
8.356040832344602,1,Tier 2,Canada,300+,1,67.32732751471399,88.22613819218193,Core CS,Other,5.884294756969322,97577.40007062595
6.97037056236127,0,Tier 3,UK,Top 100,2,89.32276639054909,52.27977460376189,Cloud,Tech,5.671870234757435,81399.96268624098
6.9335155418970444,0,Tier 3,UK,100-300,1,79.59137728243458,74.32370791631108,Core CS,Other,7.552257048597374,81554.78998649755
7.608044770951683,3,Tier 2,Germany,300+,1,86.81036625820396,55.836846857130695,Core CS,Healthcare,8.470654121259452,79982.03348521692
6.752632738360109,1,Tier 1,Canada,100-300,2,83.78949382644734,72.70314616584717,Cybersecurity,Finance,5.308317041363132,108997.41773599952
8.072360356818516,0,Tier 2,Germany,Top 100,2,74.8532778820808,60.2452052038619,Cybersecurity,Healthcare,3.81563740096198,89544.14790833429
7.170557302590152,0,Tier 2,Canada,Top 100,1,82.6465103865858,66.748828894177,Cloud,Consulting,4.030064585214945,84469.2313835935
6.398424534608945,0,Tier 1,USA,100-300,0,80.67625118384495,89.27218027255317,AI/ML,Healthcare,3.7238932399182,120000
6.363179314557208,0,Tier 3,Canada,300+,2,69.95025010165871,41.12642661167327,Data Science,Tech,6.927090837788295,90483.46852759788
7.8608057108788785,1,Tier 2,USA,100-300,2,72.47181708648642,64.02750252218236,Core CS,Manufacturing,4.960925431499734,111234.75633201514
7.017049318937554,1,Tier 3,Canada,300+,2,93.33021197526288,57.580943300091455,AI/ML,Healthcare,8.336700145746674,84790.92648315555
8.520952548602406,0,Tier 1,UK,300+,2,52.825589205215636,52.60234200790478,AI/ML,Consulting,7.267676651973531,120000
6.613551158653248,1,Tier 3,India,Top 100,2,60.86658769083672,57.93791584030193,Cloud,Consulting,4.1282753134873555,41256.56953375
6.424677344606064,0,Tier 2,India,100-300,0,68.99762877071844,73.49570353204449,AI/ML,Tech,6.131386037815552,41668.83433511095
6.210256378279053,0,Tier 2,Germany,300+,1,84.62004113808528,74.65439551576117,Cybersecurity,Tech,3.221805009046669,92495.53952291104
6.894994426326156,1,Tier 1,Germany,100-300,2,69.09365807109175,53.92520096355348,AI/ML,Tech,7.391237691254214,120000
6.820115214553537,0,Tier 3,India,100-300,4,66.08743773790489,73.3272674222072,Cybersecurity,Other,1.944828209364512,31510.909049838217
7.1349237375733825,1,Tier 2,India,Top 100,2,64.83649114277574,66.94709788084775,Cloud,Other,2.0607314360076665,45538.023927309885
6.127680738045723,3,Tier 2,Germany,Top 100,1,61.31651452766543,82.06674008045304,Cybersecurity,Consulting,4.001554107317041,92939.22109504636
8.128745903797016,0,Tier 2,India,300+,1,80.1117760603792,84.28403229123694,Cybersecurity,Consulting,3.693830679654144,50135.73581315473
6.9211294941725905,1,Tier 2,Germany,100-300,3,51.0932108957029,66.0040735804548,Core CS,Healthcare,4.05059770280665,83310.41639619763
7.015079698355878,0,Tier 3,Canada,300+,2,79.67337806733427,79.67233122313583,Cybersecurity,Manufacturing,4.825285299333094,83548.37489243485
7.186572905010801,3,Tier 3,India,300+,2,80.10392203453843,100,Core CS,Finance,5.8855994291005915,42384.88935190677
6.51005010028765,0,Tier 3,UK,Top 100,2,52.29128732791271,62.05111895853555,Core CS,Manufacturing,5.386511812559504,77995.92595048029
7.289202820164881,0,Tier 3,Germany,100-300,1,66.10328894469087,100,Data Science,Finance,7.536553022986226,90683.56307349772
7.0868477646212185,1,Tier 1,UK,100-300,2,72.75122575231357,74.25692918477905,Data Science,Consulting,4.18709697117561,120000
6.973416007484431,3,Tier 1,India,300+,0,63.16222313905029,67.44391451802406,Core CS,Manufacturing,6.153793057476105,49815.69467845484
6.833506514181968,0,Tier 1,USA,Top 100,1,54.710949975277515,62.18071083298012,Cloud,Manufacturing,4.880792827996164,120000
5.494520763601889,1,Tier 2,India,Top 100,3,54.18978070477176,65.22621850190704,Core CS,Finance,4.939693503922217,41031.55255998263
7.074275920912892,3,Tier 2,UK,Top 100,3,70.6877818083235,61.296496735991504,Cybersecurity,Tech,5.289991441845823,106427.69225654616
7.12788511359792,2,Tier 3,UK,300+,2,81.78447153460998,53.194398239454856,Cybersecurity,Manufacturing,8.209418424084006,73604.16450427337
6.177859887259233,4,Tier 3,India,Top 100,3,78.17294819522472,69.71181240669627,Data Science,Finance,4.545560296771257,42047.015054769065
8.01256627269176,1,Tier 3,India,Top 100,1,53.012118202199815,65.56867931252428,Core CS,Tech,8.410631953238154,41128.79667181123
7.775565760421389,2,Tier 2,UK,100-300,1,55.048996997156614,73.94571090774153,AI/ML,Tech,4.848266567011795,120000
8.42024871408761,0,Tier 2,UK,100-300,1,45.38879542979616,60.31691880589303,Data Science,Healthcare,4.973806604725897,112254.2334669232
7.800465854434383,1,Tier 3,Germany,300+,5,72.44512437017505,70.02564272929905,Core CS,Finance,5.315463096871591,68366.25723066682
6.4635038327386845,4,Tier 3,USA,Top 100,2,71.61022474121572,82.92933751565688,Cloud,Finance,7.267370943244213,91471.32129042482
8.113972240051464,1,Tier 2,Canada,Top 100,1,100,62.51817602894683,Core CS,Healthcare,6.255739326931668,93600.83289259144
7.230954903423886,1,Tier 2,UK,300+,2,78.17378388462686,54.760134264986846,Cloud,Tech,5.503994105385997,96086.81930695444
7.208257471016976,1,Tier 1,UK,100-300,2,92.0158892494913,74.57063327138404,Cloud,Consulting,3.694030801381111,110537.7664389702
5.601174421409455,1,Tier 1,Canada,300+,0,69.28667925542368,56.43527872116979,Data Science,Consulting,4.143322576149598,110114.5374499279
8.043472194302522,1,Tier 2,UK,300+,2,88.6848407144297,65.33316157187257,Data Science,Manufacturing,6.118603155566641,120000
7.826036963473326,0,Tier 3,India,100-300,4,46.91797634191553,60.59886355111605,Cloud,Tech,7.310079019642912,52460.539795176126
7.901364109462067,0,Tier 3,USA,Top 100,1,79.94007553187737,47.26152128304607,Core CS,Tech,5.158385037716861,99734.4797394124
6.671348569636332,3,Tier 1,Germany,300+,3,54.96779702361839,95.76146957573664,Cybersecurity,Finance,4.735287236273027,99162.55435801404
6.828063175769012,2,Tier 2,Canada,Top 100,3,89.2408708406656,71.01030959562507,AI/ML,Healthcare,5.56363263497011,107178.19483017936
8.048246996895687,0,Tier 1,India,300+,3,69.58935260705704,48.61175145203361,Core CS,Manufacturing,3.409418802708782,58293.91969565604
8.116547048631965,1,Tier 2,UK,300+,2,45.16563223119065,97.80193811246912,Cloud,Finance,4.936294262981853,97399.16640135869
6.832622501004378,0,Tier 1,USA,300+,1,85.67926296786983,68.63997608458587,Data Science,Manufacturing,3.300096640190803,120000
6.355303946803049,1,Tier 2,USA,100-300,1,54.269411839828635,68.43073206540173,Cloud,Other,4.532144922547509,99080.4499107127
7.771881306477966,0,Tier 3,USA,300+,1,91.25634558271666,84.31920399949698,AI/ML,Tech,3.7766951769964727,110350.90581914164
8.292466258838585,1,Tier 1,UK,Top 100,3,47.17141470235396,59.988254559052066,Cloud,Tech,6.274265978635461,120000
6.526028592677685,2,Tier 1,UK,100-300,1,74.14310199437708,77.31684400589484,Core CS,Tech,5.640615307505969,113617.72695972049
6.988438183297377,1,Tier 1,India,300+,0,51.29944690110258,71.02527267189471,Cybersecurity,Tech,5.3863721643642535,65553.33602926633
7.43702739840296,0,Tier 3,India,100-300,2,55.274099837142,74.49374454397059,Core CS,Finance,5.534419800555565,43027.97667621788
7.00513781584875,1,Tier 1,Germany,300+,2,69.28518796936639,68.2711212193622,AI/ML,Tech,5.795787673425798,120000
6.650891287578745,2,Tier 1,India,100-300,3,66.64728456494274,85.2519389571725,Data Science,Tech,3.3019346222108616,64839.041901200195
6.912312156859335,0,Tier 1,Germany,Top 100,0,60.1424196335242,64.18213138425025,AI/ML,Other,3.160153690180074,120000
6.792963149866318,0,Tier 1,Germany,Top 100,2,78.28171573816061,66.28678340927921,Cloud,Other,5.816304940177343,96313.2315591381
7.448735558352991,0,Tier 1,Canada,100-300,1,65.11034868102192,45.77010501066039,Cybersecurity,Finance,6.784561414868536,117214.08109354628
6.763615745576672,3,Tier 2,UK,300+,1,81.37474150889125,60.644682662943566,AI/ML,Finance,7.41425708230364,116658.35018647666
7.5575635236085885,1,Tier 1,USA,100-300,1,77.63024329341391,90.51588052470916,AI/ML,Tech,5.462327961142078,120000
7.938499710069313,0,Tier 2,India,300+,2,91.5832503503574,67.21103195942563,Core CS,Manufacturing,5.274301891005131,48375.17745782631
7.295713753758475,2,Tier 3,Germany,300+,2,100,66.37073071213116,Core CS,Tech,7.0728748350636925,73717.84868324312
7.358173540648222,2,Tier 2,India,100-300,3,67.95737091983042,57.801350156236175,Cloud,Finance,6.026538263113406,52755.795078092546
6.098586024872156,0,Tier 1,India,100-300,1,58.54441023533827,52.03569804847811,Cybersecurity,Healthcare,5.678431893655515,51544.46020409491
7.114354475810965,2,Tier 3,UK,300+,2,95.50921536570404,56.243239773507085,Data Science,Manufacturing,5.662246705938484,93293.78810283291
8.386011999588074,0,Tier 3,Germany,300+,2,80.75314173955111,55.74786722703537,Cloud,Consulting,4.889335474360013,69971.65996529198
8.785040116954105,0,Tier 2,India,300+,1,62.11193446760354,47.64518369018218,Data Science,Other,1.2866034935986406,53399.44036583036
7.510440881152606,3,Tier 2,Canada,100-300,1,76.50731671765493,78.29683711533434,Core CS,Tech,6.993319570379131,95611.91518530132
7.400675579955566,0,Tier 2,UK,300+,1,73.48752249219868,89.39755033713614,Cybersecurity,Other,2.26365597618619,99772.79554497462
6.565860960212783,2,Tier 2,India,100-300,2,82.53774458187873,80.54479190565301,Cloud,Other,5.58371315354675,47601.68897188129
6.865484945132168,1,Tier 1,Canada,100-300,0,90.81786891526863,71.87916789345645,AI/ML,Consulting,5.641438725152483,120000
6.622327537842298,0,Tier 2,Canada,100-300,1,91.3207592830805,79.63774379702434,Data Science,Tech,6.689800691824697,108032.56769901387
7.5983282048940275,2,Tier 3,Germany,100-300,1,81.44308243390938,62.19081264240027,Cloud,Healthcare,2.7352693110270336,64695.62958784541
6.141805579408155,0,Tier 3,India,300+,1,84.28474385936289,48.80736232467248,Data Science,Finance,4.9819259988702544,47386.924318474514
7.19139749128892,0,Tier 3,UK,100-300,2,95.2738673051024,64.52786664967334,Core CS,Other,4.1851381729280765,81000.12369514146
8.659266135799978,0,Tier 1,Germany,100-300,2,65.50879018363048,64.58990107834413,Cybersecurity,Other,8.167403235591955,106506.06435861808
6.264492326730862,1,Tier 2,Canada,100-300,2,60.97561608658144,51.51214832430871,Data Science,Consulting,3.843539777021482,92582.74263253124
4.9757699818029355,1,Tier 2,USA,100-300,2,45.55696605771399,94.4482321531585,Data Science,Tech,5.599209274969277,116780.51616331704
6.915241316556691,3,Tier 2,Canada,100-300,1,76.45508071861542,65.26601631201761,Cloud,Tech,6.493966537908996,95850.21521500686
9.115474677613628,0,Tier 3,India,300+,2,66.56937256217499,92.4359651799981,Core CS,Healthcare,6.986614730680316,41882.06664463434
7.868629059951478,0,Tier 1,UK,100-300,0,63.533875057288334,89.11263677602149,Cloud,Other,2.7117696437798124,117285.996283549
7.2153015529960864,1,Tier 3,Germany,300+,5,72.35493971225652,64.42653453632377,AI/ML,Consulting,4.62358529214964,76379.71501871267
7.497257511884841,2,Tier 2,UK,300+,2,57.913455543117415,46.346061630306465,Cybersecurity,Consulting,3.935482096857259,102709.61486724192
6.704311731165093,0,Tier 2,UK,100-300,0,72.64456860262248,40.28151339631096,Data Science,Other,5.468477851183354,114675.4226724266
7.301680315121749,0,Tier 3,USA,300+,3,93.06153642269533,51.19490588961436,Core CS,Consulting,5.8757709264388955,88684.24703347022
6.9765897490520175,0,Tier 1,India,100-300,2,60.57410919167273,83.057316802232,AI/ML,Other,5.627048930385387,64439.766189939655
6.958885021129211,1,Tier 1,India,300+,1,58.86823014340291,88.45644441449423,Core CS,Manufacturing,4.34038805233718,49896.68730021735
6.275414159309905,2,Tier 1,Germany,100-300,1,72.32095414603346,67.8131412003069,AI/ML,Healthcare,5.8756568392546775,116226.5685367428
6.476986929080944,0,Tier 2,USA,100-300,1,78.95574974475295,44.020789856554686,Cybersecurity,Finance,4.626757021695977,110829.69361897511
8.099550474536654,2,Tier 1,Canada,100-300,3,67.72160859626257,60.899449788704906,Cloud,Consulting,5.680376462952908,104540.13039892404
9.510198826927995,0,Tier 3,Germany,100-300,0,82.1554734089057,42.71800798915653,Cybersecurity,Finance,4.729867106370643,80579.87630993205
7.844845447252841,0,Tier 1,USA,300+,1,60.69005624174223,79.26569067558533,Core CS,Other,5.21667449609957,120000
7.228443259886125,0,Tier 3,Germany,Top 100,1,74.07614318024665,57.17611303707832,Cybersecurity,Healthcare,8.255572804751544,78566.46523957359
7.4168979427034705,1,Tier 1,USA,100-300,4,86.45832465756813,67.38733771851552,Core CS,Consulting,5.284077914680119,118664.33714957896
7.516172468760046,1,Tier 3,India,100-300,0,60.40973129341964,77.49581659578888,AI/ML,Tech,5.822218957663388,51160.524903405734
7.444483572802759,3,Tier 3,Germany,100-300,0,55.531527537909234,54.42800351666648,Cloud,Manufacturing,4.078583695800861,71099.88786403401
6.842129263754139,1,Tier 1,Canada,100-300,0,64.50282552962166,49.364507414017815,Core CS,Finance,3.422899059365662,106377.49353435697
7.907016077493652,2,Tier 3,Canada,100-300,0,63.50295477820525,58.40934830114329,Core CS,Tech,5.288540706223568,81853.46396930193
7.524720621223809,2,Tier 2,Canada,300+,1,89.96307981181424,58.95627498515229,Core CS,Consulting,5.24367233128125,93751.51995108396
7.15578895577502,1,Tier 1,Germany,300+,3,96.85768941312858,65.63198219069939,Core CS,Other,3.0885290986664806,98108.02642076666
6.689185237528891,0,Tier 2,Canada,100-300,1,79.60139146115645,68.91746904236732,AI/ML,Other,4.422828164917867,87802.5061799514
7.758021169698287,1,Tier 1,UK,Top 100,2,62.23789778682861,60.32924687483924,AI/ML,Manufacturing,4.01470074550703,120000
7.325641829699628,0,Tier 2,Canada,300+,1,81.16291630117266,78.25346801052626,AI/ML,Finance,4.627507138360266,108612.53373394324
7.689914777906207,2,Tier 1,Germany,100-300,4,69.42916362206284,82.51613078905496,Data Science,Consulting,4.549438959354239,116512.2335161084
7.762500036300869,1,Tier 1,UK,100-300,3,60.665555449969304,62.578615088325435,Core CS,Manufacturing,2.7280358335230135,105417.6203925822
7.5800766294783974,1,Tier 2,Germany,100-300,1,82.17172300504419,56.50910812724424,Cloud,Manufacturing,4.727823361874259,93582.92397790369
6.486814723821638,0,Tier 3,UK,100-300,1,88.27903165488335,41.7528747779643,AI/ML,Manufacturing,4.448341173299075,82035.86849999495
7.345538035739152,4,Tier 2,Canada,Top 100,2,84.173732484644475,81.48032149202156,AI/ML,Tech,4.625111651493658,119909.63735573272
7.60343306385086,2,Tier 1,UK,300+,2,77.51258723123037,72.15687791958756,AI/ML,Consulting,5.560277835672912,116619.4775899048
7.566643077760851,1,Tier 1,Germany,Top 100,2,55.40101416675395,83.74667115916897,Core CS,Healthcare,5.9279224129107595,113448.14184806596
7.856120190653142,0,Tier 2,India,300+,1,69.79398620771941,47.77583158135333,Core CS,Finance,5.6381051697762805,43211.63058961664
6.869546428844989,2,Tier 2,Canada,Top 100,3,89.2602500548469,51.575115620808205,Cybersecurity,Tech,4.8045258991043145,107139.73474502002
6.404077884154841,0,Tier 1,India,Top 100,5,87.66857930366317,49.40957916952403,Cybersecurity,Tech,5.4173114416813,57027.00772098485
6.459857380020495,0,Tier 2,Canada,100-300,1,73.06352785652108,54.37444569284358,Cybersecurity,Consulting,6.254611686496987,87772.51773303477
6.884385063427586,1,Tier 3,UK,300+,0,74.9237271858122,66.80257384391592,AI/ML,Tech,7.946158161367539,96520.13012165924
6.366064063200031,0,Tier 1,UK,300+,2,75.01837222425513,82.25285821600397,Cloud,Healthcare,3.8057161422525154,95848.61557929566
6.753630776288768,1,Tier 2,India,300+,4,75.31797737971307,83.27913279500689,AI/ML,Manufacturing,1.810035705999326,53759.562759780936
7.170634965898351,0,Tier 3,Germany,300+,2,61.10630201939959,60.17146874387844,AI/ML,Healthcare,4.453988737002775,81582.99707775767
7.000964380289779,1,Tier 3,Germany,300+,3,46.832075099800434,63.69537997879798,Cloud,Tech,5.756066497577112,64893.526688597056
7.527396534745924,1,Tier 1,USA,300+,1,53.24339929957401,55.10687333106734,Core CS,Other,5.119922432831388,120000
6.2480775191129085,1,Tier 1,Canada,Top 100,0,73.90045251845459,44.60538148874885,Cybersecurity,Manufacturing,7.748668151555296,96816.26432178974
7.663579873545399,1,Tier 1,Germany,300+,0,89.68500839972904,75.08191723224603,Data Science,Consulting,6.405240568599012,105611.55676810708
6.788388126951512,3,Tier 2,Germany,300+,4,69.62344770823017,70.09705638706605,Core CS,Manufacturing,8.1951462730072,80100.5140509194
7.047946104213063,0,Tier 1,Canada,300+,1,57.76057580312043,36.81668853154777,Core CS,Manufacturing,7.614601359022721,100417.1241123863
7.221901550366553,0,Tier 2,UK,300+,2,84.7479411055736,64.23581200655727,Cloud,Finance,6.065028253939644,91963.02289848449
8.440408945208683,0,Tier 3,UK,100-300,1,83.49789766870039,60.99175357967222,Data Science,Consulting,4.586508509768003,89990.24016347739
7.99115708235155,2,Tier 3,UK,300+,3,68.0901236997464,75.67766619731286,Cybersecurity,Consulting,6.481533308063034,69535.95858617534
7.1677275322197005,0,Tier 3,Canada,100-300,0,63.12862232491658,62.85671933553434,Cloud,Finance,3.6704239510880066,76870.31354850435
6.606691051494362,0,Tier 3,India,Top 100,1,72.81501492518532,67.84121042236796,Cloud,Finance,5.780766844367808,43325.49387788655
7.645698077309849,1,Tier 2,Germany,100-300,0,70.23856563917876,59.723469782309735,Cybersecurity,Tech,5.248714085380947,98549.25509535572
7.404376127333301,1,Tier 3,UK,100-300,1,45.290805473539464,70.37414740784432,AI/ML,Manufacturing,6.371983113715903,80729.52135470888
9.207728031128864,0,Tier 3,USA,100-300,0,90.66695208994749,57.11922580913315,AI/ML,Tech,3.838489179853239,120000
7.313932773743014,1,Tier 1,Canada,100-300,3,79.33570026161027,74.52059920959962,AI/ML,Tech,3.5107848722165063,120000
6.979540550246404,1,Tier 2,India,300+,3,83.2146187253711,62.06054973097365,Cloud,Consulting,3.7626594816631154,56693.58390228556
5.584739276088706,2,Tier 2,USA,Top 100,0,90.9941604119934,51.068846564077305,Data Science,Consulting,4.847991750127369,114470.65008292814
6.6725740495095165,0,Tier 3,India,100-300,1,58.18129010932307,50.26965131508177,Cloud,Consulting,2.3192820192839365,40249.518556390794
7.121883897626978,0,Tier 3,Germany,Top 100,2,77.7686899858054,46.474473214075374,Cloud,Other,3.3637490513646133,80534.74655283494
7.8968245338595775,1,Tier 2,Canada,100-300,1,70.8284657528855,62.30521830788903,AI/ML,Consulting,8.004329700252566,110269.7555898895
7.000165651934558,2,Tier 1,India,Top 100,0,66.66838273417237,55.74100145504312,Cybersecurity,Manufacturing,3.178468735601598,71985.15365244115
7.660078611734107,2,Tier 2,India,100-300,1,86.92150834840425,59.38147572005631,Cloud,Healthcare,4.508090561713779,46717.62449242064
6.3062958274312795,0,Tier 2,India,100-300,1,71.6095554877522,78.93028189414404,Data Science,Other,6.552743613568302,48702.137628636134
6.757019176978668,0,Tier 2,Canada,300+,2,50.80767368015127,100,Cloud,Finance,5.714058032960547,79877.04674700525
7.21004906320154,1,Tier 1,UK,300+,3,60.08059368193542,75.3800994685647,Data Science,Manufacturing,5.629147907380829,120000
7.680718369734378,1,Tier 2,Canada,100-300,1,74.53656531626984,63.77882486016103,Core CS,Other,1.3921143671570142,92370.12987664658
7.312371879943112,0,Tier 2,Canada,100-300,1,62.13523236484911,77.10670249793746,Cloud,Other,6.06722875108397,91717.5205887505
6.917422597654003,1,Tier 3,Canada,Top 100,1,92.5069103976966,82.57457439329342,AI/ML,Tech,4.333172261011254,97491.49045611928
7.212289879519703,1,Tier 3,Germany,300+,3,72.53382954152178,50.90897602211145,Core CS,Tech,4.783827468285397,74093.39269379419
8.138198508879952,0,Tier 1,Germany,100-300,2,64.0184767978971,58.34694023612344,AI/ML,Healthcare,6.185515461759252,120000
7.740972321793274,0,Tier 2,UK,100-300,2,59.293689918475195,64.12613613716884,AI/ML,Manufacturing,5.042266435983248,109624.19779826484
7.772317987672936,1,Tier 1,UK,100-300,4,60.1303440507959,53.38945595799325,Cloud,Healthcare,6.291532888686058,117136.11399998418
7.988904577444974,2,Tier 3,USA,100-300,5,57.64687072670441,30,Core CS,Consulting,5.3714501985758,86640.91563784987
7.07092607276915,2,Tier 3,Canada,Top 100,3,67.45865353683871,52.205954316564714,AI/ML,Healthcare,5.225277408972228,83494.33702169992
6.50587848365252,1,Tier 1,USA,300+,1,62.52346071430965,46.69255547094719,Cybersecurity,Tech,4.2263839540751755,120000
6.8884429794552,0,Tier 3,Germany,100-300,0,49.276648463328186,63.215841469306945,Cybersecurity,Other,4.203754471114682,72538.11347165181
6.639848588118871,1,Tier 2,USA,Top 100,2,90.59001038044272,81.99632408621594,AI/ML,Manufacturing,4.961932783550227,120000
7.000422367085278,0,Tier 1,Canada,Top 100,0,46.677033640656816,68.92701680934618,Core CS,Tech,6.698554280066279,117921.23531620578
7.480965399143292,1,Tier 3,USA,300+,2,93.98592170551088,37.85147202787659,Cloud,Other,6.781089164517138,86986.47814708763
6.559570520406734,1,Tier 1,UK,Top 100,1,64.87219115971675,91.52560685506336,Core CS,Healthcare,5.8211646139248945,106211.49099716372
6.881775744946022,0,Tier 2,UK,Top 100,0,100,69.92435355558952,Core CS,Consulting,6.276132743920174,94218.32369097398
6.637401272781589,1,Tier 2,USA,Top 100,2,50.68534487068575,54.68800949888976,Core CS,Manufacturing,5.519971961295426,114938.16802157392
8.161974027576596,1,Tier 2,UK,300+,1,75.86661981178013,63.979419410519135,AI/ML,Other,3.9604420493103314,109744.24165942273
7.261395811681856,0,Tier 3,Canada,300+,1,73.42352143930307,48.17931049112729,Core CS,Healthcare,5.2419614314223795,70067.48396797857
7.4977657152347215,2,Tier 1,USA,100-300,2,50.08366027292815,78.31331098574807,Cloud,Tech,3.098213431653818,120000
6.088933505775385,1,Tier 3,Canada,100-300,0,70.88611696097963,87.08333608921681,AI/ML,Other,4.281428864253768,87957.79267369508
7.831289429936215,1,Tier 3,India,300+,3,71.88765866297277,100,Core CS,Other,4.915002594253462,42858.75957627613
6.939388570771632,0,Tier 1,UK,100-300,2,48.94590645101079,98.22957200983792,AI/ML,Healthcare,7.220873026223178,120000
7.53638449379297,0,Tier 3,India,Top 100,1,78.57172336646785,49.09167533880631,Core CS,Other,5.165888061937848,43227.45155381056
5.756992987187148,4,Tier 2,UK,Top 100,2,81.84724416842799,78.79693241497026,Core CS,Healthcare,3.5270530347383526,91813.05413574132
7.654311726420023,1,Tier 1,Canada,100-300,1,55.29034451415076,80.07641749652437,Core CS,Tech,5.598578316356686,120000
6.278358756513992,0,Tier 2,USA,100-300,1,64.04844815913602,51.19158026245915,Core CS,Healthcare,4.95028562335719,112015.84580504528
7.900347827531816,0,Tier 2,India,Top 100,2,54.23794378376088,38.56760791606827,Core CS,Consulting,6.772449671821406,51567.88397484337
8.314138362604771,0,Tier 2,UK,Top 100,4,54.040695895608785,49.43779953832683,Cloud,Tech,4.347291720396894,114883.9855015104
7.510713540486706,0,Tier 3,Canada,300+,1,39.34362276679455,80.17941074252262,AI/ML,Healthcare,4.906045299811873,90304.57089673963
6.564708798308646,0,Tier 2,UK,300+,1,76.45047889322794,78.85834875388113,Cloud,Tech,6.4737735919118835,96975.82633285192
6.8697656751421645,1,Tier 1,Canada,Top 100,3,60.32327046657505,75.85382676830606,Cybersecurity,Tech,3.498703215375173,120000
6.198250035374822,1,Tier 2,USA,300+,0,71.01006113850133,38.45309261451709,Cybersecurity,Manufacturing,4.297819244373452,98032.3939443658
7.592659476336101,2,Tier 3,India,300+,2,71.95889453584175,55.845036568839625,Cloud,Tech,7.010339327359349,34925.20223769294
6.817120067727985,1,Tier 3,UK,300+,3,59.86680533045335,45.57253633101304,AI/ML,Consulting,4.242885363925864,77085.99696730729
8.930092337290333,1,Tier 2,India,100-300,2,83.10752961741292,44.2650423539724,Cloud,Healthcare,5.70756375147827,60089.22637790775
7.627683430318419,0,Tier 2,India,300+,0,55.68480837950335,80.55164571832766,AI/ML,Finance,7.527249066894337,70387.660020103
6.984591696212484,3,Tier 1,Canada,100-300,2,51.9923691886347,64.30236217297694,AI/ML,Tech,4.513548793664301,120000
6.789687336633386,3,Tier 2,India,Top 100,1,74.83606340552242,53.5844644051399,Cybersecurity,Consulting,4.729127791232175,44749.27675226885
7.0179727142496375,1,Tier 3,UK,300+,2,56.179505379121395,74.52118384466651,Data Science,Finance,4.150723264867842,90549.42303528715
7.891457355735097,0,Tier 3,UK,100-300,2,61.20099211979484,59.35661743982197,Core CS,Manufacturing,5.117812311456787,76296.25525854772
7.572305052352995,0,Tier 2,Germany,Top 100,0,75.25435629147877,67.37004482297793,Cybersecurity,Tech,5.656785002883245,110117.0465986969
7.015693326155192,0,Tier 2,Germany,Top 100,1,72.29965928575052,66.78238399063868,Core CS,Finance,5.313322989986285,88700.90147188371
6.541118581682479,1,Tier 1,Canada,300+,2,71.58155100225805,94.020035106844,Data Science,Tech,4.863854763769147,118592.62241058868
7.081485036209589,3,Tier 1,Canada,100-300,2,95.75473033355796,62.32367529213369,Cloud,Manufacturing,4.179152707954853,105899.3174714268
8.23921612119615,0,Tier 1,India,100-300,0,72.15247121415332,89.2310132121776,AI/ML,Manufacturing,5.766851987858013,70858.22431412603
6.008714339476879,1,Tier 2,UK,Top 100,1,67.80816522356237,51.24855225081203,Core CS,Tech,6.33285790984714,99284.67891932029
7.040710161484815,0,Tier 2,Canada,300+,1,81.1805018237674,53.81594584360549,Cloud,Consulting,5.842612645334533,93283.81375240046
7.138673331496326,0,Tier 2,India,300+,1,100,60.95912880998413,AI/ML,Other,5.296698655941427,52453.76443464625
7.195162558326801,0,Tier 3,USA,300+,1,56.51773996672049,59.4771836866569,Cloud,Healthcare,5.049011696307082,84801.82195496892
6.8214381962921555,1,Tier 3,Germany,300+,1,78.22046088259377,33.88339894215055,AI/ML,Other,7.671652656064417,89907.4002104443
8.191890750881665,1,Tier 2,Canada,300+,1,63.74729522168375,60.43394698716814,Core CS,Tech,4.8474248867484535,103296.37369700562
5.7192768172187876,2,Tier 1,Germany,Top 100,2,83.2147192544266,61.194472956575694,Cloud,Healthcare,4.521162071312917,92926.48086029678
6.337202380175803,1,Tier 1,UK,100-300,1,75.71858111604448,67.69039992485567,Cybersecurity,Manufacturing,4.176178137054143,99736.73971664948
6.917396191880762,2,Tier 3,UK,300+,1,54.58297405958933,48.77073571472586,Data Science,Healthcare,5.552958736561369,78387.02067276055
6.859316476454343,0,Tier 1,Canada,300+,1,75.26349655582027,73.37251701143546,Cybersecurity,Healthcare,6.588395068460683,86031.98799169964
7.016709190636769,1,Tier 3,USA,300+,0,54.71653475388496,66.83078490352834,Data Science,Tech,5.649621392211277,114782.13587107632
7.184560724574947,1,Tier 2,India,300+,2,52.68999195161015,79.11392045220765,Core CS,Consulting,4.180127079622875,44721.76895306211
6.745827922595013,0,Tier 3,Canada,100-300,2,69.29504161853397,84.00891050614437,Cybersecurity,Healthcare,4.583678975214677,75163.2242480225
8.025315036003015,1,Tier 3,USA,300+,1,59.252166986851094,75.64651939451207,Core CS,Finance,5.959343328120947,96448.92764757908
7.4461528485801,0,Tier 3,Canada,300+,2,58.84319850876322,83.84364859619224,Cloud,Other,4.689820927681214,60199.92436461462
7.912119230817013,3,Tier 1,Canada,100-300,3,56.48354213742079,62.491668032562266,Data Science,Consulting,9.261882616857807,120000
8.2644325492547,0,Tier 3,India,300+,1,69.41668796199878,65.04018650781633,Cloud,Other,3.817576700548443,38672.87978998746
6.187924646537705,0,Tier 2,Canada,100-300,0,59.74320905814975,46.40605630298147,Core CS,Tech,5.128712242427398,99940.50734637173
7.373086699557067,0,Tier 2,UK,300+,2,65.73605185876505,61.13356834001989,AI/ML,Tech,4.651685838496722,120000
7.789867613271282,1,Tier 1,USA,100-300,1,57.60831593052407,64.42230248913819,Data Science,Consulting,3.248526425658587,120000
6.744121981396125,1,Tier 3,India,100-300,3,86.07124189514518,45.292175965711955,Data Science,Healthcare,6.241787050954113,42661.494629328954
7.121406393798992,1,Tier 1,Germany,300+,3,75.68754852281414,60.37049654239818,AI/ML,Tech,5.932491076107871,120000
6.331885678695982,1,Tier 3,Germany,Top 100,0,64.97387604626299,61.676928803515025,Core CS,Consulting,4.601163813415319,64672.215274864306
8.671630977355818,2,Tier 1,UK,300+,3,79.59802968548352,61.0799799707031,Cybersecurity,Manufacturing,7.555853460253307,112751.9466376587
7.14779246311658,2,Tier 2,UK,100-300,0,77.04514575128931,75.37578240610085,Core CS,Healthcare,3.329314812334451,92234.08387005112
8.618884975383711,0,Tier 1,Germany,100-300,1,65.95483097068312,60.32161692529163,Cloud,Finance,5.2320608720083355,115738.70180453568
7.0054398756479985,4,Tier 3,India,Top 100,1,57.13640170897192,72.30145697248318,Core CS,Tech,6.4906180320825415,41836.06066487947
8.098278779741225,1,Tier 3,Germany,300+,1,75.06374554517392,83.19147178673458,Cloud,Consulting,7.234222826478275,73376.81000272516
8.22674696103706,1,Tier 3,India,100-300,1,80.98307347330477,79.62467474420515,Core CS,Manufacturing,2.0962054416558913,38360.087407871455
6.786678136612468,1,Tier 1,India,100-300,1,83.15157923099397,43.769081786072206,Cloud,Consulting,6.688946809495904,57410.64410362459
6.65660446376107,1,Tier 1,Germany,100-300,1,82.68679220962288,59.81531981229902,Cybersecurity,Manufacturing,5.197687178441952,107972.85810128214
7.369738132865554,1,Tier 3,UK,100-300,2,68.28584266994467,75.07961728417435,AI/ML,Finance,6.931580787024811,99581.86769862103
8.619447698629482,1,Tier 1,UK,100-300,2,100,68.54998507980179,Cybersecurity,Finance,7.658258653750284,120000
7.151764934088317,0,Tier 1,USA,100-300,2,84.29322804840245,53.56555579413456,Core CS,Manufacturing,4.233062809406611,120000
7.340709764954429,0,Tier 3,USA,300+,1,73.3500909305159,58.46444349977224,AI/ML,Manufacturing,4.528971677195923,106801.9359932934
7.015318221932602,0,Tier 3,India,100-300,0,71.635648331332,57.663594402141285,Cloud,Tech,6.487346526080267,33470.50278729221
7.390297827896859,0,Tier 2,India,100-300,2,39.454459699634384,80.50348601118453,Cloud,Tech,4.770143035137355,50541.79905349203
8.443478487829395,0,Tier 2,Canada,100-300,3,69.32517861509776,73.707310601057,Core CS,Healthcare,7.298946031882241,96351.10950652242
7.575806353718545,2,Tier 2,India,Top 100,2,85.42356971068175,52.75928269657073,Cloud,Consulting,8.61291903614539,48276.133845195145
6.234850898545593,1,Tier 2,Germany,Top 100,2,82.22213079226611,78.79419459593251,Cloud,Manufacturing,7.128589835017966,82964.1999109103
7.377925022304302,0,Tier 1,UK,Top 100,1,69.57088561156344,68.64474352720869,Cloud,Consulting,4.495159297443227,117646.94891164578
8.187292822828772,1,Tier 2,Germany,300+,1,100,54.575464248339365,AI/ML,Manufacturing,4.161335152899502,101516.46149196778
7.284490679028528,0,Tier 2,UK,100-300,4,83.62914037034157,74.38134039078766,Cybersecurity,Other,7.280022986748094,89934.44715073635
6.749553575581476,2,Tier 1,Germany,Top 100,0,100,49.60834222001343,Core CS,Tech,5.1572452495531484,120000
6.999433124338683,1,Tier 2,UK,300+,4,64.43272237514938,76.3173198705829,Cybersecurity,Healthcare,4.182147328124202,89700.48766126246
7.483612261084294,1,Tier 2,USA,100-300,0,60.26132713303143,76.9534301837531,AI/ML,Tech,4.666843529173786,120000
7.705866449858728,1,Tier 2,UK,300+,1,49.3707110076579,99.00116315691676,AI/ML,Healthcare,5.679707633916534,105971.08914888742
6.6239662817923985,1,Tier 3,India,100-300,0,81.1816723082174,56.28624170540459,Cybersecurity,Finance,4.953023732714969,39021.14017698634
6.947093908299342,2,Tier 3,Germany,300+,2,67.9827641899477,60.33772269224946,AI/ML,Other,4.5400488013253035,73393.36843978983
8.679777431333212,0,Tier 1,India,300+,1,52.18669478678456,64.75636711814232,Data Science,Tech,5.296656329815168,67478.50824553652
6.713327878383022,2,Tier 1,India,100-300,0,65.93933694812087,59.25443006040048,Cloud,Finance,4.217036145139734,59793.58808606708
7.595353577199949,1,Tier 1,Germany,300+,2,74.9239471655737,92.06446411278766,AI/ML,Other,4.09320291309488,111180.45265712868
6.855020661425518,1,Tier 1,UK,Top 100,3,44.06954652765115,64.47812299288225,AI/ML,Finance,4.903379967930416,120000
6.480501569342859,0,Tier 2,Canada,300+,2,54.58136675216702,65.93031025585182,Data Science,Healthcare,6.775829742874628,104813.4317261138
8.05704322581841,0,Tier 3,Germany,300+,0,72.36143207047667,58.78045858515393,Core CS,Finance,4.493898318246865,81511.04501822872
8.13568240361091,1,Tier 2,UK,100-300,2,61.68353813485038,81.3846375773312,Core CS,Finance,2.7183026679937865,99712.92183118768
7.8060109518695375,2,Tier 2,India,Top 100,1,85.44553974743204,66.57789787707995,Data Science,Healthcare,4.855936967993452,59989.49674516854
7.632500479330215,1,Tier 1,USA,100-300,2,40.939732880894155,65.8643352975087,Cloud,Consulting,3.1358392636548396,120000
5.423916945830531,1,Tier 3,UK,100-300,3,62.00994848193946,77.31866409441113,Data Science,Consulting,4.888522125627731,85349.33150100723
7.714077870639447,2,Tier 3,India,300+,1,77.0885639163684,62.69100596766681,AI/ML,Finance,4.480925357524721,46643.1528262132
6.031062456575375,1,Tier 3,Germany,300+,1,63.51384382244508,66.22558464477049,Core CS,Healthcare,5.0630251548109495,69324.49008362519
7.58461129525322,1,Tier 3,USA,Top 100,1,76.0028974312379,69.8347191692188,Cybersecurity,Manufacturing,6.007001720988968,96230.07507767956
7.011418454269148,2,Tier 3,Canada,300+,0,94.88463244237364,88.25587123710729,Data Science,Finance,6.784647205690714,82958.10921401068
6.236848464482684,3,Tier 1,Germany,100-300,1,100,66.46523931205195,Cybersecurity,Other,7.400639188601238,94277.90985564096
7.54905476556536,1,Tier 2,Germany,100-300,1,86.83181471594042,83.7792136778978,Cloud,Healthcare,4.318315749949582,85549.64543785901
7.467530384377987,2,Tier 3,India,100-300,1,48.0291230680337,58.42876386745979,Data Science,Healthcare,5.9788783772069864,46915.75964432717
8.58115246761239,1,Tier 1,Germany,100-300,1,48.19826282434541,51.949729906557366,Cloud,Manufacturing,5.490065473114342,105641.47843898104
8.2937700599749,0,Tier 3,USA,300+,1,85.8862434919296,90.28403491802833,Core CS,Manufacturing,3.5359483453472267,92253.36902090038
6.280972761341498,0,Tier 3,USA,300+,4,68.22901790967764,39.15143363370773,AI/ML,Consulting,5.6967761622127115,94955.51781946204
5.935749099408808,3,Tier 3,UK,300+,3,73.23060053430545,89.74646548270765,Cybersecurity,Healthcare,6.066981979962621,60916.3222976597
7.737320089539567,0,Tier 3,UK,Top 100,1,78.0835655042704,45.45562985146763,Cybersecurity,Healthcare,5.336651293128548,76445.07543097781
8.208923944197878,0,Tier 3,Canada,300+,2,83.92213657070496,59.58879503316376,Cybersecurity,Tech,6.649042136839698,74536.51513397167
5.998085244469505,3,Tier 2,Canada,100-300,0,72.7384773231533,82.19509089189003,Cybersecurity,Consulting,8.01403030881094,81914.97571157546
7.290905506099974,0,Tier 2,Canada,Top 100,5,86.04834003070422,69.53779310354976,Cloud,Other,7.414247091298083,93163.77786326232
7.70950991207784,1,Tier 3,UK,Top 100,2,71.7011082511803,83.90459075111481,Data Science,Finance,5.84966381251344,102500.09321199569
6.663390565055157,0,Tier 3,Germany,300+,2,81.99463188071049,100,Cybersecurity,Finance,3.9237995786888513,64917.89388987978
7.159158517437196,1,Tier 1,Canada,Top 100,0,88.80399503196037,47.78665737271928,Data Science,Manufacturing,5.699672444441178,119594.65507365424
7.349390841386808,1,Tier 1,Germany,300+,0,66.47314183480775,86.68586844121388,Cloud,Manufacturing,5.504880654332343,96554.7125063206
7.323435803969359,2,Tier 1,Canada,Top 100,0,90.3722508792546,78.41451490035284,Core CS,Manufacturing,4.744140669400651,112771.61445736984
7.988625753457724,0,Tier 1,Canada,300+,1,49.97268679619805,68.63427824476415,Data Science,Tech,3.720133898518778,120000
7.54417288436036,0,Tier 3,India,100-300,3,88.59047222472296,73.57792829237499,AI/ML,Manufacturing,4.917051009615621,45392.44873236395
7.95400600998238,2,Tier 2,Germany,Top 100,5,77.37985631528144,48.798540771957136,Data Science,Manufacturing,3.057908239650331,101750.86511025556
7.255721460735182,2,Tier 2,Germany,100-300,2,78.99280157042307,41.1260241476387,Cybersecurity,Other,6.483880816753794,88046.11498334291
6.934781861518683,1,Tier 1,USA,Top 100,2,65.90184367549288,77.82105984270095,Data Science,Healthcare,4.4935038719243,120000
7.278141186830669,0,Tier 3,Canada,300+,1,78.08152074410165,33.947048091565385,Core CS,Healthcare,7.643820300808883,71698.3977251918
6.45943353667071,0,Tier 2,Germany,300+,0,59.21472488576542,71.78932636664247,Data Science,Finance,5.399695792629459,89500.07447156441
7.02732193399042,1,Tier 2,Germany,100-300,3,80.612133589941,47.081670692703625,AI/ML,Other,4.2342103032675915,99599.27872640826
6.1302032489097575,0,Tier 1,USA,100-300,1,69.16332524706303,72.19410142292078,Cybersecurity,Consulting,4.8573580795172875,118606.5387321862
6.131339896891852,1,Tier 3,UK,300+,1,56.993987455882085,60.342076360148326,Cybersecurity,Tech,4.104071830358687,74267.27978970176
7.543498626365203,0,Tier 3,UK,300+,2,86.59401707494285,57.01355017732621,AI/ML,Manufacturing,7.07130794335887,91657.75144778614
6.0809647718730755,1,Tier 2,Germany,Top 100,3,76.73680852318203,60.38440569639003,Core CS,Healthcare,5.194077106273328,86184.93136488754
7.5330500007273695,0,Tier 1,Germany,300+,1,85.91617159107014,46.08016050055331,Data Science,Finance,5.529461082920548,115412.82140717273
6.457948278131476,0,Tier 1,USA,100-300,3,70.12286062411862,41.591205048899866,Data Science,Tech,5.905185237215836,120000
7.955287522437898,2,Tier 1,India,300+,1,80.91784681792268,68.17587364784463,Core CS,Healthcare,6.380074457238234,61262.17192659813
6.62847659015249,1,Tier 2,UK,Top 100,0,79.87889902025707,30,Data Science,Finance,5.983036275133635,109224.87110243391
7.369648714601517,2,Tier 2,UK,100-300,2,80.04232101791352,72.5518199479729,Cybersecurity,Consulting,7.187112955826557,83526.07423125542
7.626712407426076,2,Tier 2,India,300+,5,67.29743626545657,77.18442576932588,Data Science,Tech,6.050267306635015,60644.69670146653
8.137895889358806,0,Tier 2,Canada,300+,5,86.64748253385922,81.38993704178661,Data Science,Tech,8.339580480724349,117435.8198087131
8.391119731038064,0,Tier 1,Germany,100-300,1,53.21147392042868,58.06633738508808,Cybersecurity,Consulting,6.876121310848202,103696.8558374134
7.7830864406254365,1,Tier 3,India,300+,3,71.23313236451197,79.62072530199747,Core CS,Manufacturing,5.239849935149325,47528.51018441734
7.068254514052019,0,Tier 3,USA,300+,2,78.856996515855,47.64850279788797,Cloud,Healthcare,6.1349249380608954,85479.16967881024
6.353387422687259,0,Tier 2,USA,300+,2,55.38541853656222,48.57173066174673,Data Science,Healthcare,4.3641381063486975,115671.9419703916
6.335644474754748,0,Tier 1,Germany,300+,3,93.34661453686742,82.74875801880447,Cybersecurity,Other,5.635634545462051,95137.8070503106
7.418011284212606,0,Tier 3,USA,300+,3,85.51642861228092,59.653204490989246,Core CS,Manufacturing,6.243442229549837,93916.99187761816
7.334718576710947,1,Tier 3,UK,100-300,2,80.87690907703426,75.52086372028523,Cybersecurity,Finance,7.337980769844988,82432.90590838448
8.121278874357143,0,Tier 1,Canada,300+,0,76.25172636380051,43.78550969616517,Data Science,Finance,2.931746133012595,120000
7.520360074028911,2,Tier 1,India,100-300,3,61.2852887780907,73.74892827955544,AI/ML,Finance,3.4350824689608936,60758.57642646896
7.841558094178335,1,Tier 2,UK,300+,3,48.0071371174242,60.41936024859294,Data Science,Consulting,6.33632238294624,108237.78537325932
6.692822982438119,2,Tier 1,Canada,100-300,0,77.05695019930083,78.21691445628797,Cloud,Consulting,5.061396042556038,109535.88787738889
7.200160165001355,0,Tier 3,USA,Top 100,2,73.34003393793814,51.710686117551376,Cybersecurity,Healthcare,2.1791247966358003,89419.8900284826
9.48793484480429,0,Tier 1,India,300+,1,72.91805197394737,70.05508595121073,Cybersecurity,Finance,6.348011502927131,64495.31980083002
7.485378447308946,0,Tier 3,Germany,300+,1,79.64144396343302,72.07665665641261,AI/ML,Tech,5.8081895416957146,72175.12157305566
6.8534427050236895,1,Tier 1,Canada,300+,1,57.34977030530987,85.98607670801461,Cloud,Other,1.4428530403209383,107907.59013106512
7.42760451878444,0,Tier 1,USA,Top 100,3,92.96873107151868,72.1413979206084,Data Science,Finance,7.319364490584437,120000
7.710124340699069,0,Tier 3,India,300+,1,69.39349938935457,59.525822278872965,Data Science,Tech,4.949083551150895,47575.361001559635
8.436169084729858,0,Tier 1,USA,100-300,1,67.03405122258712,41.38144005052247,Data Science,Other,6.632116837392023,120000
7.184056607353122,1,Tier 2,Canada,100-300,2,73.13780248407649,62.07653530180423,Cloud,Consulting,4.10169931492877,91046.48323259708
7.532739401643569,1,Tier 3,Canada,300+,1,65.31796285017101,72.11969003444818,Data Science,Consulting,6.813757232635024,85564.86867249069
7.67115240037569,1,Tier 2,UK,Top 100,0,74.61583649341569,60.80954669124981,Data Science,Consulting,6.680489134300841,108987.00669945672
6.506197450762461,0,Tier 2,India,100-300,2,68.62002991419246,34.50128620202946,Cloud,Healthcare,2.8902716931870627,51514.96865160211
6.553358596843175,1,Tier 2,Germany,100-300,1,56.309642369885026,63.606702574976616,AI/ML,Other,3.55688214530193,100693.99395021722
7.351600984496181,0,Tier 3,India,100-300,2,63.049541245243695,96.2111800418988,Core CS,Consulting,8.527142350053374,40293.94302144233
8.3395939466780291,0,Tier 2,Canada,300+,1,53.23846239398969,44.29945832574742,Data Science,Other,4.327550324195062,114502.313674406
6.995523184936763,0,Tier 2,USA,100-300,1,86.55153094960616,50.620239687025304,Cloud,Healthcare,3.956337140255311,107979.86666115008
7.53499332447401,2,Tier 2,Germany,100-300,3,76.61935170786293,66.6272423515773,Data Science,Healthcare,5.315392399570653,98200.2857397082
6.1266392990885485,1,Tier 1,Germany,Top 100,2,64.59478097547562,60.61271567977378,Data Science,Consulting,3.629100303869659,114888.6660033649
7.556430206052622,1,Tier 3,Canada,300+,2,75.35654932480894,48.60409755253758,Cybersecurity,Tech,7.250815711939482,85965.59705572794
7.679281688594515,1,Tier 2,Canada,300+,2,82.13001391115475,55.20590217966651,AI/ML,Healthcare,5.067587637125314,100810.76220021576
6.942720598513547,0,Tier 2,USA,Top 100,0,73.2725610723271,72.05828410859681,Core CS,Consulting,7.430605010053402,109265.81677320488
5.785701002655353,4,Tier 3,India,Top 100,3,90.67326583790532,70.25868730882851,AI/ML,Finance,7.485638198129853,38769.66117603087
6.714376639354713,2,Tier 1,Canada,Top 100,1,86.65161241401043,62.5671303194101,Cloud,Manufacturing,4.80445006405047,106892.73971547556
7.7123065308158285,0,Tier 2,India,100-300,1,84.83847944581782,82.8085279359512,Cybersecurity,Consulting,3.550712033364708,49214.869352416245
7.460164012885253,0,Tier 2,Germany,Top 100,3,72.80111660076645,74.71361381006867,Data Science,Other,5.146435280285747,98824.48804817678
7.400532577104968,1,Tier 3,UK,Top 100,2,73.42017153482993,50.35383426862718,AI/ML,Manufacturing,8.579612684549687,82552.88235898258
7.005650526902541,0,Tier 3,India,Top 100,2,65.81486166721629,43.53103477123196,Cybersecurity,Consulting,3.4844762063673005,37463.55703919802
7.559062736162028,0,Tier 3,Canada,100-300,4,82.05224609497346,75.59633799830625,Data Science,Consulting,5.044792106492544,87402.09990297687
7.393615078394239,2,Tier 2,India,Top 100,0,61.21463398138136,61.65386103135614,Cybersecurity,Finance,5.439755826722122,60127.79543202669
6.579172125865936,0,Tier 2,UK,Top 100,0,81.66091978071577,69.77789035430253,Cybersecurity,Tech,4.674321988093539,106959.18110617256
7.877722169402957,0,Tier 3,USA,300+,3,91.98562625200267,64.14288267381323,AI/ML,Healthcare,4.689903959308378,115584.34081897952
6.309779388765503,0,Tier 2,Canada,300+,3,73.11914751682076,71.674659012183,Cybersecurity,Tech,4.444365248475005,88372.70839275922
7.554783129531195,1,Tier 2,USA,300+,1,74.46383024390146,51.081884895725665,Core CS,Other,4.976007777946548,110491.29359865063
6.686389888064697,3,Tier 3,India,300+,3,89.58920094337887,100,Data Science,Tech,4.414113708268764,45059.40665898849
7.847949107237298,3,Tier 1,UK,Top 100,0,56.20502856476472,51.065397915055335,Core CS,Other,5.925063082470565,120000
7.546855458560382,2,Tier 1,India,300+,4,97.1615226129122,69.28861093532755,Data Science,Finance,5.408149843492282,69135.58843118668
5.907235431039572,1,Tier 1,India,300+,4,83.33231973107027,98.21124408104592,Data Science,Healthcare,4.6341047584387915,45329.12661171535
6.704578288603037,1,Tier 2,Canada,100-300,0,86.07326753922544,81.72109868106146,AI/ML,Finance,3.4646073260749715,102039.79836179817
7.114710773873801,1,Tier 1,India,300+,1,60.44527624315034,86.12713349497481,AI/ML,Consulting,6.702323064937885,53905.23700941818
7.326922249184537,2,Tier 3,India,100-300,0,30,76.79956432149042,Cloud,Finance,3.5482329869632654,47013.933459662
7.89015069999194,1,Tier 1,Canada,Top 100,0,63.74497996553423,46.90513106473776,Cloud,Tech,4.58862676313118,120000
8.2269821679332,0,Tier 2,USA,Top 100,0,58.544194107849926,67.51786453284464,Data Science,Finance,5.66134713499117,120000
6.571358829558162,0,Tier 3,Canada,100-300,2,55.390452588526365,75.21588814416155,Core CS,Finance,3.521837923540519,73445.60018923556
7.988649296005551,0,Tier 2,Germany,100-300,1,71.16617301437377,91.36529280742268,Data Science,Healthcare,3.86102588578703,101140.9292553111
6.875281457650666,3,Tier 2,USA,Top 100,2,69.98300084884508,80.67550635888223,Cloud,Finance,5.267682043679819,111987.38586769554
6.56137016280752,3,Tier 3,Germany,100-300,2,87.66639730616549,79.47138792463485,Cloud,Healthcare,5.319299625951394,65106.778586559405
7.12801458068223,2,Tier 2,Germany,100-300,0,52.11204067047336,67.36297291522943,AI/ML,Finance,3.4101280839665966,103364.61530972304
7.893919052721968,1,Tier 2,Germany,300+,0,100,79.25640866241105,Cybersecurity,Manufacturing,4.406453245774858,84975.76352668392
8.15879938391434,0,Tier 3,Germany,300+,3,76.25219962356326,83.3166997005246,Cloud,Tech,4.337178738289063,81663.58528273468
6.712185083368731,2,Tier 1,Canada,300+,2,52.386130415655515,30,Cloud,Consulting,6.027104072383305,91256.39757881463
7.208224405266309,1,Tier 3,USA,100-300,5,71.89463360614202,43.70744677929081,Core CS,Healthcare,5.717585177042596,82054.11035553527
6.228992859031512,0,Tier 2,Germany,100-300,0,97.18369607560945,49.239271244955816,AI/ML,Finance,5.410638687630627,101477.07722837351
6.9610781187436395,1,Tier 1,Canada,300+,2,65.466071002545,66.57200774337043,Data Science,Finance,2.145652091204002,117324.90592777272
7.02623759632927,0,Tier 1,Canada,100-300,2,54.484671649995626,65.53718041774991,Data Science,Healthcare,4.084588713090733,112806.42366836563
6.393203732239945,1,Tier 2,USA,300+,3,53.69024649298315,91.58650587473456,Core CS,Healthcare,6.1111685658520525,102415.80113907122
6.815679428635386,2,Tier 2,USA,300+,1,67.16240813625906,59.14155463278068,Cybersecurity,Finance,4.227889966481621,107860.68381875734
7.71215872889983,2,Tier 1,USA,100-300,1,66.79110681159052,81.74826559200098,Cloud,Tech,1.200035613151825,120000
7.828199467779002,0,Tier 2,Canada,100-300,0,53.89964105935516,49.99510174325751,AI/ML,Manufacturing,6.785470792616184,93723.54539790723
6.2563913118460714,2,Tier 2,Canada,100-300,1,38.08123015585062,65.61892273621041,Core CS,Finance,2.465379212320123,80265.5593326611
6.4799808524744815,0,Tier 1,Canada,Top 100,2,85.66180607764939,76.47951437550702,Cybersecurity,Finance,7.236628914831901,113314.2951914508
6.933249624167711,1,Tier 1,Canada,Top 100,0,54.839999757523216,67.61100861872862,Cloud,Consulting,5.095517471972483,111036.85242446169
6.196834102334801,1,Tier 2,USA,300+,2,72.89212161369232,63.94562809850898,AI/ML,Manufacturing,6.24690049185039,118612.19489076753
7.055475469629,2,Tier 3,USA,100-300,0,81.03295374533462,74.11658014182905,Cloud,Tech,3.0262346022204056,100445.55289593054
6.562655932330188,3,Tier 1,UK,Top 100,3,77.4812769249528,64.39545011775796,Core CS,Manufacturing,4.515205464825512,110893.00145401031
6.782675911739157,0,Tier 3,India,300+,2,73.34985432920539,84.36955472081465,AI/ML,Consulting,4.445514942448124,38675.60139096648
8.33876167223883,0,Tier 3,India,100-300,3,67.03777151032857,79.2458002850659,Cybersecurity,Consulting,6.721403976443938,31432.027473345945
8.072368841432278,3,Tier 1,Germany,100-300,1,100,56.60236718408932,Cloud,Healthcare,4.975703789657123,116163.69042317566
7.663785934303339,2,Tier 2,Canada,Top 100,3,98.99123911718088,50.917960497680546,Cloud,Tech,2.410319586695356,100324.45142704164
7.655022115003889,2,Tier 2,India,Top 100,2,57.26042566465391,87.25874460391566,Core CS,Healthcare,4.421626029505437,55731.414557659155
8.230345534730041,2,Tier 1,India,Top 100,1,67.31057059740117,83.24481163825862,Cybersecurity,Finance,6.277936872215593,60856.15382832618
6.1019641550044685,0,Tier 2,Germany,Top 100,1,85.09918435100454,47.66968973129186,Cybersecurity,Consulting,6.888405331813696,82191.32801512982
6.265997743188589,1,Tier 1,India,100-300,3,81.66425249147812,63.41790652169758,Core CS,Manufacturing,2.8999577577928397,48172.389960166074
7.217196248660518,2,Tier 2,UK,Top 100,0,55.6950289116964,69.70753247211378,Cloud,Tech,4.31065244136316,107325.58989012166
7.441181020191618,1,Tier 3,UK,100-300,0,46.23680494977697,51.48989946242045,AI/ML,Manufacturing,3.976053124275652,91694.34269803316
7.272471373120397,0,Tier 1,Germany,100-300,2,68.32453442503167,75.12158663701675,Data Science,Consulting,4.27329992129846,108402.69651935528
7.312556736742516,5,Tier 3,India,Top 100,0,72.1871535444611,88.25764760355044,AI/ML,Other,6.152444787342601,48535.3773671683
7.837854165297159,1,Tier 3,Germany,100-300,3,41.41535742676642,69.90166754144497,Cloud,Tech,4.4724404069555215,88269.31716954624
7.935671993942218,2,Tier 2,UK,300+,2,84.5567723920714,69.21913369669892,Cloud,Manufacturing,8.143534998620995,97286.82184417402
6.816487404745578,0,Tier 3,USA,300+,2,81.13658133455,41.184721664871795,Cybersecurity,Consulting,4.406032501405477,88770.53380655963
6.96521844014891,1,Tier 2,India,100-300,2,60.620464725671454,49.63815039355697,Cybersecurity,Other,5.5095456398396525,45244.62200465726
5.7751139979554225,3,Tier 2,Germany,Top 100,1,46.01836726937509,58.23026827734779,Cloud,Tech,4.489888524854551,87244.98235528314
7.411403804814268,2,Tier 2,Germany,100-300,2,73.04694737217342,88.71511719679609,AI/ML,Tech,2.819521819634741,111027.22056433144
7.4576459533713155,0,Tier 3,UK,300+,3,93.47458216449635,65.9016770212596,AI/ML,Healthcare,4.6799752268853165,81275.72305960179
6.950247186400551,1,Tier 3,Canada,300+,3,38.90843487574878,44.17991267571718,Cybersecurity,Finance,4.117460517113216,72299.91958397506
7.899482687896402,2,Tier 2,Canada,300+,0,99.37996057559414,49.81365164603684,Core CS,Other,4.6142117915935,82171.95198885471
6.732738215216048,1,Tier 1,Canada,300+,0,98.0690517697479,83.56677235620529,Cloud,Tech,7.929178464101865,104340.77172984411
6.1842685290463075,1,Tier 3,UK,Top 100,4,51.29933121898628,46.48325362936453,Cloud,Consulting,4.887475289547326,80686.64244102481
6.98115827930061,0,Tier 1,UK,100-300,3,82.48834683960874,60.00293213166176,Cybersecurity,Finance,6.222888614683914,102194.2460651314
6.8605165936777315,0,Tier 3,Canada,300+,1,41.28586461136034,57.88932933104471,Cloud,Consulting,3.808679793980362,73530.94204227504
6.894821923462666,1,Tier 3,Germany,Top 100,3,73.89579289866569,95.3502831794639,Cybersecurity,Healthcare,5.012582119105051,81639.79081626638
7.660837737153205,0,Tier 2,USA,Top 100,0,55.84267462176175,50.62251666836107,Cloud,Finance,5.955491748881241,120000
5.714738319409056,1,Tier 2,India,100-300,1,76.09186157749275,33.397075841936356,Core CS,Tech,7.052325955152257,42202.55690638857
8.399667123364337,0,Tier 2,USA,100-300,0,62.25933141281206,67.31827300702673,AI/ML,Finance,5.510691121361668,120000
8.10516326295239,0,Tier 3,UK,Top 100,1,64.7718020754968,89.50474096900581,Data Science,Finance,6.870154241796885,93853.64990250512
5.9661898439155046,2,Tier 3,USA,300+,1,66.8547272733551,72.0120876709689,Core CS,Healthcare,8.322676914169172,76451.21588006993
7.235379303210795,0,Tier 3,USA,300+,3,63.20623396170675,73.0807330775576,Cybersecurity,Healthcare,4.804578429319175,80208.03309287658
6.267046467615006,1,Tier 2,India,300+,1,59.411086924618346,79.13944931930561,Cybersecurity,Manufacturing,6.689093831333098,36315.452149610544
6.334542233415644,2,Tier 2,Germany,100-300,2,79.98554221240599,63.632865391785245,Data Science,Healthcare,6.553795586424199,98042.98356636747
7.545641652570096,0,Tier 3,UK,100-300,0,63.45902647743008,71.43420258856078,AI/ML,Manufacturing,6.504025143937067,88867.08771220905
8.189796924268741,0,Tier 2,UK,300+,1,66.0830407668975,56.19952858320519,Data Science,Tech,6.401455285775084,120000
7.399748088242347,0,Tier 1,USA,300+,1,63.656365454547206,60.234070874450865,AI/ML,Tech,5.022385343615088,120000
7.377601816735419,1,Tier 2,USA,100-300,2,80.71910922869604,74.17365299596061,AI/ML,Healthcare,5.854934928806169,119115.96139633264
7.0607642143328695,1,Tier 1,Germany,100-300,1,90.39396609214688,64.63326837406913,Cloud,Manufacturing,3.197095996554098,99060.5975199199
7.695324851511419,0,Tier 1,UK,100-300,1,85.00575686245527,56.15954712991446,Core CS,Finance,4.147543032155868,114653.69626442158
7.709832669813394,0,Tier 3,UK,100-300,3,76.66572047140241,84.29890328000667,Cloud,Manufacturing,7.6351013037113,76411.19579897588
6.389371116657134,2,Tier 3,India,300+,1,56.98816750176741,85.9956477033484,AI/ML,Tech,3.3616040888571765,44350.83693723087
7.030350268358082,0,Tier 2,UK,Top 100,4,91.7476844885667,97.97084718353142,Core CS,Finance,3.459849294871387,99499.77077551704
6.83254894433651,1,Tier 3,Canada,Top 100,0,84.74273573129918,63.700070618391585,Data Science,Healthcare,2.168763835406483,86787.23426011039
7.85838243821281,1,Tier 1,Germany,300+,1,65.35882360621984,61.495618166122334,Cloud,Finance,4.48308695546139,107896.49416976597
8.891097995695489,0,Tier 2,USA,100-300,1,100,63.80573190405706,Cloud,Tech,6.56271939224285,120000
5.89516431747698,1,Tier 3,India,100-300,1,79.3406324534741,64.56300314579882,Core CS,Consulting,5.429665586279489,35893.70057497926
7.2430548764839005,0,Tier 3,USA,300+,1,72.79191590521681,67.09162336932444,Data Science,Finance,5.774920963602864,113626.15885535628
7.577250004100915,0,Tier 2,USA,300+,2,38.75753080198693,52.37226546413952,Data Science,Tech,5.404487497256655,120000
8.162608530656827,0,Tier 2,India,100-300,1,76.36233166855713,61.262311537717785,Cybersecurity,Manufacturing,7.301996398834336,42069.35807022761
7.554334898425289,0,Tier 3,Germany,Top 100,1,40.24673444500536,75.33096466130263,Core CS,Consulting,5.431557639523476,73132.63832194469
6.515311343392885,0,Tier 2,Canada,Top 100,3,65.14676592183324,41.87291845554085,Data Science,Consulting,3.3983889071075395,106800.0667130292
8.375502324965836,1,Tier 3,USA,100-300,2,86.7045804983822,44.309712688272,Cloud,Tech,4.237392005232772,108180.03912852
8.594012282534495,1,Tier 1,India,100-300,1,54.488123469787425,34.53080171565581,Core CS,Consulting,2.6008969328455604,61610.669746580934
6.560354291273136,1,Tier 1,USA,300+,2,68.62875625509356,100,Cybersecurity,Other,3.1821357133119728,120000
6.963671025654209,0,Tier 3,India,100-300,3,79.99866310248807,58.723744694765394,AI/ML,Manufacturing,6.295001549630968,50647.69738275797
6.98892980312461,0,Tier 1,Germany,Top 100,2,90.07040200472068,85.35467966922971,Cybersecurity,Other,8.331495487616984,109636.04275518974
8.15490560277505,1,Tier 2,UK,300+,2,53.994812609842064,65.63868401414456,Core CS,Consulting,7.665725422553846,94510.57300150883
5.994794484576595,2,Tier 2,USA,100-300,3,90.92508422452394,98.9199989209494,Cloud,Healthcare,5.047021819829832,115540.29364917772
7.650564149398382,0,Tier 2,India,Top 100,2,58.89122413702013,67.97037781637876,Data Science,Tech,5.809757474999791,59731.0953716453
6.776191865203333,0,Tier 2,USA,300+,1,67.46176933177856,72.86697352107518,Cybersecurity,Manufacturing,4.322733382986482,107808.89062141228
7.632297516841369,1,Tier 1,USA,100-300,2,68.29694347174784,78.63217213713983,AI/ML,Tech,5.463192050458951,120000
7.272041035655112,0,Tier 2,UK,Top 100,2,100,48.93590229878748,Cloud,Manufacturing,7.246413505567949,101410.82377455044
7.774547728426289,1,Tier 3,India,100-300,1,69.35463442778209,50.500439373355846,Cybersecurity,Consulting,5.454536424241507,42455.26196464244
6.734953293453342,1,Tier 3,UK,100-300,0,66.54678071642417,87.6038974340599,AI/ML,Tech,6.793415190960966,92555.04257191892
6.5102106123937995,0,Tier 3,USA,300+,2,68.84121445053717,64.07553143444588,Cloud,Finance,6.470598850059297,76966.92221419493
6.131879578753761,0,Tier 2,Canada,300+,2,94.66660780295328,37.23878605659176,Cloud,Manufacturing,5.352784963721155,92508.5437246637
6.339671576016836,1,Tier 2,Canada,100-300,1,70.65811023689741,65.32716458867081,AI/ML,Finance,3.8926934652454417,110877.0028163302
9.35927554024698,0,Tier 3,USA,100-300,1,57.12030480117714,85.74668198086756,Cybersecurity,Manufacturing,6.511095324614844,107943.84275801838
7.99574366458943,0,Tier 2,Germany,100-300,1,50.730440499896645,57.65890970862153,Cloud,Other,5.527461637477352,82435.2111140013
7.385492849374793,2,Tier 1,Germany,Top 100,1,80.2371425185731,100,Data Science,Finance,5.944412382691877,120000
7.437811837902373,0,Tier 1,Canada,100-300,1,76.92173830303079,61.01805364197813,Cloud,Tech,7.400542360171421,117415.31417807825
7.439107068253891,0,Tier 3,USA,100-300,4,64.57256431383715,68.8466000443207,Data Science,Finance,3.9841521725479256,107223.64060261358
6.899636591997679,1,Tier 3,Germany,300+,2,64.08811391911124,68.62708474537767,Cybersecurity,Manufacturing,4.077446276925373,62792.437679158655
7.068714405034664,3,Tier 3,Germany,100-300,3,67.41417797722202,58.38515820862983,Data Science,Consulting,4.418356587916454,87337.33272620014
6.816160295539845,1,Tier 3,India,100-300,2,35.36989637552124,62.22532219049394,Core CS,Consulting,5.917856311580624,39025.06051682949
6.318874852591749,1,Tier 3,UK,100-300,1,77.68405159608032,54.84257231678749,Data Science,Tech,6.000851720116928,91941.67027091136
7.7374412015818015,2,Tier 2,India,Top 100,3,31.257700341723748,61.74571662571916,Cybersecurity,Healthcare,4.547153146342907,51955.25862218156
7.38615030976737,0,Tier 3,USA,100-300,1,87.01022971048083,85.22397334126798,Cybersecurity,Healthcare,7.150835637852592,91246.62731709544
7.485480474572537,2,Tier 2,Canada,Top 100,1,53.93938676457023,61.514792329200375,Core CS,Consulting,6.145045342940591,99701.3540163086
8.645234851863634,1,Tier 2,Canada,300+,2,86.63039427957997,69.49480901445476,Data Science,Other,9.434217746562716,98097.26014552012
7.3789056614491635,1,Tier 1,UK,100-300,0,65.66667261992743,82.27393304719838,AI/ML,Finance,7.77240571200572,120000
7.444410117073799,0,Tier 1,USA,Top 100,1,80.57427503682331,84.78128289011255,Core CS,Finance,4.254586454414098,120000
6.763928068609675,0,Tier 1,Canada,300+,2,70.95265927606961,35.31489189000773,Cybersecurity,Tech,5.76610126507709,111512.92719665696
7.734763555153931,0,Tier 3,UK,100-300,1,33.47293770229476,80.27351892836275,Data Science,Consulting,8.310397555730738,82902.491027685
6.003426098842892,2,Tier 2,Germany,300+,3,77.86021701930824,85.47113967206487,AI/ML,Tech,7.012332442933819,91827.091587784
7.043947288799879,2,Tier 3,USA,100-300,1,69.1005453042592,84.77147731572695,Cybersecurity,Consulting,6.034884080407769,90070.57971453929
6.432336116200662,0,Tier 3,Germany,100-300,0,72.54997851925131,84.21625435712374,Cloud,Manufacturing,3.3232612443750793,65556.24243565636
6.8263863596605034,0,Tier 2,UK,100-300,0,74.74440376213573,100,Core CS,Tech,6.535416743784306,102439.8343234636
6.7532137692353444,1,Tier 2,USA,100-300,0,56.32549638716484,76.11432517776998,Cloud,Other,4.057355617334834,100287.55497186634
8.941373189076419,0,Tier 2,Germany,100-300,0,85.58196654678112,53.26405666141264,Data Science,Tech,7.871572430376411,118254.28804165978
7.346367860288557,0,Tier 3,Germany,100-300,2,61.2373612801065,61.86749762205233,Data Science,Other,5.721355080989175,81110.64896109504
6.548180796663246,1,Tier 3,USA,100-300,3,48.169196282855935,84.41897941051428,Core CS,Manufacturing,6.3187557219081585,79060.07902390593
5.496060491888764,2,Tier 1,UK,300+,2,80.55188551821621,81.1065209582265,AI/ML,Other,2.132831181060315,107711.5370039218
6.305365814498907,0,Tier 2,UK,Top 100,4,81.77226944524936,84.11375807134601,AI/ML,Tech,3.697440937502831,117411.10039925612
7.002700405277729,1,Tier 3,Canada,300+,1,64.61470521915166,79.14745448633133,Data Science,Tech,5.95746579143079,87208.41270959903
7.262256938274469,0,Tier 1,USA,300+,1,59.34280194727967,62.63858674392203,Cybersecurity,Other,2.6419871661818557,120000
7.739416111630264,0,Tier 3,USA,100-300,4,77.9118322471669,56.77652130185251,Data Science,Finance,5.722715433355456,112359.08478322603
6.25966029915233,1,Tier 2,India,Top 100,1,45.51275688247818,37.96562183759107,Data Science,Tech,6.217122485816748,55567.18385626947
7.520908993458925,0,Tier 1,Germany,300+,0,71.54445209561658,82.21159787707992,Core CS,Other,7.337974682849338,101650.95201037147
7.686760893325332,0,Tier 3,Canada,300+,0,81.15606354601314,86.38901040177932,AI/ML,Tech,3.3393041126449856,95378.70345299091
9.09663447282398,0,Tier 2,India,Top 100,1,42.65027850115992,77.58428831291602,Cloud,Healthcare,4.637845916105391,56941.863930634965
8.17134179100195,0,Tier 2,USA,300+,2,50.475367104784596,72.88290989335614,Data Science,Other,4.8046496514482975,120000
7.797487018772646,3,Tier 2,India,Top 100,1,66.22798287324503,46.08935380233799,Data Science,Healthcare,6.6297220551040565,56901.90438307459
7.224509123592109,0,Tier 2,Canada,100-300,2,57.00451366501716,59.52371454368093,Cybersecurity,Consulting,4.207833032064025,89557.80270409281
8.406896387356106,0,Tier 1,Canada,100-300,3,74.53032407531433,62.63317716487859,AI/ML,Finance,3.5760930084475584,120000
7.877175387048707,2,Tier 3,India,300+,2,73.61685092898537,46.07740818746532,Core CS,Healthcare,4.573824310650475,35135.37667283804
6.837615490083475,0,Tier 3,UK,100-300,1,69.47864778359094,71.85350672904691,AI/ML,Manufacturing,4.547813224156036,92974.5387703432
7.989950507747311,1,Tier 3,UK,Top 100,2,69.22763034536928,80.18054667860919,Cloud,Consulting,4.581839675819956,80627.36621658536
6.96574129495074,0,Tier 2,Germany,100-300,2,55.00962201540907,73.59466781720053,Core CS,Finance,6.000406157287344,91209.5678192208
6.514639764187763,0,Tier 2,USA,100-300,4,73.46587620054346,66.53484291867068,Core CS,Finance,2.448775880673732,111012.40388160473
7.960063165141489,2,Tier 2,Canada,100-300,0,87.5751310520377,42.936308806985394,AI/ML,Finance,5.239061331011809,116426.5718555022
6.606478041995036,1,Tier 3,India,Top 100,1,84.11214443647624,50.857643664414056,Cloud,Manufacturing,2.379206496852712,24320.52970903912
6.491710088939497,0,Tier 1,Canada,Top 100,1,81.40196754000229,58.35539959549728,AI/ML,Finance,4.241010542096346,120000
6.51620426836943,1,Tier 3,UK,100-300,2,83.63617122134985,78.94486018971573,Data Science,Manufacturing,3.574839166964214,83621.73369663605
7.7176529575097055,2,Tier 1,Germany,300+,2,66.71160249677398,58.294254005570735,Cybersecurity,Healthcare,5.779290806062735,104488.69533011704
8.019900033022978,0,Tier 3,Germany,300+,0,53.74763651130506,67.99567769564933,Cybersecurity,Consulting,10,72816.19411472256
6.838806772841986,0,Tier 2,UK,100-300,3,58.19225487241468,82.26008073854965,Cybersecurity,Finance,8.487167287392687,100784.48877225952
6.994782947816433,1,Tier 2,UK,100-300,2,71.6220838972072,53.458975897801785,Data Science,Consulting,3.154082725055184,101366.03985196982
6.412660960977203,2,Tier 3,USA,100-300,2,66.37310586746065,65.08308362326923,Cloud,Manufacturing,4.753720159642212,76092.68062580863
7.065596445130848,0,Tier 1,USA,300+,2,79.91813684366603,74.1249941937362,Cybersecurity,Consulting,5.2544301977236225,116147.20377762904
7.365824323692193,0,Tier 3,Germany,100-300,4,83.13921739640088,30,Data Science,Consulting,3.9646272115363255,78935.69877670798
7.631245349900415,2,Tier 1,Germany,100-300,0,52.52674176756045,81.48938126987667,AI/ML,Consulting,5.997854049894853,115411.5460004478
7.067061302343489,1,Tier 2,India,100-300,1,63.644953052625226,85.38360103255476,Data Science,Other,6.42730022529436,55930.42692476588
7.327810236767598,4,Tier 2,Canada,Top 100,2,67.48339827876877,72.48942089597315,Cloud,Tech,6.999384897276354,109334.81372863828
6.311129671861144,1,Tier 1,Canada,300+,4,66.4555085313482,61.83835558059507,Cybersecurity,Consulting,4.835518059626068,101151.84879350437
8.122695976100152,0,Tier 1,India,100-300,3,91.212034629943,62.51296112460294,AI/ML,Healthcare,6.759222184397263,63995.9852432012
7.558322618031222,1,Tier 2,Canada,300+,1,48.17619486277137,68.76310885823183,Cloud,Tech,4.905462880696179,97230.91054733148
6.6164056260806055,1,Tier 2,India,100-300,2,54.390314753906864,67.28515939110875,AI/ML,Tech,6.198191320537923,60116.87764801801
7.237260436112609,1,Tier 2,UK,100-300,2,77.37547583522307,67.49195408207562,Cybersecurity,Manufacturing,5.689985192361803,100537.87777312928
7.370547836214068,0,Tier 2,India,100-300,1,81.50329633758682,66.81016872659849,Cybersecurity,Tech,5.17806652088826,57288.610436254654
7.157833812504965,2,Tier 2,India,100-300,2,85.35826401629316,35.45816459950958,Data Science,Healthcare,5.825305586605663,58995.45673354926
7.249046938754308,0,Tier 1,USA,100-300,0,55.246471656004545,70.75721821098242,AI/ML,Other,7.97123313087659,120000
8.359965899661105,0,Tier 1,Canada,300+,2,82.36428727328054,50.864297681538915,Core CS,Finance,7.066737473479427,120000
7.15250847301202,1,Tier 2,UK,300+,2,76.35902362521696,89.33186303655827,AI/ML,Healthcare,4.218993402596182,108157.02106458764
6.372190473497837,1,Tier 3,UK,Top 100,1,57.24262864549196,56.78946444347607,AI/ML,Healthcare,4.621990914717026,79265.17714270973
7.721821739029318,1,Tier 2,UK,Top 100,1,58.98631928273434,45.45145611538373,Data Science,Finance,5.978892371367263,120000
6.273795055882464,2,Tier 2,Germany,100-300,3,68.05163948711163,72.02578204576011,AI/ML,Finance,1,93705.5506586058
8.215427138913416,0,Tier 3,Germany,300+,3,42.86133888946078,68.09831547905823,Core CS,Tech,5.11132348558725,75078.1571494341
7.824464468499245,1,Tier 2,UK,Top 100,5,76.35271660509014,62.91879096741506,Cybersecurity,Consulting,6.840259118124721,101478.25103871989
6.4737323569182905,2,Tier 2,UK,100-300,2,65.65277879865342,64.83441239311229,AI/ML,Manufacturing,6.52883342067745,102998.63962599477
6.126452879683749,0,Tier 2,USA,100-300,1,60.58551880333759,46.20091123835715,AI/ML,Other,7.659423871331582,116513.9872493686
7.712198000669207,0,Tier 1,USA,100-300,4,65.93303131009716,75.53657335224341,Cybersecurity,Finance,4.358582949471777,120000
6.283944126178716,1,Tier 3,Germany,100-300,0,91.2496804516763,47.90340769330559,Cybersecurity,Tech,1.835843788661044,72248.56777226708
7.477782574602708,1,Tier 1,UK,100-300,2,59.68062653343362,77.37426891128041,Data Science,Consulting,6.465650945861441,120000
7.370565033679299,1,Tier 3,Germany,100-300,2,59.36458273458222,80.56051217054467,Data Science,Finance,4.972428237898119,87104.09093739046
7.441839950143619,2,Tier 2,UK,100-300,3,100,73.77707278155762,Cloud,Healthcare,5.831800755524416,94694.81730532536
7.2083538106668446,0,Tier 2,India,300+,0,73.76798504453849,80.69180263806007,Data Science,Tech,5.1031673191168165,60599.1653325492
7.076275359553047,0,Tier 2,UK,Top 100,2,52.228184195735864,53.73238324283198,AI/ML,Manufacturing,4.008191371370264,105980.25498056009
6.7892414271342005,1,Tier 1,USA,300+,0,87.15740150630573,79.52695086857207,Cybersecurity,Consulting,7.061103127913563,120000
7.543314220350556,1,Tier 3,USA,100-300,4,81.11513689710806,59.169683453841735,Cybersecurity,Healthcare,5.035467137824182,92090.69713446371
6.758363600408108,0,Tier 1,India,300+,1,49.837778767261014,58.44311343213162,Cybersecurity,Tech,4.5789656262027405,74432.33245064355
7.585496563430636,2,Tier 3,Canada,Top 100,2,55.67500463192516,74.21372991531206,Cybersecurity,Consulting,4.474476601994949,73614.1452561754
7.268046423267294,2,Tier 2,UK,300+,3,63.456165376785144,63.56245314307356,AI/ML,Tech,4.956908679755035,120000
7.252924765746223,0,Tier 3,India,Top 100,1,49.79112284110311,72.78666278316376,Data Science,Other,7.666578453090379,42022.85049755606
5.771542301434315,4,Tier 1,Germany,100-300,1,53.14328561170723,78.66485882951062,Cybersecurity,Other,4.518978596712035,98108.47097187076
7.489975035210882,0,Tier 1,Canada,300+,2,64.61459604023729,78.05139210869035,Cloud,Finance,3.900734776694051,112337.3428579649
6.804735621060639,0,Tier 2,UK,100-300,0,86.79197829978045,69.71979730515606,AI/ML,Other,6.881727617610653,97624.71832245204
6.8924025724786135,1,Tier 2,India,100-300,2,80.57828723699782,83.00623130366783,Data Science,Other,3.9311720681389257,51409.72590265228
7.267087973254828,1,Tier 2,Canada,Top 100,5,51.652767027163755,53.89283466755726,Cloud,Manufacturing,5.631122262451581,98244.2533968327
8.145093425464946,1,Tier 2,USA,100-300,0,52.89059354377044,57.998091700779334,Core CS,Tech,5.933902756672281,120000
7.865413382138263,1,Tier 2,UK,Top 100,1,61.12147147137629,56.51328463745269,AI/ML,Other,9.20756602984309,120000
7.497655992244839,0,Tier 1,Canada,300+,1,50.88178310724508,49.37054451022814,Data Science,Other,4.255809275893216,120000
8.063146655628328,0,Tier 3,India,100-300,0,79.1147494336737,63.611782809404865,Cloud,Other,4.68048865834016,45673.46959881905
7.309446816551362,1,Tier 2,USA,300+,2,48.85871688113586,60.12413495537239,AI/ML,Manufacturing,6.785515973762282,120000
7.872784340148773,1,Tier 1,USA,300+,3,79.05133148012105,52.50016523757567,Data Science,Manufacturing,4.2350899817244265,120000
8.609816356560613,0,Tier 2,Canada,Top 100,2,57.88792744564536,49.98499226501001,AI/ML,Finance,5.1922237473260635,120000
7.836070779267803,2,Tier 3,USA,300+,4,60.03441175242722,63.204152717869,Cybersecurity,Manufacturing,6.140332018869296,90831.59877361445
7.115910266477513,0,Tier 3,UK,300+,1,67.7685352788803,61.49206011993442,Core CS,Tech,2.746191956706393,81370.12079279376
8.250730687065687,0,Tier 1,UK,100-300,3,62.509824640385546,71.9871552087205,Core CS,Other,3.219549610602476,113610.69062049902
8.225894179742493,0,Tier 2,India,100-300,0,30,33.02193308133923,Data Science,Finance,4.400495215269844,58647.41253867789
7.294119434393137,0,Tier 2,UK,Top 100,2,74.73981873749753,71.0667533215783,AI/ML,Consulting,6.327671939904379,115305.21612589224
7.5004064134648285,1,Tier 3,Canada,Top 100,3,66.99119122115198,78.63192753077793,AI/ML,Tech,1.738529879554633,98293.82308527797
7.708185186391192,1,Tier 1,Germany,300+,2,72.87808527284771,51.45354731799041,Core CS,Consulting,5.403419749054425,89468.26410330617
7.098838156764466,1,Tier 1,Canada,Top 100,5,66.51918284794115,77.23565057013842,Cloud,Tech,2.6565668454889475,120000
6.152873930354719,0,Tier 1,India,100-300,4,51.51357284201894,96.24338661192029,Core CS,Healthcare,4.721335331564812,49676.78975486643
8.185330721970079,0,Tier 1,USA,100-300,2,67.35907557855286,53.782696878403755,Cloud,Other,4.9012686554362075,120000
8.570069752424637,0,Tier 2,USA,300+,1,95.70128572327216,62.45285471662672,Cybersecurity,Healthcare,4.141980292611838,114395.90546336456
7.002956537478278,0,Tier 2,USA,300+,1,67.10218677821582,62.22841805789194,Cybersecurity,Healthcare,6.445867615862366,101660.36495463684
7.809170428326685,2,Tier 3,Canada,100-300,1,67.68187803449247,66.46879561008572,Data Science,Finance,4.954583119967128,87246.347387963
8.073180732424705,0,Tier 1,USA,Top 100,2,74.66532516330356,57.66735911226854,Data Science,Finance,5.658124579918116,120000
6.406012613969293,1,Tier 1,Germany,300+,0,91.53115782689268,55.0015297265889,AI/ML,Consulting,5.839338836920002,114880.9538995904
7.984699610523788,3,Tier 2,India,100-300,1,94.51817670875268,56.19900465596025,Cybersecurity,Consulting,5.465131070668737,51227.55861424385
8.348011422966808,1,Tier 1,Germany,Top 100,2,75.90972580896369,69.53621560596586,Data Science,Consulting,4.057002655204466,120000
8.589648889359554,0,Tier 2,Canada,Top 100,1,73.19108293530137,83.96930992604462,Cloud,Manufacturing,4.56098899981539,99328.30650370524
6.575223281750429,0,Tier 2,USA,100-300,1,65.96487338139869,59.12561478026513,Cloud,Manufacturing,5.572562500137386,103031.02656556905
6.731889775062839,3,Tier 1,India,100-300,1,67.02997174812701,51.28534800148936,Cybersecurity,Tech,3.952543157597959,61781.464194511886
7.331892400289528,2,Tier 1,Canada,Top 100,2,65.18181525691799,90.08014976164918,Data Science,Healthcare,9.008220939368904,117919.85424088688
7.370630824094485,0,Tier 3,USA,Top 100,2,61.02004712761643,46.98847692507917,Data Science,Consulting,5.319544997139725,110664.1977041029
6.762714032744161,0,Tier 3,USA,Top 100,1,99.8323571295365,86.50848182093426,AI/ML,Tech,6.173189991475806,109726.78346451878
7.193057547933424,1,Tier 3,Germany,300+,1,79.87064270520699,40.60975973921276,Data Science,Healthcare,6.883186435920882,75447.84126448113
6.079188733104394,0,Tier 1,Canada,100-300,2,46.66907908383213,81.1040313678605,Cybersecurity,Other,4.213585081801597,103628.45513250308
7.309058654249248,0,Tier 2,Germany,100-300,1,97.49030395136948,68.78524590035933,Cybersecurity,Tech,6.287469655754666,96605.10621933737
6.836423023211103,0,Tier 1,Germany,100-300,0,78.94304828592492,73.3770095373583,Cybersecurity,Healthcare,4.542414909295428,101903.4402575682
8.404380558652392,0,Tier 1,Canada,Top 100,2,84.22759537897656,64.25024709105648,Cloud,Tech,5.947121000075763,120000
8.258415780171886,0,Tier 2,India,Top 100,4,90.50173058609514,31.44749477520952,Cybersecurity,Finance,3.4449573236330524,52765.87313217467
6.62735554470547,2,Tier 2,USA,300+,1,92.75322278712238,79.98904272290454,Cloud,Finance,4.485827958970907,102573.0347589978
6.940841947513286,2,Tier 2,India,Top 100,0,57.013136098681485,56.75966865838934,Cloud,Finance,4.816636797842672,51547.76679405762
6.638672419072302,3,Tier 2,Germany,100-300,2,89.04590177168707,81.19319308192988,Core CS,Tech,3.588626735789881,95377.99698684528
6.095507732049979,4,Tier 3,Canada,Top 100,2,97.46646910010966,87.82122295356527,Core CS,Finance,4.589464365900558,75195.48060376586
7.498168979120215,1,Tier 3,Canada,Top 100,0,59.996438310477046,63.638461004336115,Data Science,Manufacturing,9.83699759130954,95757.32261031888
7.503623667377449,0,Tier 2,Canada,300+,0,95.12232385860295,66.99494959224974,Cybersecurity,Consulting,4.866750498418649,86941.0283601261
6.356547392272006,1,Tier 2,UK,100-300,0,58.992056385618625,58.54841424343137,Cloud,Tech,3.893813018405791,96814.7276814781
7.71628434461008,1,Tier 3,UK,Top 100,1,50.699658158689715,57.531054189623504,Data Science,Other,5.382037939650281,88474.90306475328
7.202532190430385,0,Tier 3,UK,Top 100,2,82.40328608150679,54.48991896455732,Core CS,Finance,4.466973215809078,78766.57189927634
7.656275210089965,1,Tier 2,USA,100-300,1,63.091620672925885,66.22253898974175,AI/ML,Manufacturing,5.098809158327223,120000
6.973109948237029,0,Tier 1,Canada,300+,0,75.8782940712956,88.78164682749434,Cloud,Consulting,5.2857831229272625,95105.6344940561
7.363792729712907,1,Tier 3,UK,100-300,1,75.14696292063626,58.70177273557114,Cybersecurity,Tech,6.699598616028893,84696.61671262275
6.842826733257522,1,Tier 3,Germany,300+,2,100,81.71414058561624,Core CS,Other,3.2319151884828363,66501.60956879868
6.858580669507374,0,Tier 2,UK,100-300,1,60.77969362597,80.47328342078333,Data Science,Healthcare,4.037987395036917,108359.0976042532
6.607077002286316,1,Tier 3,Germany,100-300,2,68.38913243722506,30,AI/ML,Tech,7.135513144532927,90488.78275448176
6.7720996053042635,0,Tier 1,Canada,100-300,2,45.389326405568944,66.7077161777847,AI/ML,Manufacturing,5.344424792541749,120000
6.795056198003696,0,Tier 2,India,100-300,0,76.90610361600602,69.89985999170835,Cloud,Consulting,2.613672345781855,56500.34331978373
6.806802043303377,1,Tier 1,Canada,100-300,2,76.2184658948861,70.45407179149774,Core CS,Consulting,5.4320872438695424,104102.49258324462
6.950588640111897,1,Tier 2,UK,100-300,2,62.02401561369748,91.93887313795388,AI/ML,Tech,4.6170006251957405,120000
6.480187818521387,1,Tier 3,Canada,300+,1,65.79822594669423,62.936635430658654,Data Science,Healthcare,5.362602623929576,66417.65773362675
6.037439315688684,1,Tier 2,Germany,100-300,2,54.71651301409032,100,Core CS,Manufacturing,7.573627379824606,81723.90563004391
6.166364470205518,0,Tier 2,USA,300+,1,60.4675240352684,71.90012562289702,Cloud,Manufacturing,4.79900275994094,97664.86786771296
6.718462945746793,0,Tier 2,Germany,100-300,1,96.98201260965176,43.75671444046009,Core CS,Healthcare,5.44899147973799,85065.82819910395
6.384003147042034,1,Tier 3,India,Top 100,0,72.69559054312953,59.61643439527962,Core CS,Healthcare,4.3859736111610355,39497.36906031112
6.63510333802065,0,Tier 1,UK,300+,2,66.86552735793525,83.15496860475251,Cybersecurity,Other,5.043496079806584,107979.81346711284
7.476023572668452,1,Tier 1,Germany,100-300,2,54.928533339771946,56.30478379396733,Data Science,Other,5.444926600810779,120000
6.554061557513343,1,Tier 2,Canada,Top 100,2,70.20603421669199,69.96321808252206,Cybersecurity,Other,5.340521961143042,90526.43804443306
6.258641352922151,1,Tier 1,Germany,100-300,4,47.43524190901612,88.48870551495574,Cybersecurity,Tech,4.352070658943005,99500.63175088316
6.321257092647349,0,Tier 2,USA,100-300,0,52.197281287270975,55.64593484549975,Core CS,Other,3.9489902131714847,106539.44956118905
7.45850225059296,1,Tier 3,Canada,300+,2,30,54.32377543541272,Data Science,Healthcare,5.504863027077237,77051.72852343738
5.571306806452711,1,Tier 1,USA,100-300,3,67.90987345078823,62.863850411890624,AI/ML,Manufacturing,3.1889674316445413,120000
7.2408858713533935,1,Tier 3,USA,Top 100,2,61.17687619658104,60.168518768463386,Cloud,Healthcare,8.0177874051993,95367.95595361452
7.279840019654326,3,Tier 3,Germany,Top 100,2,91.61097505558668,65.40063049452199,Cybersecurity,Consulting,2.647340155457631,74150.90614069083
5.579002933226839,2,Tier 3,India,100-300,5,54.72721837199521,82.2823141543457,Core CS,Finance,5.159178136405276,31499.75769673333
6.333555154399393,1,Tier 2,USA,100-300,3,63.437436707041506,92.20744784777996,AI/ML,Tech,3.831274397478249,120000
7.732312220448129,2,Tier 2,Germany,300+,2,65.45259881532006,76.46380230338816,AI/ML,Finance,6.626954507209958,104236.34586004268
6.560367780323572,3,Tier 2,India,Top 100,2,74.3732540055448,62.516392148061016,Core CS,Consulting,3.1449600957941697,45703.857274714246
6.7430057871056706,0,Tier 2,Canada,Top 100,1,42.89950350787671,96.43841165861504,Data Science,Finance,5.99077460358055,106726.04328280648
8.466045634783361,0,Tier 2,USA,100-300,1,81.47654971317199,65.04811880156244,Data Science,Consulting,6.596755135833512,120000
7.651321409694614,1,Tier 1,India,100-300,5,78.4556040961594,66.31732134920571,Cloud,Healthcare,5.060014048392131,56573.1341696237
7.385653381868309,1,Tier 3,Germany,300+,2,54.06052769322886,85.87414394268555,AI/ML,Consulting,5.518380079205238,84272.61742924688
7.3150378385730015,3,Tier 3,India,Top 100,4,75.89798877784304,77.4845980127116,Cybersecurity,Finance,4.705121907395027,44973.70708515495
5.457861936523512,1,Tier 1,Germany,Top 100,3,75.523257427588,85.44715484633598,AI/ML,Tech,4.849412159749142,111962.49064066286
6.776893284679395,2,Tier 2,Germany,300+,1,86.86340277558068,75.5304162391666,Data Science,Finance,6.488479063526125,88922.00718079087
7.676126376947457,1,Tier 1,USA,300+,2,87.22074058268564,77.90986837933309,Data Science,Manufacturing,5.890432187423472,120000
8.363284413004394,2,Tier 3,Canada,300+,5,48.26734067278953,43.89292423130014,Core CS,Consulting,5.059676766126682,81665.52862702816
7.997513372427775,0,Tier 1,India,Top 100,1,58.93785993675644,55.33423285970524,Cybersecurity,Tech,5.271047636326014,69067.79690619356
5.636902730538624,1,Tier 2,India,300+,2,58.212191700004695,56.85069600988126,Data Science,Manufacturing,5.249603091543517,43263.3663013941
6.260427209496356,0,Tier 1,Canada,Top 100,1,73.15940139281092,67.29154081387935,Cybersecurity,Other,5.558886794052124,111236.40557218983
8.250311014806558,1,Tier 2,UK,300+,0,80.9292638885298,63.05053663714413,AI/ML,Healthcare,6.053541293493283,113487.77462589357
6.780805534536556,1,Tier 1,Canada,300+,1,69.35370446797673,67.18468693933241,Cybersecurity,Manufacturing,5.471536630113235,105490.46234096502
6.8052928164999855,0,Tier 2,USA,300+,0,57.81271643784446,58.86481495939956,AI/ML,Consulting,5.161936908848283,120000
8.523309271658405,0,Tier 3,Germany,100-300,1,64.0134220735832,71.33256593228043,AI/ML,Consulting,6.224659416321407,84825.73559424806
8.30076713228965,0,Tier 2,Canada,100-300,3,30,44.11201378386907,Data Science,Consulting,2.796243702846934,109996.0117991885
8.775024186758507,0,Tier 2,Canada,300+,1,81.16119486310848,78.79530245121472,Data Science,Manufacturing,4.487808419539357,108249.09299026124
6.872763831679959,0,Tier 1,India,Top 100,0,80.6212720845398,63.31594426831815,Data Science,Healthcare,4.068938735932155,74732.32682141832
7.236499590997676,0,Tier 3,India,300+,4,85.52781977504937,81.25311874091211,Cloud,Tech,8.618631165076524,42760.21522364293
8.18154754089462,0,Tier 1,Germany,100-300,2,75.51894907878219,64.52577607302518,Data Science,Finance,7.401076864156125,120000
7.173420451010103,1,Tier 1,Canada,100-300,1,88.96312260894233,51.176499268781086,Data Science,Healthcare,5.5627188064612785,120000
6.561384964059938,1,Tier 3,UK,100-300,0,48.32215509151112,74.8469132924563,Data Science,Healthcare,5.0858431141390295,78459.56260372377
7.666667129424246,0,Tier 2,Germany,300+,2,87.41682411991634,73.78446073966562,AI/ML,Healthcare,4.552751407429456,93787.18118416885
6.116109765549984,1,Tier 1,India,100-300,2,48.30740510494687,53.32517679521562,Cybersecurity,Other,5.975428835046626,51522.27808339418
7.176433141611094,0,Tier 3,UK,100-300,2,71.71977006353076,86.47219703528312,Cloud,Manufacturing,3.8362531565829463,67452.77242837321
7.974367321844447,0,Tier 3,Germany,300+,2,42.00811995347573,74.21078061070665,Data Science,Manufacturing,5.137957248829493,78849.1109921305
6.589442908389283,1,Tier 2,India,100-300,3,81.22143695044691,63.69719541593134,Cloud,Consulting,4.441609243427761,46285.93233992941
6.8155802998557995,0,Tier 3,USA,100-300,3,84.88304733295948,63.790103390520166,AI/ML,Finance,6.148767113358506,104313.09501393443
7.943780166688568,4,Tier 2,Germany,Top 100,3,84.1004051013633,90.6304264430074,Cloud,Tech,2.6727687808144487,104134.66648000418
7.155286104762686,0,Tier 1,USA,Top 100,2,83.28801311554086,85.05108003182053,Core CS,Finance,2.2210380436331825,120000
6.118166280130861,0,Tier 2,India,300+,3,34.86897084445829,51.6758889235676,AI/ML,Healthcare,5.26776630640693,43017.929721645014
7.5450876083543585,0,Tier 3,UK,Top 100,1,73.53326263093153,65.96647076865561,AI/ML,Consulting,7.348825848632997,93769.16981492622
7.326885846161414,0,Tier 1,USA,100-300,2,67.3920394609329,76.71487893710807,Data Science,Healthcare,6.706098391334066,120000
6.753753223088893,0,Tier 3,UK,Top 100,1,81.32831291832746,66.95308024238896,Cybersecurity,Healthcare,2.8176423656932834,73261.04586766034
6.329131361242215,1,Tier 2,UK,300+,3,86.14170879691994,66.44273517355015,Cloud,Other,4.773710954962565,83009.28143854468
6.290655262173234,0,Tier 2,Germany,300+,3,76.95481108234429,83.8370543860304,Data Science,Tech,3.471788549156715,102232.1943519147
7.98318440199125,1,Tier 3,Canada,100-300,2,46.442685386117184,76.3293112910068,Data Science,Manufacturing,2.75688591715451,80826.9531197502
7.3667093628411875,0,Tier 2,Germany,300+,1,80.18178985225543,48.64838666090303,Core CS,Tech,5.829522565624808,88282.74193472925
6.465776354824891,1,Tier 1,USA,300+,1,69.09195318451621,60.84520380849116,AI/ML,Manufacturing,6.863510484923848,120000
7.233754182661099,2,Tier 1,Germany,300+,1,64.25758163131734,64.70766444561245,AI/ML,Healthcare,6.024652615976564,116174.79341060956
6.8501367852749,2,Tier 2,Canada,100-300,2,49.98387810286479,70.29181489126078,Data Science,Consulting,2.60700556909746,98228.61594455891
7.366149268842841,3,Tier 3,India,300+,0,100,61.311183523603894,Data Science,Other,6.240419442185602,39175.30885227525
6.600215859078696,1,Tier 2,Canada,Top 100,2,88.72004793991678,67.8691983228688,Cloud,Healthcare,8.23565591456628,87856.67398776049
6.579001714786063,0,Tier 3,UK,100-300,1,80.369735730715945,55.18769735221657,Core CS,Healthcare,6.5352030927536395,80840.51056070598
8.110670222566759,0,Tier 3,India,300+,2,62.16887731117531,59.80821505190605,AI/ML,Healthcare,4.16917196317403,54622.22457954348
7.306391187792743,0,Tier 3,India,100-300,0,76.42232000594294,75.4623441812097,Cybersecurity,Finance,6.2029915975938055,41416.79883706431
7.11300571206997,0,Tier 3,UK,300+,2,49.897167938751366,73.4731239482653,Cloud,Tech,2.0112710270813174,68645.63022501324
7.61456577330539,1,Tier 3,USA,Top 100,0,74.84125549034202,80.99785847718002,AI/ML,Healthcare,5.894793305613642,113577.47664057591
7.17231720436503,0,Tier 1,India,100-300,2,86.46811804935638,68.7780952667029,Cloud,Healthcare,6.387149310263086,49828.31511314119
10,0,Tier 3,India,100-300,1,91.7320609971134,86.94317802569003,AI/ML,Tech,6.346177703417082,58404.700492775206
8.379757319808887,0,Tier 3,Germany,Top 100,0,75.85594481267985,47.32483853878837,Cloud,Finance,3.9902328721685794,74718.3917440772
7.229863123522407,0,Tier 2,USA,300+,2,52.19415826687968,58.05643015942287,Cybersecurity,Finance,3.6316377672856577,105768.9540908983
6.963590203759006,0,Tier 2,USA,100-300,1,78.40748511953231,71.73768211722694,AI/ML,Other,4.178192562047382,120000
6.5441336574089934,1,Tier 2,USA,Top 100,2,80.92912254593358,83.78075977620819,Cloud,Consulting,1.2005958920576911,111028.81915922652
5.786261042662657,1,Tier 2,Canada,100-300,0,85.26279365503275,72.44742820520544,Cloud,Finance,6.248585881208197,73961.03410018285
7.600463334017412,1,Tier 2,UK,300+,0,76.04991982480317,70.75136274948296,Cybersecurity,Healthcare,5.800956540336349,88201.16928032823
6.667044476091797,0,Tier 1,UK,300+,2,78.33643275156899,80.90697155346284,Data Science,Tech,3.3335749727631763,120000
6.639989713603349,0,Tier 1,USA,Top 100,1,69.7990726934348,78.83861726163697,AI/ML,Finance,5.247931875488855,120000
8.005719373490058,0,Tier 2,UK,100-300,2,94.17611163165807,91.80978313190316,Cybersecurity,Tech,6.068260963586037,102197.7341098569
7.286762894567696,1,Tier 1,Canada,300+,2,67.07630098038226,72.25664012613362,Data Science,Healthcare,4.102219863865834,116811.80474066426
7.606337479938896,1,Tier 2,USA,100-300,2,82.20098103504925,62.711363658359126,AI/ML,Healthcare,4.632380807587821,120000
7.548406191032163,3,Tier 2,Canada,300+,3,57.94744469485063,89.26391640986387,Core CS,Tech,5.364945215797461,101930.34563449815
8.47888706663713,0,Tier 1,UK,300+,5,59.31378468492762,89.71618563588942,Data Science,Tech,6.58028647540816,120000
7.534923843806325,0,Tier 1,Germany,300+,4,78.75372461845203,61.01655021554521,Core CS,Manufacturing,6.2673565419657535,99531.02537625008
6.424934089913016,0,Tier 1,India,100-300,2,63.39337023928143,45.45321662127629,Core CS,Manufacturing,4.620630239707401,56292.547085978425
6.844242163106655,0,Tier 3,USA,100-300,2,59.72981045300017,62.26251157695947,Data Science,Healthcare,4.6887351464636655,104305.7388214568
6.948649458313202,2,Tier 2,UK,300+,1,74.58566530556367,84.68464657778591,Cybersecurity,Other,4.817317267416247,86314.9577405292
7.073401987558698,1,Tier 1,India,100-300,1,91.05348506085822,30,Core CS,Finance,7.435826448620432,53621.37962962205
7.201792317141342,0,Tier 2,USA,Top 100,1,68.06762071037927,74.24867196570035,Data Science,Manufacturing,6.309552282826638,120000
6.9070167655024335,0,Tier 2,Germany,300+,3,63.49109767464958,83.22695473671607,Cloud,Finance,6.7510790740428375,90618.85040972783
8.262494446049747,0,Tier 3,USA,Top 100,2,75.28542274274814,46.21455259784723,Cybersecurity,Manufacturing,5.757355889895203,102869.69652307904
7.788359748492175,4,Tier 1,Germany,100-300,1,79.7304378406156,49.177151481382595,Core CS,Finance,8.780784614557302,108250.10795152256
7.695323673997517,1,Tier 2,Canada,100-300,0,69.15429847941053,54.3691605929868,Core CS,Finance,5.939692184644236,93169.58447775236
7.764240446590202,2,Tier 2,India,Top 100,0,65.11048621751344,53.37597544491523,Data Science,Finance,2.8220268493187395,64758.31415565101
7.7008374340238355,0,Tier 3,USA,Top 100,5,71.7445930044911,62.04382443773514,Core CS,Tech,6.958933857696137,103504.40801507556
6.816361075711722,0,Tier 1,USA,300+,0,74.59210248404462,58.84877496717988,Data Science,Consulting,5.215148032205805,120000
6.686023115151301,0,Tier 2,Germany,100-300,2,64.31557379268779,71.321630342336,Cybersecurity,Finance,3.599543060069243,87515.1586294732
7.797256408463558,1,Tier 3,UK,300+,1,81.3192679552922,45.97509420894126,AI/ML,Tech,8.529826339996228,100078.91857400344
6.626803696617442,0,Tier 1,India,100-300,0,65.7769543650032,62.45892014693076,Cybersecurity,Manufacturing,5.114130683110713,50242.76348308423
7.512383836160659,1,Tier 2,Canada,100-300,2,66.59451613097525,53.5706538373993,Cloud,Tech,5.285161037521657,107827.35308075017
6.847597515201751,2,Tier 2,Germany,300+,2,80.73906574454924,67.62394644257564,Cybersecurity,Tech,4.80777316341174,84163.96893774085
7.259245622577248,0,Tier 1,Canada,100-300,1,78.82519341233156,56.99400805573627,AI/ML,Other,3.3256562677326187,120000
6.8504830734704125,3,Tier 1,Germany,Top 100,3,68.85112327966044,44.07323881244812,Core CS,Finance,1.6157967635240076,103646.05623486669
7.9647956132374524,0,Tier 2,India,300+,1,100,52.47212048030121,Core CS,Other,6.183439738661596,54219.09415279651
7.621925882211609,2,Tier 2,Germany,100-300,1,81.08896828468806,33.68911529012756,Cybersecurity,Tech,6.227209898697513,90360.3180066084
8.216804981727504,0,Tier 1,USA,300+,0,76.96633406814203,59.768948737474176,Core CS,Tech,7.059388009699777,120000
8.397890558332447,0,Tier 3,UK,100-300,0,63.37757454723999,93.0849726300196,Cybersecurity,Manufacturing,7.821554477662206,90798.43400648976
7.745753251408308,2,Tier 1,USA,Top 100,3,90.13046212203965,68.97844194943521,Cloud,Finance,2.7301751115270787,120000
6.810755770224843,3,Tier 2,USA,300+,1,100,67.627756850152565,Cybersecurity,Healthcare,5.74914670134054,107508.13103895578
7.908496117746355,1,Tier 2,Canada,300+,0,61.44376089808309,69.91071045102754,Cybersecurity,Finance,5.64023588663171,98675.56023742045
6.114965190070692,0,Tier 3,Canada,300+,1,77.62866085382214,61.59494908302131,Data Science,Tech,5.970853820465784,81373.55343038152
6.513128221408239,2,Tier 3,India,100-300,0,86.12392991666536,65.943176600891,Cybersecurity,Manufacturing,4.442490975072009,34375.71644632681
6.5768178335487875,1,Tier 2,UK,Top 100,5,47.86482187180653,58.280518215294805,Core CS,Manufacturing,6.446266671663508,96036.92347446796
7.282003974685503,0,Tier 2,USA,Top 100,2,66.23094172768187,51.03478799549275,AI/ML,Other,2.5236746610765692,120000
6.543718906869056,1,Tier 2,India,300+,3,71.53599276718084,66.64803878071473,AI/ML,Tech,3.564195088250314,58899.14660848798
5.543517359561186,2,Tier 3,Canada,300+,4,91.80082236510584,83.39889772351356,Core CS,Other,5.520940982191407,55888.04284278408
8.589820799384647,0,Tier 1,USA,300+,2,82.7738969079403,67.3696258543342,Cloud,Consulting,6.3929401151684555,120000
7.729090177739778,1,Tier 3,Canada,100-300,1,76.96012014366387,56.59639309459235,AI/ML,Healthcare,8.417384896130352,84422.6587993881
7.084603033017184,1,Tier 2,India,Top 100,0,90.78005047280315,92.18003091376156,AI/ML,Tech,4.059578983556496,64628.49647000712
8.010965342123734,4,Tier 1,India,300+,1,56.257911546745646,85.04529239196495,Cybersecurity,Manufacturing,7.225561456787448,53253.5126603006
6.322947218027411,0,Tier 1,Germany,300+,3,68.61640675074244,74.16802613971664,Data Science,Manufacturing,3.661292056835729,112034.79297022532
7.434783502936075,0,Tier 1,Germany,300+,1,69.56030748498173,50.369477079171986,Data Science,Manufacturing,5.65644991705135,118272.34390024768
7.211216065066936,1,Tier 1,India,Top 100,2,70.37561829259403,83.48682858422802,Data Science,Consulting,5.595528487070532,65672.27910420808
8.017882800085415,0,Tier 2,Germany,Top 100,1,76.90836394214787,94.38407795106512,Cloud,Consulting,3.641793469787024,87882.97884667575
7.585993682223842,0,Tier 2,Germany,Top 100,3,56.11438945760015,100,AI/ML,Tech,4.3618952717048884,120000
7.230978930260019,5,Tier 3,UK,100-300,5,36.57608565601214,65.20840252210706,AI/ML,Finance,3.659376024220108,93631.84598687993
5.676090051017363,3,Tier 2,UK,300+,2,76.0651123321935,81.3284499389284,Cybersecurity,Tech,3.6500480078406863,90474.87866454935
6.095837020260861,0,Tier 3,Canada,100-300,0,95.60525308689311,72.56138031862325,Cloud,Other,5.6049476166071015,69615.99203356956
8.929341340462738,0,Tier 1,India,Top 100,1,93.72066140024332,90.91929147483894,AI/ML,Other,6.062459425269627,66606.6504932459
8.213115244202859,1,Tier 1,USA,300+,0,67.5980253547898,64.79601861750956,Core CS,Other,7.9201096530302015,120000
7.057629489026996,0,Tier 2,UK,100-300,1,85.28243827959628,62.53129512498619,Cloud,Finance,7.651352576400558,95963.89154929182
6.830232824079078,0,Tier 1,USA,100-300,0,100,66.41884352972787,AI/ML,Manufacturing,2.680678840864896,120000
7.2062020321142,1,Tier 2,Germany,100-300,3,78.22434838248364,100,Data Science,Manufacturing,4.382249463772799,99787.24941203752
6.006591539614701,0,Tier 2,USA,Top 100,2,77.46517886200218,81.99869113647665,Core CS,Tech,3.550311880822047,107513.55260476712
7.267341133795918,1,Tier 1,India,100-300,1,73.5728290031213,55.45149319723034,Data Science,Tech,4.442014563552444,60177.075412524486
6.3116919913763985,2,Tier 1,Canada,100-300,3,84.25456450841038,89.46254968184785,Data Science,Finance,5.83154721339187,112952.62906353692
8.510150125872153,0,Tier 3,Canada,300+,0,77.85284508960775,57.32547110469875,AI/ML,Manufacturing,6.586078245161719,84268.48198489653
7.38882903153411,1,Tier 2,Canada,300+,1,44.45533921764307,60.24100841984886,Cloud,Consulting,7.07370082972353,86784.87748268922
7.866152843109659,1,Tier 1,UK,100-300,1,85.06599874039934,96.5421662475528,Cybersecurity,Manufacturing,5.726925325509992,106529.62563044144
6.623100278545697,2,Tier 2,Canada,300+,1,97.6882490329019,86.94882239640964,Cloud,Finance,6.09725974063435,81496.65850351294
6.925091049008663,0,Tier 1,Germany,100-300,1,71.26476979292815,76.75720906727038,Core CS,Tech,5.907808536130654,110196.4189276584
8.060637318033752,0,Tier 1,UK,100-300,0,71.27241140787878,81.91347835591307,AI/ML,Manufacturing,4.3421642386857275,120000
6.533120538923196,1,Tier 2,UK,Top 100,3,60.82669068757801,51.35818508384659,Core CS,Tech,6.916945826856498,99369.46678723536
7.830703080815454,1,Tier 2,India,Top 100,1,92.91331116036716,61.171490860791046,Cybersecurity,Finance,5.021830300347062,58663.68622873087
6.639072913272801,3,Tier 1,UK,100-300,2,81.64938755225968,59.466015066766474,AI/ML,Finance,4.615396548262058,120000
7.441392639928736,0,Tier 2,Canada,300+,2,90.18951850522387,76.42323562024899,Cybersecurity,Other,4.006068134753892,80146.50001033052
7.960209399791063,1,Tier 2,Canada,Top 100,1,63.70497777683242,81.17618969465447,Cloud,Finance,6.808874205884945,102632.84545232716
6.629470910331681,0,Tier 1,Canada,100-300,2,73.47372044514252,81.2049989402864,Data Science,Other,6.527059532086578,119847.68378231824
7.923120587404598,2,Tier 3,USA,100-300,0,87.3371988604124,48.41417785095887,Cybersecurity,Finance,7.189024206698733,102281.10853933844
6.689183379853593,2,Tier 2,USA,300+,4,49.437866075069834,94.43538658161886,Data Science,Tech,5.065121653052128,120000
7.152339111940046,0,Tier 2,India,100-300,0,66.36419067604673,64.8782777688888,Cloud,Healthcare,5.798886291717717,49145.94034510888
5.009338117269609,1,Tier 3,Canada,100-300,1,66.87144484373289,88.60737904696506,Data Science,Tech,5.212406632925576,81221.13604216305
6.473401270132921,2,Tier 2,Canada,Top 100,1,85.69464580401208,68.49701271726182,Cybersecurity,Tech,4.332049273080605,100428.02962128884
7.362806970043574,0,Tier 2,Canada,100-300,0,45.23689450768647,56.074720962486666,AI/ML,Healthcare,5.191150428227809,108650.96992794811
7.047187377271678,1,Tier 3,India,300+,1,93.95951140249464,78.63180855836686,Core CS,Tech,5.613008832310976,39819.35753216981
7.357498000642158,1,Tier 3,Canada,100-300,3,64.16740179727769,79.08662792838835,Cybersecurity,Consulting,8.372577780830735,70311.21468641443
6.725960639313788,1,Tier 2,Canada,300+,1,59.94311953215528,47.660284215751226,Data Science,Tech,2.6670975400963512,106345.89636854232
6.2298139477723105,0,Tier 1,UK,Top 100,2,100,89.3842685103064,Cybersecurity,Healthcare,4.778215594450483,106285.70086259044
6.834710976243163,0,Tier 2,Canada,100-300,1,86.36452420836343,60.182132090611624,Cybersecurity,Tech,5.651844910059634,95877.84213056306
7.488172935671378,0,Tier 1,USA,100-300,2,47.706641197586364,60.41750346996269,Cybersecurity,Healthcare,5.212826510861511,120000
7.179373123432635,2,Tier 3,USA,300+,1,88.92735626582433,56.34949538560192,Core CS,Other,5.547759929444638,91814.43939054145
7.571687832509294,1,Tier 1,Germany,100-300,4,53.84950216025952,45.471616169039365,Cloud,Consulting,5.535648953107532,104639.82777645969
7.927259251964719,1,Tier 3,UK,300+,0,66.11810750135933,72.54741221709307,AI/ML,Tech,5.993712993419387,103569.38789376504
7.340391946592184,0,Tier 3,Canada,100-300,3,74.54850937832268,88.98079633286237,Data Science,Other,6.363376394792741,80089.91517605325
7.957797538916182,0,Tier 1,India,300+,1,87.14100242689459,71.74171230711387,Cloud,Finance,3.5840862155808626,61297.472299977075
6.7691610432994365,0,Tier 2,Germany,300+,2,76.61083391644,61.36058322986813,Data Science,Finance,4.02526389265825,96991.78546397974
8.387949260669448,0,Tier 1,India,100-300,1,77.03242217683012,76.29934548666878,Core CS,Manufacturing,4.540612715631457,59676.80389362233
6.555562576410507,1,Tier 2,Canada,Top 100,1,56.4334971429255,74.88112993719348,Core CS,Healthcare,4.459878210973353,92686.18873630693
6.038280379139129,1,Tier 3,USA,300+,3,81.55001519735991,76.93653941254206,AI/ML,Tech,2.045544708662025,106363.3449288569
7.253962609000141,0,Tier 3,India,100-300,1,56.261741891303075,72.02196408114173,AI/ML,Other,5.7907136646506485,41588.9985149618
6.925290512880041,1,Tier 2,USA,300+,1,57.61411141851567,57.80203163944232,Cybersecurity,Consulting,5.820514018280025,101712.88099803792
6.576534310041303,0,Tier 3,UK,300+,2,73.63438846790305,66.6825419462716,Data Science,Healthcare,5.667037968830424,83982.4917247221
7.257274569071391,0,Tier 2,UK,300+,2,71.09348206953686,74.65122639041148,Core CS,Finance,5.0437430727994705,80133.28206091232
8.403946457317794,2,Tier 2,UK,Top 100,5,63.542404800726814,54.74233178441072,Cloud,Other,5.8949470826232595,107899.25644819991
7.18021129379804,0,Tier 1,Canada,100-300,2,72.4513121965942,52.38142562806975,Cloud,Manufacturing,7.172618569844151,107382.4737642798
5.984535602762641,2,Tier 2,Germany,300+,1,61.26178786468749,69.7076976487821,Cloud,Tech,4.798520387521543,86073.03696599744
8.362011726503685,1,Tier 2,UK,300+,2,69.41701660411213,80.21606627085221,Data Science,Tech,6.702247183502321,120000
8.305485519271286,0,Tier 2,Canada,100-300,3,93.28116636756108,100,Core CS,Tech,5.488133486752809,96428.29767570348
6.413573603580809,0,Tier 1,UK,300+,4,59.321970957535406,32.98802403567507,Core CS,Healthcare,6.797869334193789,101232.98832721356
8.45444953804626,0,Tier 2,Germany,Top 100,3,61.648954802572646,53.46380945096118,Core CS,Finance,5.710738661003034,101575.6996150574
7.620124395227826,1,Tier 1,Germany,Top 100,1,42.13575165123797,64.93694416903305,Cloud,Tech,4.421348072712589,119659.0328792045
7.442432068681887,0,Tier 1,USA,100-300,3,72.07576190665557,99.71898153106812,Core CS,Other,6.529597618357007,120000
7.960425326779098,1,Tier 1,UK,Top 100,1,74.47720984908918,61.48042411991943,Cloud,Finance,4.577339697786117,120000
6.851323398245802,1,Tier 1,USA,300+,1,87.61287062648645,68.5281708054649,Data Science,Manufacturing,3.984365410243711,120000
6.954729208880083,1,Tier 2,USA,Top 100,3,58.00230729054108,85.30032658774965,AI/ML,Other,4.443966041798251,120000
7.97517663183493,0,Tier 1,USA,300+,1,96.48947648197355,67.79847120740376,Cybersecurity,Manufacturing,1.3145593155697823,120000
5.4391185087691,1,Tier 1,India,100-300,1,53.35473724708602,44.24121738546124,Data Science,Healthcare,6.41402577893485,64256.6556449553
7.1148703492041285,1,Tier 2,Germany,300+,1,95.80346179932494,64.00790570266771,Core CS,Finance,2.860982399263726,85078.25975630281
5.545616619690276,2,Tier 2,USA,300+,3,70.9459590768776,64.50844890957818,Cloud,Other,6.275277610421532,96266.74533429308
7.607769836387335,0,Tier 1,Germany,100-300,0,50.43434824845357,83.17522270363288,Core CS,Finance,6.94179496010005,110305.98807882347
6.924433028446398,1,Tier 1,India,300+,2,58.85892071208408,77.60146990575811,Data Science,Tech,5.8655108102376134,74002.18804771722
6.308893631528187,0,Tier 2,India,300+,1,89.60128319045373,77.7306072808973,Data Science,Consulting,4.669424482644675,49204.96693526151
8.0235719453262,0,Tier 2,UK,300+,2,57.77291409854364,68.49789601622493,Core CS,Manufacturing,7.749048103348187,92008.22370290948
7.833379731247081,1,Tier 1,India,Top 100,2,62.64838956753625,52.39231584733734,AI/ML,Consulting,8.674179645042713,64812.49807492578
6.43448594561012,1,Tier 1,USA,300+,1,59.91833847745133,67.294085069964,Cloud,Healthcare,8.121089288021555,120000
7.68444452721657,0,Tier 3,Germany,300+,0,73.55228024350494,79.56641258858363,Core CS,Other,5.607848942392269,74025.93062078307
8.319584715459136,0,Tier 1,Germany,300+,1,57.291813996599984,52.20933454345438,Cybersecurity,Consulting,4.328440538114086,101569.83685296997
7.289133853818482,0,Tier 2,USA,100-300,0,51.222882943797366,82.31321392316207,Cloud,Tech,1.8769172459526344,116867.35018670931
7.4579122489405405,3,Tier 2,USA,Top 100,3,51.67534975357492,45.25658329394096,Data Science,Healthcare,2.96800796297844,120000
7.360482730290031,2,Tier 2,USA,300+,3,67.28129551159995,83.69782472491049,Core CS,Other,1.152198302446939,112120.3706885155
5.5041469283742686,2,Tier 2,Canada,100-300,5,75.05824088021234,54.31181203435165,AI/ML,Tech,5.514515383980563,109795.64745971753
6.070572924870109,0,Tier 3,Germany,100-300,2,70.92324080867942,84.80625523156493,AI/ML,Consulting,5.8182301829648715,76039.8962238
6.773488882604986,0,Tier 1,UK,100-300,2,78.72348777211037,54.78343985384599,AI/ML,Finance,6.297654892076448,120000
6.759312202287339,1,Tier 2,UK,100-300,2,55.57665966783669,75.15896298637645,Core CS,Manufacturing,3.327935100300377,93161.25533694822
6.032418451664956,0,Tier 1,UK,Top 100,0,70.1009873285961,66.10985039664945,Core CS,Consulting,5.4194002128298955,96373.32994841816
7.311182983481747,1,Tier 2,Canada,100-300,1,56.25322958734814,65.79368152279093,Cloud,Manufacturing,5.057594884350971,96149.20125967413
6.844584694417184,0,Tier 1,India,Top 100,2,85.3975416839939,68.19968905985742,Data Science,Consulting,4.350208714035678,68805.85295134528
7.838965701133251,0,Tier 3,USA,Top 100,1,81.47205208339135,59.245747525803,Core CS,Healthcare,2.6111442094255097,97977.7107053355
8.324325690470637,0,Tier 2,Germany,300+,4,75.55858435352688,94.6710621256745,Core CS,Tech,4.121889129135558,98981.36973660775
6.510266466276144,0,Tier 3,Canada,300+,1,72.667353491972,81.85336720297369,AI/ML,Consulting,6.107651524736322,79287.86306988829
7.392966132329597,2,Tier 3,Germany,100-300,3,86.09310556603324,68.17660283121512,Cloud,Healthcare,4.064816693469645,81555.51714145146
6.888482239469413,0,Tier 3,Canada,100-300,1,70.59655107392334,76.3594577198794,Cloud,Tech,6.680257793295818,70171.20187468528
7.5917225213797375,1,Tier 3,Canada,Top 100,0,73.21500301878561,73.32470726855895,Data Science,Consulting,5.433616597746053,87325.85291039203
7.058144419463473,2,Tier 2,Canada,100-300,2,58.564333307362105,84.27135366723314,Cloud,Healthcare,3.700528069229326,89086.48145837829
6.928612676622841,0,Tier 2,USA,300+,4,100,59.23387517625528,Cybersecurity,Manufacturing,6.226987175655113,110256.629092842
6.969943484016415,2,Tier 1,Canada,Top 100,1,34.217238448247336,66.99931126548368,Cloud,Manufacturing,4.483846477910276,110420.31336698851
8.195950581962588,3,Tier 1,UK,Top 100,1,66.71799435234936,77.60676034377106,Cloud,Other,3.0947487612349427,118103.94711627896
7.033060505816494,0,Tier 2,India,300+,2,63.757082147698334,65.28871675638024,Core CS,Consulting,4.179888613967048,40736.25626338898
7.3544017043579,1,Tier 3,USA,300+,3,51.9811835744657,100,AI/ML,Tech,5.679881776332365,111606.32784744838
7.761239816459234,1,Tier 1,Germany,Top 100,3,70.85567694592218,83.89957730791204,AI/ML,Other,4.247172051346966,120000
7.378777519228183,0,Tier 2,Canada,100-300,4,83.08090221891486,66.89109217525608,Data Science,Consulting,3.7607480295850166,114611.82073111089
7.6774166201731955,0,Tier 3,UK,Top 100,1,61.51707415002683,95.59748506193908,Cybersecurity,Healthcare,3.621426632355971,82869.39582166908
6.920724559806985,1,Tier 2,India,Top 100,0,48.01714129811026,81.67906161535105,Core CS,Consulting,7.105227738198672,44293.39167316388
6.51774347537283,2,Tier 1,UK,100-300,2,63.63361459619331,60.86535530973664,AI/ML,Finance,7.393027028186224,120000
7.345810360507325,2,Tier 1,USA,300+,1,49.60641506424132,62.559593043068965,Data Science,Manufacturing,4.799866741448837,120000
7.376035349894562,1,Tier 1,India,Top 100,0,68.99314392044192,55.746196041385446,AI/ML,Consulting,4.926515594516003,67131.41751095114
6.433899284142379,2,Tier 1,India,100-300,0,76.96547675506272,77.29897492455831,Core CS,Tech,5.969333178227008,54928.26867963265
6.430260908659165,0,Tier 2,Canada,Top 100,1,64.14191634834341,67.75973287399847,Core CS,Finance,2.936095175433617,89864.9924645421
6.282686218147833,0,Tier 1,USA,Top 100,3,79.6705022536023,69.94600170034785,Core CS,Manufacturing,3.75247249814808,120000
7.673586956361701,1,Tier 1,Germany,Top 100,0,64.117047118852,48.0382796358967,Cybersecurity,Healthcare,7.251314359912823,112899.73668721569
6.7046342396420435,0,Tier 2,USA,Top 100,2,90.39164722724296,84.12763187087032,Core CS,Tech,4.168126579742145,120000
6.700142354702555,2,Tier 2,Canada,100-300,4,73.20491602757217,93.39148347364898,AI/ML,Manufacturing,3.8609781426907728,96043.46941467925
5.694979347631244,3,Tier 3,Canada,100-300,4,74.51243659496728,58.56802065723676,AI/ML,Finance,7.158029816315997,86947.52118928719
8.062912662598585,0,Tier 2,UK,300+,3,81.81039497327582,68.21786028277724,Core CS,Consulting,2.7511808258174617,97759.41201811044
6.514797289427408,1,Tier 3,Canada,300+,2,47.246917365712925,80.46971640378466,Core CS,Finance,7.604254044408592,59754.38702930615
7.364723356136562,0,Tier 2,USA,300+,1,90.0420071882677,63.856127656106246,Data Science,Tech,4.5596235503315965,120000
6.0765098654136125,1,Tier 2,USA,300+,1,84.83772134254644,96.7855322246108,AI/ML,Consulting,5.921076292918056,119685.6813632568
5.598536954598624,1,Tier 3,Germany,300+,4,69.15627549863915,69.8308159875662,Core CS,Manufacturing,4.162939726844524,62483.47347136101
7.126442791936105,0,Tier 3,Germany,100-300,1,81.99651670754281,40.51519757007996,Data Science,Manufacturing,5.6490657517121985,83206.89276615733
6.922701063988089,2,Tier 3,UK,100-300,2,68.29116990935225,68.92579494966412,Core CS,Tech,4.589749468861319,92306.09826575042
6.667226457642113,1,Tier 3,Canada,100-300,5,68.82482469722447,66.84929311615382,Cloud,Finance,3.767108851252701,61822.81129172842
7.486596953347975,1,Tier 2,USA,300+,2,43.743243717422835,52.2915423712899,Core CS,Other,4.430130273698295,110671.34579652456
6.19822638485862,1,Tier 2,Canada,100-300,1,72.29433463182444,49.10723112288311,Cloud,Other,3.725120735714752,79854.51058053914
5.826571847507458,2,Tier 1,USA,300+,4,92.42776165042412,65.42766522641274,Cloud,Consulting,6.580617027307108,120000
6.598878282491491,0,Tier 1,Germany,100-300,1,47.24393469670764,81.12059109711977,Core CS,Other,4.25460657072206,96263.12685677707
7.780249966782384,2,Tier 3,USA,100-300,1,79.36815232935064,64.90912987410356,AI/ML,Healthcare,5.179425362325281,108068.60694311403
7.412502470755165,0,Tier 1,India,Top 100,0,75.35266949048614,42.01683071883828,Core CS,Healthcare,4.315533840554059,50093.85173050317
7.782737689622428,2,Tier 1,USA,300+,1,48.99202646199103,59.46941133516953,AI/ML,Finance,2.92717298774822,120000
7.417714036747149,3,Tier 2,UK,300+,2,69.83533303072541,58.04194415900722,Cloud,Tech,4.251008071283567,95082.13461244376
6.117064137175705,1,Tier 1,USA,100-300,2,82.35946287281925,88.51262942760334,Core CS,Manufacturing,4.730478277549762,119204.876528822
6.37584069670603,1,Tier 1,UK,300+,1,67.89655322359478,72.84549094933894,Cloud,Other,7.524630878950561,108327.9493929184
8.064459923231233,1,Tier 1,Germany,100-300,2,60.44213142661712,84.36620644882429,AI/ML,Healthcare,4.38334876540523,120000
7.714958151511289,1,Tier 3,Canada,Top 100,0,67.76944837445023,76.19364608766668,AI/ML,Manufacturing,6.547639434013995,88814.58205241438
8.825321469231074,0,Tier 2,UK,300+,1,88.12022551941966,54.48351185138422,AI/ML,Healthcare,4.735075884370909,106999.06938841254
5.771967801974112,2,Tier 2,Germany,100-300,2,51.288880850068985,80.00266454888586,Core CS,Manufacturing,5.645609140272451,77754.19981239902
7.570169623089065,3,Tier 1,USA,100-300,4,64.427670519797,36.23779915014704,Core CS,Finance,5.082831414485266,120000
6.702144757649662,1,Tier 3,UK,300+,0,78.25266498988675,64.44044883177148,Data Science,Consulting,4.488618792365865,80327.6541893283
7.148140429463931,0,Tier 1,Germany,100-300,1,70.8588777904349,92.51595702684308,Cybersecurity,Tech,3.4845140674301174,107382.0049310452
8.023092650650714,0,Tier 2,USA,Top 100,3,72.59386824194135,58.4038201536514,Data Science,Healthcare,4.983249020959459,120000
7.720318870716051,2,Tier 3,Germany,100-300,3,54.84003961474001,80.11567173522758,Cybersecurity,Manufacturing,5.211147322214211,71051.64480464965
7.360980255454806,1,Tier 2,UK,300+,1,65.65390858264362,52.39336181374271,Data Science,Manufacturing,2.7498001994590986,115056.34300939788
7.946794933511942,2,Tier 1,Germany,300+,5,76.97792877105167,60.798720187432224,AI/ML,Healthcare,2.512706170579891,112483.55334083996
6.057567306098895,1,Tier 1,USA,100-300,4,66.2487281107219,85.13374623771884,Cloud,Consulting,2.465676690070626,120000
8.33377928924091,1,Tier 2,UK,100-300,1,54.527716452165656,69.82614712450483,Core CS,Healthcare,5.834368109027785,105862.77911410952
8.218590897369808,0,Tier 1,Germany,300+,2,79.3133755653256,45.23643344939451,Cybersecurity,Healthcare,6.525604748124519,92814.39583713864
7.588497597796597,1,Tier 2,USA,300+,1,69.29417556552418,90.22300762791302,Cloud,Healthcare,5.4485780295813875,104250.95179192549
8.425439127016848,0,Tier 2,USA,300+,1,58.77750868538979,46.86612585427959,AI/ML,Other,2.7011684889914864,120000
6.5804414909898785,0,Tier 2,UK,100-300,0,70.57830714077446,84.54071007655237,Cloud,Other,4.553193936509317,90888.62430934852
6.411757231454438,0,Tier 2,UK,Top 100,0,64.06891275271342,61.18428633071275,Cloud,Healthcare,4.8013865387730625,85154.97637639886
7.577183459005875,0,Tier 2,Germany,300+,0,100,76.679932626471,AI/ML,Consulting,4.2889246481245085,96786.23353543332
7.605996119469989,1,Tier 1,Canada,100-300,1,53.24854538711297,54.09722684784194,Data Science,Manufacturing,5.619328987563692,120000
8.096428915197372,0,Tier 3,India,100-300,1,87.93155359294884,68.53020287936259,Data Science,Other,8.347275491279717,38821.53631273736
7.5561623200672,0,Tier 3,Canada,Top 100,1,71.45087866254751,91.89188269633657,Cybersecurity,Healthcare,6.700075291074578,77469.00159209315
7.227000818929201,1,Tier 3,Canada,100-300,2,85.64378541312074,73.87227522040992,Cybersecurity,Manufacturing,4.515559143710589,68877.50753872904
6.209701327279401,1,Tier 1,Germany,300+,2,100,79.03850882046038,Core CS,Healthcare,4.503066927087535,91672.60186821011
7.999695124237333,3,Tier 2,Canada,300+,1,63.36125501258253,44.294137963763106,Data Science,Tech,4.436527812342458,111141.02389937307
7.6234792031242655,2,Tier 3,India,300+,3,55.80797251015777,82.23688404190199,Data Science,Healthcare,7.092595097633809,41819.91132583734
5.379353701510898,1,Tier 1,USA,Top 100,0,96.50002055222218,72.46868524699805,Cloud,Finance,6.777903220360718,120000
8.529135269711778,0,Tier 3,UK,100-300,2,48.73921838645697,70.9681217069513,Cybersecurity,Manufacturing,6.22315956070893,90809.14333383986
7.151583856976864,0,Tier 2,UK,100-300,0,74.82166375480669,54.20136735738366,Data Science,Manufacturing,5.9493810124611946,117775.36966649417
7.147768379824867,2,Tier 2,Canada,100-300,0,84.11959039404506,71.85037687355981,Data Science,Tech,4.77764019710676,120000
7.750332430008524,0,Tier 3,USA,300+,1,49.10252433766424,100,Cloud,Consulting,3.547719776375887,77882.17569212464
9.294722444533416,0,Tier 3,UK,100-300,1,69.70734114357425,48.416112839265054,Core CS,Manufacturing,6.97654882656805,88999.70836666935
5.665120592897444,2,Tier 2,UK,Top 100,1,36.94079203407265,78.81212414692662,Core CS,Consulting,6.120588104450306,87093.81966290386
7.846982823907103,2,Tier 2,India,300+,1,75.56988497856847,51.4994347084792,AI/ML,Consulting,2.2313769760406705,48861.84676463226
6.861758610082829,0,Tier 2,Canada,300+,1,73.77792526933659,64.36329102034932,Data Science,Finance,4.127020369798273,110301.7601061483
7.61753612386934,0,Tier 2,Germany,100-300,2,67.12219553745194,73.49628825404936,Cybersecurity,Finance,5.88111405124079,91527.00447505992
7.353045721359397,0,Tier 1,Germany,Top 100,0,97.16525806204989,79.68103088096069,Core CS,Healthcare,5.391429826515553,110823.38105671128
6.413475042312003,0,Tier 3,Canada,Top 100,1,86.30082226470671,59.72815987736011,Core CS,Manufacturing,3.671415080856086,77788.2472631685
7.183197113967473,0,Tier 1,India,Top 100,1,49.620171367577385,48.229169425193945,Data Science,Healthcare,7.323878434194018,69338.67665735638
7.482598000457115,3,Tier 1,USA,300+,1,83.46657375220022,80.23368456595121,Cloud,Other,8.434226593146187,120000
7.2385267727924205,0,Tier 3,India,100-300,1,63.08297263709951,66.51639692164251,Cybersecurity,Consulting,4.544960496902636,36732.15470301115
7.510928134914482,1,Tier 1,India,100-300,2,65.36213067677018,47.34864424098744,Cybersecurity,Tech,2.804136968421374,62373.743738326535
7.84649466006972,0,Tier 2,Canada,100-300,2,69.5133973720562,87.22389388050476,Data Science,Healthcare,5.467286041329625,114237.58638545252
7.294095872167769,1,Tier 3,UK,Top 100,0,47.412508774344346,78.55229097441442,Cloud,Consulting,8.108001790573375,85126.81610717165
7.118471535838621,0,Tier 2,Germany,Top 100,2,64.63769296079658,62.55961679660076,Data Science,Healthcare,5.319299141495671,100725.37915758164
6.430223389080759,1,Tier 2,Germany,100-300,0,87.01851503124524,93.03966824336857,Data Science,Healthcare,5.554195307625154,93763.18075069178
7.949387696141865,1,Tier 1,India,100-300,2,60.376860176031336,82.64267166904175,Cloud,Tech,3.3192707993809503,72373.65231486602
8.149068324564784,1,Tier 1,USA,Top 100,1,71.11789837637308,81.94928138349982,Core CS,Healthcare,3.9131683194163784,120000
6.276308500004987,2,Tier 2,Germany,300+,3,58.315666248545654,45.02857262092649,Cloud,Consulting,6.264119158060494,69404.07351755876
7.532333458953423,0,Tier 1,India,100-300,0,72.04947207371853,60.689375980600296,Core CS,Tech,1.4843524468639042,57651.319994434
8.552973949171,0,Tier 2,Canada,300+,0,77.38744239567463,63.4970731742686,Core CS,Tech,4.165108450166727,113845.5184171963
6.697593680785427,1,Tier 2,USA,300+,3,50.91183242826034,69.76188385971957,Cloud,Tech,6.923185287232095,107166.39526199189
7.185156738020458,0,Tier 2,USA,100-300,2,76.00585628187295,62.55180586168159,Data Science,Finance,3.830332661968476,120000
7.517191630180616,1,Tier 1,Germany,Top 100,0,47.546693236915075,52.119960939786026,Core CS,Other,1,108748.40547618104
6.301631127637039,1,Tier 1,UK,Top 100,0,75.57622583069589,62.75260721043205,AI/ML,Consulting,4.812307606789449,120000
7.5769082900364655,1,Tier 3,UK,100-300,0,85.27766594357038,84.14657274849803,Cybersecurity,Finance,6.047731472534421,87919.22088593921
6.26698071954902,0,Tier 2,UK,300+,1,54.73293791586773,81.9402244931118,Cybersecurity,Other,5.461991537996298,92193.44745597243
8.084354240884396,1,Tier 3,Germany,300+,3,63.2874960357666,73.96144756498983,AI/ML,Other,5.34889813620524,80242.14541860786
7.936158967357283,0,Tier 2,USA,Top 100,2,76.09849179484287,58.80407019990914,Cloud,Finance,6.030528951877109,120000
7.107437197798235,1,Tier 3,India,Top 100,2,65.21628937796692,75.85695139269178,Cloud,Tech,4.332331266463433,44568.56827669309
6.310637543794994,1,Tier 2,USA,300+,4,85.04299412838539,75.62361804205388,Cybersecurity,Consulting,4.308972711183394,96520.60652187462
7.701164516402349,2,Tier 2,Canada,100-300,1,57.0810542783888,55.13737132586498,Cloud,Consulting,6.353393892671462,94967.13767902816
8.2027358627432,1,Tier 2,India,300+,0,100,60.413491148761466,AI/ML,Consulting,5.327038050440235,55917.996048668545
6.7359039248268395,1,Tier 2,UK,300+,2,62.929009590735006,98.51389628540264,Core CS,Manufacturing,4.811391423641202,90026.52039292232
6.497812875132396,3,Tier 1,UK,100-300,2,70.44783551056477,78.91409196900858,AI/ML,Tech,5.025809779098483,120000
6.769568900862339,1,Tier 2,UK,100-300,2,46.550561119338795,60.05960770987138,Cybersecurity,Finance,3.8663699895395256,102010.3078905363
8.13482507611843,0,Tier 3,USA,300+,2,55.551764352430105,58.532356903314735,Cloud,Other,2.7257047214182055,86142.12584890166
8.02157230887055,0,Tier 3,Germany,100-300,1,46.37062685667957,86.6034999125167,Cybersecurity,Healthcare,6.906225227280085,69381.10184740165
7.270418784881366,3,Tier 2,Germany,300+,1,60.23055217987594,60.62078539921765,Data Science,Tech,5.103403315791499,115866.75125135282
6.1397500855606095,1,Tier 1,India,100-300,2,60.166395432967434,62.88556922058329,Core CS,Healthcare,7.94963691308077,49773.149844644526
8.341114421766562,0,Tier 1,India,Top 100,1,64.52513474833785,74.98106549265128,Cybersecurity,Other,5.324897156330118,61606.4378649109
6.243594496045815,1,Tier 1,India,300+,2,82.51333153840775,59.44992475100882,Cloud,Healthcare,5.111637663564487,49784.54265985829
7.909851633891783,1,Tier 3,USA,300+,4,70.39470432674736,82.0596491589038,Cybersecurity,Consulting,6.526788204013687,84484.80312903582
7.270842301028732,1,Tier 1,India,100-300,1,66.90136353667313,74.68940505224845,Data Science,Finance,4.00340684073231,60351.289133246995
6.249659538770881,1,Tier 1,USA,100-300,1,47.66500046924204,76.88576368604028,Core CS,Tech,6.35273476123617,120000
7.173299980323695,0,Tier 2,Germany,100-300,2,46.18340917322133,55.12743804092299,AI/ML,Consulting,6.651681424641647,96670.57305408044
6.179397853087778,0,Tier 1,USA,Top 100,0,73.70563532494741,89.56900575537257,AI/ML,Healthcare,5.261738323558695,120000
7.8806571187380845,0,Tier 2,India,300+,1,88.53902191653424,69.09682624590351,Data Science,Healthcare,7.499799436481344,56447.82424929518
7.849096771898507,0,Tier 1,USA,300+,1,72.53720339852792,41.04480903638898,Core CS,Other,6.850651636748276,120000
7.425604959057554,1,Tier 2,Germany,300+,2,71.49681867970807,77.20814428623126,Cybersecurity,Healthcare,3.5051255371353545,85885.028607428
7.289328848997613,1,Tier 3,India,100-300,0,100,51.17378582114217,Cybersecurity,Healthcare,5.1348906997426145,36406.96492353827
8.4089504998939,0,Tier 2,India,300+,1,80.48986571591126,70.19005964841728,Cybersecurity,Manufacturing,6.6717248065172585,53692.84205491842
8.668837639629691,1,Tier 3,Germany,Top 100,1,52.997353541867454,59.593701645812544,Core CS,Manufacturing,7.3606607721865265,82128.76362257749
6.188192405451318,0,Tier 2,USA,Top 100,0,60.4124672827476,100,Data Science,Tech,6.307680388282099,120000
6.710829786644811,1,Tier 1,UK,300+,3,69.72459054677992,51.98723605954119,Cloud,Healthcare,2.6282255161075474,101095.42156348332
7.333156830481162,0,Tier 1,Germany,300+,0,50.75018425687093,61.4591506976551,AI/ML,Manufacturing,3.7137144358676704,109907.37610162138
6.956876120795409,2,Tier 3,Canada,300+,2,69.31066569475193,50.81000571566592,Data Science,Manufacturing,5.605156507243078,84741.94481411089
7.897486284984376,2,Tier 2,Canada,100-300,1,100,83.04334171212848,Cloud,Finance,4.9248654400524225,97854.46087780553
8.856032577613808,0,Tier 1,Canada,300+,1,67.11167611708306,76.08373872118123,AI/ML,Tech,5.6168273114194225,120000
7.156905167219126,2,Tier 1,Germany,Top 100,1,62.90928458140796,73.36648045618185,AI/ML,Other,4.68718761171147,120000
6.2767453682112,4,Tier 3,India,Top 100,1,97.90420343560652,76.51150221523687,Data Science,Healthcare,4.282453445594214,38382.478716312726
5.76083157995722,1,Tier 3,India,100-300,0,47.37862735915583,61.90021671905588,Cloud,Finance,5.515081150953827,38862.139207982094
7.206380784976945,1,Tier 2,Canada,Top 100,1,100,49.90843969389197,Cybersecurity,Healthcare,6.254507768284394,94053.76388526444
7.3801341971963055,0,Tier 3,India,100-300,2,86.85869584360444,57.51482883045065,AI/ML,Other,7.068629044117205,50593.78213860779
6.998076927264917,2,Tier 2,India,100-300,4,64.43818483474188,82.12855921359028,Core CS,Healthcare,4.127587427926105,35823.635482966616
6.528582678568555,1,Tier 3,USA,Top 100,0,49.11922829857727,62.00025606254907,Data Science,Manufacturing,4.9770410139647305,100333.46193564792
7.731017297108469,1,Tier 3,Canada,100-300,4,98.9872973559651,94.40854135435656,Data Science,Tech,6.059430980458673,98575.32755201792
8.271871182544547,0,Tier 3,India,300+,3,72.83758787090802,62.44353559640163,Cloud,Manufacturing,6.644402903335615,39685.693769213714
7.459256976715201,1,Tier 2,India,100-300,4,47.224457000300944,42.90895277085272,Data Science,Finance,5.526956263228732,58005.63406146207
8.119675716116635,2,Tier 1,USA,100-300,3,88.24777797934551,74.75830530267145,Data Science,Other,3.044688963853768,120000
5.926297801211907,3,Tier 3,India,Top 100,0,74.8859876186625,71.90864548660777,Core CS,Healthcare,5.709401370766504,39792.03173882348
5.9073406756676485,3,Tier 1,India,300+,1,45.04888011716321,68.73582919195864,Cybersecurity,Healthcare,7.424417705784456,55595.32156027564
6.880824552186162,1,Tier 3,UK,Top 100,1,73.5055148328506,56.99428053593645,Cybersecurity,Tech,4.798715624805173,94214.88308074622
7.402227541516155,1,Tier 3,Canada,Top 100,0,76.74017131763573,71.40821194368438,Cloud,Manufacturing,5.299053344489509,77683.46523585037
8.43708865834157,0,Tier 3,India,100-300,0,86.9273108829613,72.68064038507764,AI/ML,Consulting,7.3360983418565215,47028.81464420812
6.178904633867286,2,Tier 2,UK,Top 100,1,37.36157835267992,65.9528932071058,AI/ML,Consulting,4.754252893793854,106473.39349634496
7.98400045817532,1,Tier 3,USA,Top 100,1,77.08792804091074,80.63037935858989,Core CS,Other,6.4860111798006646,92930.9886538816
6.772492280314792,1,Tier 2,Canada,Top 100,1,73.21778469737743,69.64540843133607,Data Science,Consulting,5.945930121435405,102954.37515338526
8.27246565809428,0,Tier 1,Germany,100-300,1,78.45559977584159,83.0010950047396,Data Science,Healthcare,5.617036652414149,119440.28398802529
6.890403608446033,0,Tier 2,USA,300+,3,72.6262528141592,58.98584907756868,Core CS,Other,7.113590792974016,106074.35799722697
6.7272736981231365,0,Tier 2,India,100-300,2,66.1162592139466,58.12457794421289,Core CS,Finance,2.9563638620527417,44299.69020658671
7.34265335390019,0,Tier 3,Canada,Top 100,4,78.62748859038206,37.17504607348381,Data Science,Manufacturing,6.211992058842097,88764.73753155726
6.524950873545036,0,Tier 1,USA,Top 100,0,55.29267654111713,84.91736249514894,Data Science,Manufacturing,3.697784218662365,120000
7.06286162377532,1,Tier 2,Germany,100-300,3,74.92665676476582,68.88488248349314,AI/ML,Manufacturing,4.894816667475229,96917.38045331
6.216223020226554,2,Tier 1,Germany,Top 100,0,44.709448197323965,65.50974639782274,AI/ML,Tech,4.101763491988702,120000
5.650124522311431,1,Tier 2,Canada,Top 100,1,72.23229702464893,84.55714293630862,Data Science,Finance,4.7655273351716705,106666.62847019256
5.915641997510169,1,Tier 1,UK,Top 100,1,79.72710851583058,84.90897748726546,AI/ML,Manufacturing,6.286310233438606,120000
6.4327832338956075,1,Tier 1,Canada,300+,3,98.36085916618882,53.09728794775941,AI/ML,Healthcare,7.243872686760209,117510.9015475668
8.562607310021255,0,Tier 2,USA,100-300,2,75.29389325976484,79.88685313063591,Core CS,Tech,4.328609482231987,120000
6.579296259283836,0,Tier 1,Canada,Top 100,1,86.72468463884482,85.18386574903616,Cybersecurity,Healthcare,6.835946891112483,102309.62001826862
7.320385109205063,0,Tier 2,Germany,100-300,1,70.38495652627208,30.850020751191263,Data Science,Tech,5.375646330708311,112183.54162881944
7.104852148972679,2,Tier 3,USA,300+,0,98.3544611977206,78.35723802475343,Core CS,Tech,5.523134595111153,90406.65993634168
6.0437649891206044,0,Tier 3,UK,100-300,1,59.39739630568153,75.9481705873653,Cybersecurity,Tech,2.3163326927975905,75283.20527427318
8.445757314910308,0,Tier 3,USA,Top 100,1,70.94013325386473,89.31439789206112,Cloud,Healthcare,6.307509236720947,98744.98478313672
7.404772442764692,0,Tier 2,USA,100-300,1,64.88372433170106,79.2567112294735,AI/ML,Finance,7.911555498092978,118843.30461073272
6.417382238074709,0,Tier 1,UK,300+,3,66.13356653132072,65.1501092928336,Cloud,Healthcare,5.4014400134358755,98693.96913866838
7.952438875474877,0,Tier 3,Canada,300+,0,53.84340595031604,53.10966309780102,Cloud,Tech,6.062102244001525,85933.14026680881
7.170059224505772,2,Tier 1,USA,300+,2,63.55837663928594,64.78188441799335,Cloud,Manufacturing,6.8149413185385335,120000
7.821589010655786,1,Tier 3,Canada,100-300,1,65.67455030083887,57.03807942201683,Core CS,Manufacturing,4.752709297223767,78984.5962550902
7.884720339485847,1,Tier 1,UK,Top 100,2,68.95274001771138,50.87195721040053,Cybersecurity,Tech,2.952628739573819,120000
6.548842009553406,2,Tier 3,India,300+,2,61.30511999849352,87.68982228543143,Core CS,Finance,7.67669401606997,33058.576685446445
6.347026204366428,1,Tier 3,UK,100-300,3,70.04078479609606,74.67615622677384,Data Science,Other,4.986332304221367,73464.77458746526
7.062514450375718,0,Tier 1,Canada,100-300,0,39.04779310642779,54.63445061112947,AI/ML,Tech,4.213715408844282,120000
7.689308899598355,1,Tier 2,Germany,300+,3,63.27971455467448,80.9226800995609,Cloud,Finance,6.40414455326176,88583.5271162991
6.357740444839326,0,Tier 3,UK,100-300,1,65.29047413770444,59.91225891771957,Cybersecurity,Other,4.236468830328505,69588.6423211164
6.9408217091244975,0,Tier 2,USA,100-300,0,69.52364861213977,84.4642523780486,Core CS,Finance,5.341278695337989,109942.21938295888
6.939467516539335,1,Tier 3,India,100-300,1,100,78.59949062120273,AI/ML,Tech,4.069642616579756,53077.19550671465
8.578033741431847,0,Tier 1,India,100-300,4,89.13618197183553,46.37455492447842,Cloud,Consulting,6.312892395772467,55438.34887911155
7.404471393468699,3,Tier 2,Canada,100-300,1,62.19333863298929,88.61081738613615,Cybersecurity,Healthcare,5.081797879812466,93148.94797502708
8.191290486662632,0,Tier 3,UK,300+,4,59.48176155114187,64.52013534275277,Cybersecurity,Manufacturing,5.060089814955914,82186.60460243428
8.817159796338236,0,Tier 1,Germany,300+,1,80.17255943402245,75.6934139434137,Cloud,Tech,6.815346229448591,120000
6.676482061452831,3,Tier 3,Canada,300+,0,77.39681052968075,78.78624549265545,Cloud,Tech,5.796301084078577,69373.4766793375
7.455808285758917,0,Tier 2,UK,100-300,1,89.51934785579652,68.76393394896117,Cybersecurity,Finance,6.969985376580766,98463.71565885248
7.348780311600037,0,Tier 2,India,Top 100,3,71.33530436353752,84.64235170810252,Core CS,Finance,2.64128005825964,63917.165764702106
7.545655592050105,1,Tier 2,Germany,300+,4,76.49489421271866,53.12453456075335,Data Science,Healthcare,5.5055993698883405,110969.5533795699
6.822020082577388,2,Tier 1,USA,300+,4,73.32435963945834,70.11019897437362,Cybersecurity,Healthcare,7.01726880686435,120000
8.637489756575647,0,Tier 3,UK,300+,2,95.21780844824532,39.68683617154015,Cloud,Other,5.447658920478259,84058.004771117965
6.677539208747976,2,Tier 3,USA,Top 100,0,77.18074352269707,68.9647296175255,Cloud,Tech,5.747212723607015,100444.9471589936
6.334350956120114,0,Tier 2,Canada,100-300,2,83.62040417160802,87.31962501798333,AI/ML,Manufacturing,5.9666630786665795,94076.4908090311
6.559907773650769,1,Tier 2,USA,100-300,3,73.38959372361268,57.012734717712945,Cybersecurity,Other,6.909052709081753,96660.46656141987
6.88237966125532,1,Tier 2,India,Top 100,2,63.693534752605274,77.35162893704258,AI/ML,Consulting,4.3433179002695805,59517.06347893932
7.16624200588265,2,Tier 3,Canada,300+,3,72.85208451626625,79.89642860845632,AI/ML,Other,3.860690876708008,79617.56056285172
6.574265149498248,1,Tier 3,Germany,300+,1,92.96375978016704,86.39057946548208,AI/ML,Healthcare,2.5100383878988985,68296.74080475811
6.938223163821563,0,Tier 3,India,300+,0,84.11083487130122,47.80289123683313,Cybersecurity,Manufacturing,5.029219335370807,38975.11598274624
7.334564604710378,0,Tier 1,UK,300+,3,64.64169087113356,73.1015560504269,Data Science,Manufacturing,6.575988934546449,120000
7.851152790048685,2,Tier 2,USA,100-300,2,84.18529356896103,79.32764428828484,Core CS,Other,4.998915791015231,115607.56111419912
8.107625638075126,0,Tier 1,UK,100-300,3,54.846810462761766,87.51699913761145,AI/ML,Other,5.250028247537032,120000
7.355358661832538,3,Tier 1,Canada,300+,3,83.54113266504984,61.60870946338154,Core CS,Other,6.309262705321061,107111.16983965876
7.8810583661886096,1,Tier 1,India,300+,2,85.71829589674707,67.36738881404985,Cloud,Other,6.060746483984029,52408.51093090704
8.076980604962198,1,Tier 2,UK,100-300,2,85.73634381660608,30,Cloud,Finance,7.30269766615233,101037.78578378056
7.4178005088142225,0,Tier 2,Canada,100-300,4,94.33235099582252,73.59797680563935,Core CS,Healthcare,4.6333821078304025,93073.7361820343
6.921667802845676,2,Tier 2,USA,Top 100,2,78.7437907652081,50.343493356388656,Data Science,Manufacturing,6.610928495512099,120000
8.817947776357506,0,Tier 1,USA,Top 100,0,80.2540322802385,66.84721499535209,Data Science,Consulting,4.885561632156264,120000
7.711229697823914,0,Tier 1,UK,Top 100,2,94.86883428584252,53.28734315403051,Cybersecurity,Other,3.5492809341859917,117467.9410213797
7.45899553680353,2,Tier 1,India,100-300,0,70.31342980617258,45.045810639518635,Cybersecurity,Other,5.250409368527583,55645.378256421005
5.96935390602917,3,Tier 3,Germany,Top 100,3,66.17340910517632,73.13713250298794,Core CS,Manufacturing,4.250031063269301,64841.31042165501
7.234172385713483,2,Tier 3,Germany,300+,1,67.43325227745315,75.53024111448528,Cybersecurity,Tech,6.279303815597476,82771.68420270897
7.116416958214593,0,Tier 3,India,300+,2,74.59596034880366,51.95898905468194,Cybersecurity,Tech,6.22138872404748,35400.82305064908
6.508701947993347,0,Tier 3,USA,100-300,1,52.94716636251644,42.03284593766584,Data Science,Healthcare,6.860802489991206,96506.46442885212
8.270901542434878,0,Tier 2,USA,100-300,1,80.53501204738288,54.86995492372359,Cybersecurity,Other,3.778697526778725,117724.47958867134
7.556321979640239,2,Tier 3,UK,300+,0,55.73764264277104,58.11859902998384,Data Science,Manufacturing,6.1498169005509125,94759.76594070558
6.9107929382856454,1,Tier 1,USA,300+,3,63.54971142603358,84.09946763263956,AI/ML,Consulting,5.2981426342678,120000
6.689840066873151,1,Tier 3,Germany,300+,1,63.59184801364977,78.40615059546244,AI/ML,Consulting,4.225455762042071,78372.58856590034
6.897876254785448,1,Tier 3,USA,300+,1,76.40219162063826,66.56980526117674,Core CS,Consulting,5.302077764885945,83895.79117422031
6.551513890522152,3,Tier 1,Germany,300+,0,61.10298081108383,61.81212299320599,Cloud,Finance,5.2008573260483635,110533.31825719148
8.64237761960133,0,Tier 3,Canada,100-300,1,85.89039162758199,54.82525959898208,Cybersecurity,Consulting,4.983642086513964,82779.8699553383
7.015055239792479,1,Tier 2,India,300+,1,87.91815566584354,52.69784982651862,AI/ML,Healthcare,3.2595408202048084,50523.34978654828
6.06267652214595,2,Tier 2,India,100-300,2,71.21380067454092,78.60367359958803,Core CS,Other,3.225119241235421,37156.838691275545
8.356578302248693,0,Tier 3,USA,Top 100,0,73.79507216157852,59.554190320343544,Cybersecurity,Finance,6.465687375801029,103947.45534141624
8.51783095581849,1,Tier 2,Germany,100-300,2,84.41648287587843,83.88364304207857,Core CS,Finance,6.639802659279579,96370.13670276136
7.818824515348275,0,Tier 3,Canada,300+,1,81.82341321618786,52.765280534928465,Cloud,Healthcare,6.150409172460527,61496.48185690914
5.930619648899255,1,Tier 1,Canada,100-300,5,94.6536284585818,81.84716154076571,Data Science,Consulting,4.647948334073794,112348.0754750765
7.105542373417566,1,Tier 1,India,300+,1,83.75224607501397,64.029069042507615,Data Science,Manufacturing,5.210836159183957,68795.56064276394
6.825077378051971,1,Tier 3,India,Top 100,1,89.28904216256967,100,Cloud,Other,8.666818461887967,41687.33255705562
6.935297201707631,2,Tier 3,Canada,300+,2,82.8486212744144,88.92366692146324,Core CS,Finance,4.130057255790213,73404.16322762931
6.426387080697651,2,Tier 3,India,300+,2,88.99406158066807,77.76619398052547,Cloud,Finance,6.612511669016795,36833.765469434344
7.78225243974896,0,Tier 1,Canada,100-300,2,73.48615930294625,68.46723964413205,Cybersecurity,Tech,4.644003067832155,118169.0375755691
5.31548244652774,3,Tier 3,UK,100-300,0,60.76424159713176,79.57724054597975,Data Science,Tech,4.813609292573427,82800.699060245
7.922872274653541,1,Tier 2,Germany,300+,2,74.4627017491874,80.19511244190636,AI/ML,Finance,2.894439888034491,106788.2635386731
6.758255530413903,2,Tier 1,USA,100-300,1,78.56914933961771,59.667682454910384,AI/ML,Tech,5.514149948801663,120000
6.9486526709689445,0,Tier 1,UK,100-300,1,48.2478012625236,72.48282965430342,Cybersecurity,Consulting,4.684343434183835,109912.18954672111
6.587825284953405,2,Tier 1,UK,Top 100,2,62.7135326335192,46.813695992407894,AI/ML,Finance,6.793220147443811,120000
8.22415615909068,2,Tier 3,USA,Top 100,0,81.39050489145632,54.964492093462454,Cybersecurity,Consulting,7.967467008759114,90141.50100313948
6.26034870849752,0,Tier 3,India,300+,0,92.61783315686338,56.96621677507156,Cloud,Other,5.178676887871861,27841.192538474388
5.721920664323655,1,Tier 2,UK,100-300,1,97.5333412516146,80.88333257491612,AI/ML,Manufacturing,6.853025985492906,94630.45941728042
6.738386145912183,0,Tier 2,Germany,300+,4,82.31108339944363,57.62924876863436,Cloud,Consulting,2.937841430929261,78846.64454116704
6.829234576519649,0,Tier 3,UK,Top 100,2,80.1335595666282,75.0276400640448,AI/ML,Finance,1.766854726959899,89641.38366347628
7.396959349890653,1,Tier 2,Germany,100-300,3,51.474995801445864,39.49076373132341,Core CS,Finance,4.764325946404712,87052.37257514063
6.5717466299458724,1,Tier 3,Canada,100-300,1,68.28462644518244,61.96036838035095,Data Science,Healthcare,5.005066588716363,77042.03301762088
7.409199660289489,0,Tier 2,Germany,100-300,2,66.87900371047412,58.90190484346435,Cybersecurity,Manufacturing,7.054030796694308,83110.399204977
8.548123232048184,3,Tier 1,India,Top 100,1,73.31361961299315,67.32538838391285,Data Science,Healthcare,8.888973870806536,74365.69798612938
7.65240081795541,2,Tier 2,Germany,100-300,3,69.67101687770759,88.68081498144423,Core CS,Healthcare,6.20740623750402,85263.97516039814
6.961529194135382,0,Tier 2,India,100-300,2,71.15106113609276,72.88391035613219,AI/ML,Consulting,2.3675305764281047,57587.40642022109
7.9445127299617155,0,Tier 2,India,Top 100,1,86.69584784071867,56.028291706297765,Cloud,Healthcare,6.71911378954252,56340.02318659194
7.040958321504868,0,Tier 1,USA,100-300,2,51.342019711083495,93.81437487829662,Cybersecurity,Healthcare,7.386294628748392,120000
6.5985726457507745,2,Tier 1,Canada,300+,1,52.430028756303614,39.49880690704472,Cloud,Manufacturing,5.21106101417215,92127.33620738715
7.258379602894134,0,Tier 1,USA,300+,1,94.02995517743544,91.39009689523915,Core CS,Other,6.254136615333706,120000
6.951196822515693,0,Tier 1,Canada,300+,1,75.92022397477648,87.59688849744003,Data Science,Other,1.7440329432783144,119957.92165329958
7.400192375549256,2,Tier 1,India,300+,1,82.76572259997123,65.16345221799487,Core CS,Finance,5.364731312463885,65150.37456065357
6.573119754848666,1,Tier 2,Canada,Top 100,3,56.019088088532285,89.81853104838507,Core CS,Manufacturing,5.377733651875069,80503.85598168246
7.976657039050439,1,Tier 2,India,100-300,4,63.28529104872326,82.42435294367482,Cybersecurity,Healthcare,3.698511491630604,53111.95559665769
8.369632227214314,2,Tier 2,Canada,Top 100,2,70.75047622729275,65.36677286761272,AI/ML,Healthcare,2.9440937010101256,109785.52979552548
5.60189079213739,2,Tier 2,UK,300+,2,83.68354257045594,56.35009526269542,AI/ML,Tech,4.615346369391213,95606.24624770482
7.347816051645513,1,Tier 3,Germany,300+,2,63.28528668207845,70.67303131315418,AI/ML,Healthcare,5.772779054853862,82540.95025079216
7.380344546021298,1,Tier 3,Canada,300+,2,81.7787818482597,53.56996275198035,Cloud,Consulting,8.7782009881015,65117.98566888766
6.3635543456472945,0,Tier 2,Germany,100-300,1,44.48538861060663,62.36247831417628,Core CS,Other,3.4534809862313667,74587.31288449011
8.023614935808126,0,Tier 1,UK,100-300,1,100,44.45891612520248,Cloud,Tech,3.4808087994291452,120000
7.402195845992652,1,Tier 2,USA,100-300,1,87.18513316062888,72.73725160329626,Cloud,Healthcare,5.04352658681866,101981.63082185676
5.005383343735938,1,Tier 2,Germany,100-300,0,59.13681501187596,87.1641682851619,Cybersecurity,Tech,5.260384404127696,76298.18658365583
6.227468157181433,1,Tier 3,UK,Top 100,2,86.84305796266842,47.547939611444654,Data Science,Tech,3.4102354747359884,94520.61368447178
8.303333091920756,1,Tier 3,India,100-300,0,55.84393357244995,70.72232893894949,Cybersecurity,Manufacturing,6.198535993418249,37113.53565675413
6.534574373286357,0,Tier 3,USA,100-300,3,77.74177697044242,59.909554023592754,Cloud,Tech,3.973885454833604,95923.6769562893
8.654325070530842,2,Tier 3,Germany,Top 100,1,57.30217232057056,73.85278251361146,AI/ML,Manufacturing,4.964227108484756,93248.1127441028
8.197945346543701,0,Tier 3,India,300+,0,95.27282744629588,62.80739303057016,AI/ML,Finance,7.215031662522825,42418.73732227207
8.486161874830186,1,Tier 1,Canada,Top 100,0,83.43447527761828,86.2301889558338,AI/ML,Consulting,4.580440096206627,120000
6.008757837978686,1,Tier 1,India,300+,2,65.64675390101432,58.96802628466584,Cloud,Other,4.190877250500838,42106.921687159935
8.676674801447327,0,Tier 3,USA,Top 100,1,39.929104073922815,77.12906987428924,Core CS,Manufacturing,7.95058935384588,99216.83443669345
6.350078120850064,1,Tier 1,India,100-300,1,37.74843035695966,65.02758072992218,AI/ML,Consulting,5.043181551283807,59648.37535722914
7.2646810436924625,3,Tier 2,India,Top 100,2,81.40525544226712,80.52447782377452,Cloud,Tech,5.068978800341279,53805.86560524198
8.160801150505069,2,Tier 2,India,Top 100,1,55.44487070558961,47.85408959781812,Data Science,Finance,7.7937452450216576,65515.041128070465
7.703533632909923,0,Tier 1,Germany,Top 100,0,53.97121092306655,74.64587045804073,AI/ML,Finance,2.5700678166530007,120000
8.10119716001563,1,Tier 2,USA,100-300,0,63.40589944912253,62.821044772659775,Core CS,Healthcare,5.659428142188213,114503.76560213196
7.250505712010524,0,Tier 2,UK,Top 100,2,30,64.67990326138269,Cybersecurity,Consulting,5.546512196266059,102848.78767627438
7.549652636687133,0,Tier 2,Canada,300+,2,67.69587310476707,79.22961407959927,Core CS,Tech,7.040696153877107,90608.4775751536
8.173232687422882,0,Tier 2,India,300+,1,48.85476770553814,92.91651674071537,Data Science,Finance,2.40535269939397,58911.57174352242
6.110735800389159,0,Tier 1,Canada,100-300,0,59.48462675692221,73.85932646045825,Cloud,Tech,3.6626166126927058,113706.42001194174
6.9713395370348294,2,Tier 3,UK,100-300,1,77.9276781429769,66.3727510113112,Cloud,Tech,6.256310492661593,83040.39608464709
6.574836358912628,2,Tier 1,Germany,Top 100,2,58.43530584349787,76.95606319827276,Core CS,Manufacturing,4.7791507334428385,99986.55363639396
5.745712459707635,2,Tier 1,UK,100-300,0,65.8991881706062,61.23554203232554,AI/ML,Tech,5.687068008479108,120000
7.277367982083936,1,Tier 1,USA,100-300,1,64.9199069251551,73.21422421499572,Cybersecurity,Tech,4.887297078210134,120000
9.00924524126754,0,Tier 1,Germany,300+,0,48.65216911558217,100,Cloud,Healthcare,7.158643786383968,109752.22341218882
7.512434348059819,1,Tier 3,Canada,300+,3,81.45680977473145,30,Cloud,Finance,5.0722438821556155,79954.28227421411
7.098462561324945,1,Tier 1,Canada,Top 100,1,62.76686464707911,71.60745440574242,Cybersecurity,Tech,3.942252161560342,120000
7.955673776410984,1,Tier 1,Germany,300+,4,64.7535991543245,65.1917600956531,Core CS,Consulting,6.1114416597239405,101529.3821715473
7.183259750564562,1,Tier 3,India,Top 100,0,70.10949240143046,42.283371479065536,Data Science,Healthcare,6.368700512033176,46778.86762175201
7.1794717254224665,2,Tier 2,India,300+,5,67.36871619788911,50.11143365640961,Cloud,Consulting,6.663602695703197,43437.649795246616
7.723214043809051,2,Tier 2,Canada,300+,1,75.05970789368148,85.29291778915155,Data Science,Tech,7.345254781372304,104826.52309740485
6.76201423930092,1,Tier 1,India,100-300,3,93.18509328053764,59.2001577632918,AI/ML,Tech,3.2856878228977298,74778.9865936956
7.155241554884699,2,Tier 3,Canada,Top 100,5,86.08428680663565,57.360174179366375,Cybersecurity,Consulting,5.512117209853789,83884.1245177027
7.229564683441367,0,Tier 2,India,100-300,1,64.5377446365286,53.952881443595494,Data Science,Finance,5.57829881389517,57655.08372966625
6.489373818777205,0,Tier 1,USA,100-300,1,89.92570398756307,56.40805020459575,AI/ML,Manufacturing,3.1925699610737133,120000
6.347699497347103,2,Tier 1,UK,Top 100,5,75.32359710400479,57.36905183220818,Data Science,Other,2.0107532506738672,120000
6.14701205448062,1,Tier 1,UK,100-300,5,55.64461702107161,73.40052034640179,AI/ML,Healthcare,4.535668847291159,120000
8.69981712241357,0,Tier 3,Canada,Top 100,1,88.54321165128664,75.25535770953746,Data Science,Healthcare,7.547906132342862,91588.06419476452
8.065071249590723,0,Tier 2,Germany,Top 100,2,94.24879447734642,61.34091361820752,Cybersecurity,Manufacturing,5.709925734495409,89660.64014881103
8.536294001715408,0,Tier 1,India,100-300,1,49.67343915831361,70.34898090698974,Cloud,Manufacturing,6.3502526221226745,48529.51100125227
6.0216839843555485,0,Tier 1,UK,100-300,3,86.3011119506798,43.85873508665131,Cloud,Finance,4.3584113563876326,111260.6950865222
5.9651938998367235,1,Tier 1,Germany,100-300,1,46.623549284253045,41.852905038804586,Core CS,Other,2.000131228908035,101704.39265579268
6.443444098242349,0,Tier 2,Germany,300+,4,68.6831083265023,58.93615886613788,Core CS,Manufacturing,6.412929525515808,82099.26055848117
7.99166720515325,1,Tier 1,India,Top 100,2,42.41264240902311,79.4815783828161,Data Science,Tech,6.471777432047728,73322.46517966803
7.854703466955213,1,Tier 3,Canada,300+,2,60.87376821663896,44.06880460428878,Cloud,Other,4.56860326894379,64595.47851219556
7.483296711670814,0,Tier 2,USA,Top 100,1,76.313300180677075,79.52649024756775,Cybersecurity,Manufacturing,5.914292680519518,117594.93302466732
5.816444621488221,2,Tier 1,USA,Top 100,3,65.90415607537203,75.3137550446726,Data Science,Manufacturing,4.522503650618074,120000
8.00738659182944,2,Tier 3,Canada,Top 100,1,61.25276382700014,77.44263254680615,Cybersecurity,Healthcare,7.003401448862276,76593.04663305587
7.917152696320582,1,Tier 1,UK,Top 100,0,71.77661553827733,73.35723826009753,Cybersecurity,Manufacturing,6.788198221992339,118926.3639974484
7.805706669178528,0,Tier 3,Canada,100-300,4,70.04316879968714,70.34332363340548,Core CS,Healthcare,5.807156088686677,79174.33859168415
8.63984967662874,0,Tier 2,UK,Top 100,1,77.60737634322854,65.52839872429361,Cloud,Other,2.962641322174842,109107.0609509635
7.625704001225167,1,Tier 1,Canada,300+,2,97.10191345636386,60.728415456886026,Core CS,Finance,3.350676293988951,113732.95607680875
6.367280494665957,1,Tier 2,UK,100-300,2,83.98439467427085,89.87723277306027,Data Science,Tech,4.616887251101519,119256.76927053444
6.376117643022689,1,Tier 2,USA,100-300,1,51.81957106082865,75.75020529041475,Cybersecurity,Manufacturing,5.133486961180974,105169.04896895308
7.865587847399954,4,Tier 1,Germany,Top 100,2,90.15456565951273,52.38862842293267,Data Science,Healthcare,3.1330152707918124,120000
5.920339030758774,1,Tier 2,India,Top 100,1,55.81917521685553,81.3185974226752,Cybersecurity,Consulting,3.601931405919358,43106.66675432614
7.027221928857785,2,Tier 1,USA,300+,2,63.22192569210088,63.895403130199064,Cybersecurity,Healthcare,7.765742947932091,119041.00544757328
6.856725371987075,2,Tier 3,India,100-300,1,100,35.087940908692445,Core CS,Consulting,4.871253607582957,40048.875170942454
7.316655824876738,1,Tier 3,USA,100-300,1,66.31433956270308,77.90558858646128,Cloud,Tech,5.5702593743524496,101070.41334275145
7.554284604654249,0,Tier 2,India,100-300,0,100,54.818689967974734,Data Science,Tech,7.77197446558023,57792.16248880496
7.587710036367464,1,Tier 2,USA,Top 100,0,82.94490935492321,68.98039278468556,Cloud,Healthcare,5.407281658033072,120000
6.211356953065739,2,Tier 1,India,100-300,3,62.92060940910031,41.4716497385392,Core CS,Tech,7.435191629611841,56111.84739709533
7.95581028950155,1,Tier 1,USA,300+,0,54.916835686074066,71.7705421512591,Data Science,Finance,6.3713278200808015,120000
7.715717750059098,0,Tier 3,India,Top 100,3,63.04187810785981,81.79080115481958,AI/ML,Tech,4.004327504403185,52510.14628746679
5.9017124388151485,3,Tier 3,USA,100-300,2,58.35154680275255,86.56882242309104,Cloud,Finance,4.297468600309586,79861.00929701855
7.281183920281761,3,Tier 3,India,100-300,3,79.96120336490854,74.31810279165619,AI/ML,Finance,4.417465201603064,30659.410744684283
7.0375479216482955,1,Tier 1,Germany,100-300,3,70.97950190794721,54.215462230547914,Cybersecurity,Tech,6.661826354701689,109192.2187681201
8.518213613396782,0,Tier 2,USA,Top 100,1,65.85633737695713,34.7036513948532,Cybersecurity,Finance,3.965905075044829,120000
6.241685826184811,0,Tier 2,UK,100-300,1,66.41291957783544,65.99083587109168,Core CS,Tech,3.793716428201768,95060.02969219946
6.332541563606735,0,Tier 2,Canada,100-300,0,42.52310717241556,60.04045350196516,AI/ML,Healthcare,4.446394774638547,98513.1481062822
6.493795976091969,1,Tier 3,India,100-300,2,100,62.937791102789525,Data Science,Finance,2.013703475893693,42589.90347769681
7.595348568252028,1,Tier 2,Canada,100-300,0,75.99208912396585,77.22864079081872,Core CS,Manufacturing,7.240466681638679,90104.79209445532
7.2134547170363215,0,Tier 1,USA,100-300,1,88.03543898484821,56.31786359257059,Data Science,Manufacturing,4.331911710222993,120000
6.728702176583969,3,Tier 1,USA,100-300,0,71.44197588093763,84.12179006889059,Cybersecurity,Other,5.182741837774318,113534.02973048988
7.296048892215165,0,Tier 1,USA,300+,3,72.1971822423277,63.95947480064752,Data Science,Other,6.615740183034509,120000
6.901013855920195,0,Tier 3,Germany,100-300,0,76.32295977497559,84.16133141986907,Cloud,Manufacturing,3.997962903806531,66003.35602765282
6.853944820496367,3,Tier 1,UK,100-300,3,69.40317952821256,70.01766686670777,AI/ML,Healthcare,5.4361500661150135,117671.8123557826
6.108762839870405,1,Tier 2,USA,100-300,1,54.4776549141034,74.78272503617994,Cybersecurity,Consulting,6.522430171754271,100824.8624838985
7.20692891828431,2,Tier 2,USA,300+,1,75.52358545306504,79.03787581363603,AI/ML,Manufacturing,6.432198698065162,115082.90193879112
7.170191820686128,3,Tier 3,UK,300+,1,90.83697633853436,92.48106826754449,Cybersecurity,Healthcare,5.843168608778256,73629.49825835857
7.626298987958858,2,Tier 2,UK,300+,3,68.04644989364165,64.90351992407015,Cybersecurity,Finance,7.127930681632461,84195.39654288175
7.326442277469405,0,Tier 2,USA,300+,0,84.95016677160449,46.37743934374902,Cybersecurity,Manufacturing,3.6908448874384767,112797.7393204272
7.440638057818931,1,Tier 3,Canada,300+,1,54.31583091021738,81.5383001326645,AI/ML,Finance,5.4304936869924285,92090.84471969095
7.3558190462652755,2,Tier 2,UK,100-300,1,62.025981005255794,44.438824597173664,Cloud,Healthcare,7.392866296848856,89599.53495804913
7.119490785816951,0,Tier 1,India,300+,2,42.13480578136397,56.44257759045582,Cloud,Manufacturing,4.586136029157929,55490.39933742359
7.291312236843729,1,Tier 2,India,100-300,0,57.552240897518494,73.54024466306274,Cloud,Other,5.6624865534694875,43852.597553701264
7.005742773526354,2,Tier 3,Germany,300+,4,76.24296907209323,59.42296926412041,Core CS,Manufacturing,7.271755015915378,78618.9670119223
7.128391699178784,1,Tier 3,USA,Top 100,1,51.24599101106988,60.362187333719795,Data Science,Healthcare,3.7568358812671216,98611.56787113164
8.770024831517794,1,Tier 2,UK,100-300,2,70.56115939656095,67.56559471002464,Cybersecurity,Tech,5.691559606155088,117879.02031455832
6.7119685849944135,1,Tier 2,Canada,Top 100,1,88.91939152957056,67.4360096815174,Cloud,Consulting,5.067802152170588,95044.7003302616
7.249902568373257,2,Tier 3,UK,100-300,0,67.20835204266544,62.12987581520378,Data Science,Tech,3.0546357307661736,91255.688491578
7.954188132333131,1,Tier 2,USA,300+,1,98.77400485449864,64.86331607543423,Core CS,Tech,5.1247139309390635,120000
5.99370547527289,2,Tier 1,USA,Top 100,2,54.772055149839865,80.92987276588056,Cybersecurity,Manufacturing,4.668040477618467,120000
7.270949854337352,1,Tier 1,USA,300+,1,58.95474440454012,84.73985639815258,AI/ML,Finance,7.832869836496464,120000
7.823565985278686,0,Tier 2,Germany,Top 100,3,97.66427248960407,51.432840906797395,Cybersecurity,Other,4.652557733805729,93603.5793711377
6.085584550341017,3,Tier 2,USA,100-300,0,49.242290660534735,81.38277661374275,AI/ML,Tech,6.910649616434375,120000
6.948249115973986,0,Tier 1,Canada,100-300,1,69.24880489830099,71.53850084895694,Cloud,Other,5.6121093264861965,104969.9496210134
7.058557592801356,1,Tier 3,USA,100-300,5,56.86666770067871,65.65826873075041,Data Science,Tech,7.55235407482677,108520.67470801558
6.93302563212063,1,Tier 2,USA,Top 100,1,66.64514867786158,73.07085267400986,Data Science,Healthcare,5.595496530837142,120000
6.104363097293465,1,Tier 3,Germany,300+,0,69.8460984819671,66.97341983711792,Core CS,Healthcare,4.5531728619343115,68873.02656374798
7.142955773448381,1,Tier 3,India,Top 100,2,64.6938601167605,77.50128772453354,Cloud,Manufacturing,6.475410394387328,34404.27016840723
7.98337182743764,1,Tier 1,Canada,Top 100,0,68.16326002421049,71.45659605594201,Cybersecurity,Finance,6.582691287802606,120000
7.482475747959067,3,Tier 1,Canada,100-300,2,62.299665196747554,86.65922020723477,Core CS,Finance,7.196497573128863,109795.83878234965
8.988151933343113,1,Tier 3,UK,Top 100,1,78.1140037189,47.30255044767124,Data Science,Tech,3.1128842265667096,107653.68178230744
7.211820248782384,1,Tier 3,Germany,300+,1,49.10078277546441,57.48524619232748,Cloud,Finance,7.874459458593451,83651.1678259107
8.020312590399211,0,Tier 3,Germany,100-300,1,68.93043521626282,84.6397996471314,Data Science,Other,3.196604554785129,92204.4722480588
7.426687395764359,1,Tier 3,India,100-300,2,61.27805850732983,58.21530705358501,Cloud,Healthcare,4.341840479730821,35691.73728755024
7.671574803614724,0,Tier 3,USA,Top 100,3,82.86528517892887,90.89705806718666,Cloud,Consulting,6.099810132850925,92478.19298337695
7.974555769403405,2,Tier 3,Germany,300+,3,80.84988721011763,57.640925446259395,Data Science,Consulting,4.84140528276083,77801.32433446754
7.697757600058383,1,Tier 1,Canada,100-300,0,78.1331793985151,75.09484605616,Cloud,Consulting,3.518441371561593,113083.99460842488
6.747930615044713,0,Tier 2,Germany,100-300,2,77.08132779623179,56.27485696069714,AI/ML,Healthcare,4.570358664225937,89245.98861703367
6.542603166435151,3,Tier 2,Canada,100-300,2,57.68885879539201,54.81348446795977,Cloud,Tech,6.219956116477368,96777.78210297386
7.266086008259358,2,Tier 3,Canada,Top 100,0,68.1655559586768,67.65837485713385,Data Science,Healthcare,6.758854688591646,99833.51157514456
7.746502457872856,2,Tier 2,India,100-300,3,58.11571706945157,68.03610499666173,Core CS,Finance,6.422752444498481,51594.025437001685
6.821823439378714,2,Tier 2,Canada,Top 100,1,69.63037884428981,94.21917101944324,Cloud,Finance,5.63921713046968,100798.83985586486
7.852137572571509,1,Tier 3,USA,100-300,0,30,39.31882942598239,Cybersecurity,Manufacturing,4.270780229393863,97207.58545001436
6.266943264741264,0,Tier 1,UK,100-300,2,72.89916384469988,65.10337488473944,Cloud,Consulting,5.933706325068836,102204.47923079014
6.330463436962976,0,Tier 2,India,300+,0,89.79214955970446,59.293027666959865,Cloud,Finance,4.927028368665115,38350.81765949303
7.246090134551357,1,Tier 2,Canada,100-300,2,56.03856347426375,81.9033141162646,Cybersecurity,Other,6.40618577718353,95006.39154575347
6.580346388986359,0,Tier 3,Germany,300+,0,62.412961879939864,94.02025514955712,Data Science,Other,3.997402020099258,80569.80530697902
8.081762143093716,0,Tier 2,USA,100-300,4,74.45442133525495,37.34696662968405,Cloud,Healthcare,7.425777721758804,120000
7.33925348921476,0,Tier 1,Germany,100-300,2,95.59539006536406,32.7115805499862,Data Science,Manufacturing,4.372848818582363,117527.70052609482
5.9473473468579945,2,Tier 2,USA,300+,3,60.94893893709621,84.92316862596128,AI/ML,Manufacturing,4.223674582671643,107918.04088990508
7.224807400225445,0,Tier 1,UK,300+,0,69.2144439011416,56.42180491239015,AI/ML,Manufacturing,5.987609054256809,120000
9.594474375675787,0,Tier 2,Canada,300+,0,75.26913198237384,56.62804564758546,Cybersecurity,Manufacturing,4.2285052787479716,95502.46374291935
8.846333000492889,0,Tier 2,India,Top 100,0,43.91549928353268,59.37821033023448,AI/ML,Manufacturing,5.880642890918314,65469.39028867261
6.854840744601987,3,Tier 2,USA,100-300,2,80.86021647664457,70.2826202335662,Data Science,Consulting,7.9970866261751965,120000
6.914930397974948,2,Tier 2,UK,300+,2,81.2970355054697,71.6588208603706,Core CS,Other,4.953855961684285,92586.80354670896
7.796465211201624,3,Tier 3,USA,100-300,1,88.2204113055257,83.76223985107032,Cybersecurity,Finance,2.6398343319320605,93706.20411224962
8.36253808793443,0,Tier 2,UK,Top 100,4,70.10437202722156,66.74458657427596,Cloud,Manufacturing,4.1146140476664375,102879.34068232671
7.466190066539092,2,Tier 1,Canada,100-300,2,70.37753729058356,54.86882304767555,Cloud,Healthcare,4.5277476557788265,99368.50075436632
7.397498872406078,2,Tier 1,Canada,Top 100,1,70.17711593176426,96.80536565665544,Core CS,Manufacturing,1,106529.13785490284
7.85581716398708,3,Tier 3,India,Top 100,2,88.82439204523018,54.9191610023003,AI/ML,Manufacturing,8.946606680682653,44200.49292254788
7.686411356241717,1,Tier 2,Canada,300+,1,100,69.59205524251699,AI/ML,Finance,3.8626770830186703,102376.6979193777
6.337442981627812,1,Tier 1,Germany,300+,1,88.27555295766496,64.02568632148649,Core CS,Finance,4.659704212799316,95630.03521335535
7.634540550574941,0,Tier 1,UK,100-300,2,79.19813418430803,52.2224451392311,Cloud,Manufacturing,3.0620210817876186,114269.49584723324
6.902354294302978,0,Tier 3,Canada,100-300,1,87.33955888634463,61.288457676505466,Core CS,Other,6.913317260157353,66429.00665503246
6.633721291054009,2,Tier 2,Canada,300+,2,57.31623925714986,83.45719924135676,Cybersecurity,Tech,5.640626971758105,87451.36575985991
6.872510214283275,0,Tier 1,UK,300+,3,50.98675408748272,67.95352544302136,AI/ML,Healthcare,2.87542511600056,120000
6.703533790079374,0,Tier 3,India,300+,3,77.90908597386463,66.91237295930381,AI/ML,Consulting,3.8717172765427743,40757.67020209987
6.428255458407655,1,Tier 2,UK,300+,1,82.47948500291987,88.81255597863273,Cybersecurity,Healthcare,4.593729876257285,88752.9397437672
7.417023924011051,0,Tier 3,UK,300+,0,64.99828289233275,53.11110390813167,AI/ML,Tech,6.511849246179077,99806.28957507486
7.2573428331012,0,Tier 2,USA,Top 100,0,70.64437976760927,76.93344998612623,AI/ML,Tech,6.727295035517761,120000
6.203881214517296,2,Tier 1,India,Top 100,1,76.70564851918326,71.77565686201638,Cybersecurity,Manufacturing,6.389197235176786,58595.60653591662
6.854797470291467,1,Tier 2,India,100-300,4,67.01086506528509,44.452947088236826,AI/ML,Other,5.658971576629921,55340.75983826985
8.143086166250853,0,Tier 1,Germany,300+,2,94.90182859423476,43.67252818784248,AI/ML,Healthcare,4.565920663456844,103826.645363255
6.531257861345796,0,Tier 1,UK,Top 100,2,73.04182392335025,84.60203501267463,Cloud,Healthcare,3.8276182207511145,106050.51253058112
7.263285422968104,0,Tier 2,India,100-300,1,59.51938409786608,74.64358993091574,AI/ML,Consulting,5.594410643936296,46797.7087415958
6.446199736587283,1,Tier 2,Canada,100-300,2,49.56806119407619,59.782727868295055,Cybersecurity,Other,4.965229987567921,85399.35892060008
7.082750503446485,1,Tier 3,UK,Top 100,3,95.07829586449324,82.25954700928041,AI/ML,Tech,6.564197948179539,97946.76313090503
8.633660832114995,0,Tier 2,Canada,Top 100,1,49.50669393074887,42.20156481995336,AI/ML,Manufacturing,6.561243765964858,120000
6.98217681665303,1,Tier 2,Germany,300+,0,74.0306190386643,37.32091626449309,Cybersecurity,Tech,4.956496288039841,81847.75686568828
7.2576658486135885,3,Tier 1,UK,Top 100,1,70.89585605262693,61.24260191385784,Data Science,Other,3.475714796749862,120000
6.991126396841119,1,Tier 1,India,100-300,2,71.62348103700765,65.53844903037522,Cloud,Finance,3.77514734244384,54577.67415311813
7.658623932542165,0,Tier 2,Canada,Top 100,3,96.74729659635877,69.9437622870841,Core CS,Other,5.969530431681372,98094.78571340015
7.180609218489404,1,Tier 1,Canada,300+,2,44.13018906775126,65.11724158944031,Data Science,Finance,2.6898861990804668,120000
7.0140906015469255,2,Tier 1,Germany,100-300,1,100,79.56168833042963,AI/ML,Other,5.489229851595145,118420.75814466934
6.2197071781774,1,Tier 1,UK,300+,1,62.26015275492047,56.43062282472615,Data Science,Healthcare,5.2143180551074995,115445.1414771347
8.042806345547808,0,Tier 3,Canada,100-300,0,62.35281232329483,55.013512291657264,AI/ML,Consulting,3.622760433965952,88589.00598862307
7.531762196266488,0,Tier 1,Germany,100-300,2,69.92134873065312,52.81288596520455,AI/ML,Healthcare,4.9555777001989085,119758.37741679884
6.557663330106158,0,Tier 1,USA,Top 100,0,59.544855197216805,69.62062009698386,AI/ML,Finance,3.265258391254942,120000
7.80145988294555,0,Tier 2,UK,100-300,2,100,82.90977506391482,Cybersecurity,Healthcare,2.4929863280919773,99302.9059982232
6.601943329291834,0,Tier 2,India,100-300,3,73.39556269911215,64.59359779288646,Data Science,Manufacturing,6.431749421507315,50391.97766787093
6.374397205991171,0,Tier 2,UK,100-300,5,82.53427149159255,64.04536333920885,Cybersecurity,Manufacturing,6.168759929614107,91942.02907724815
7.377233904334565,3,Tier 3,UK,100-300,1,57.874258990794175,43.27726922217392,Data Science,Finance,3.432203285057501,102109.1977661983
5.53508409732932,3,Tier 1,India,Top 100,3,77.19338913190273,70.95048368139088,AI/ML,Tech,5.85030451291443,72060.97308575884
6.931144245767285,0,Tier 1,USA,300+,5,56.39669724188977,65.09640727356265,Cloud,Consulting,5.4490427657262375,120000
6.879743631782502,2,Tier 1,USA,100-300,2,66.84980193561209,57.84798075563712,AI/ML,Tech,5.52788094625528,120000
6.062212997250688,0,Tier 1,USA,300+,2,54.99123215064323,57.294723565574664,Cloud,Other,3.989070551559324,113073.72065935696
6.55955845463321,0,Tier 1,Germany,100-300,1,41.07139310299776,69.43262053134946,Cybersecurity,Healthcare,5.904799063203401,90739.51556195432
7.253086657228915,0,Tier 2,USA,100-300,2,72.4778763597261,66.79779225869495,AI/ML,Healthcare,5.5500997740716755,120000
6.291801051100622,2,Tier 1,USA,Top 100,2,72.14776125890835,61.20378343854697,AI/ML,Finance,3.7490981345677783,120000
7.144850194216866,2,Tier 3,Canada,Top 100,2,86.59480504330895,46.59738827988444,Cybersecurity,Consulting,4.176081728944716,72844.1074239674
8.042622429852852,0,Tier 3,Germany,100-300,2,52.778924816544915,60.83051615918557,Cloud,Consulting,3.950219541581146,73555.01159342848
7.468932640314227,0,Tier 2,Germany,100-300,2,61.196256580223256,58.4586225663927,Data Science,Finance,5.396730598395216,104784.95179870506
7.205759176284742,2,Tier 2,Canada,Top 100,0,79.01410296257785,65.41200657521215,Cybersecurity,Healthcare,6.76487774147977,105469.19404592743
6.807467860375829,1,Tier 3,India,300+,2,88.06700052033639,78.88090403255747,Cybersecurity,Finance,2.703705395714947,30517.089312656317
7.006304147755783,0,Tier 1,Canada,Top 100,4,94.29071253948555,62.283461745686104,AI/ML,Manufacturing,4.666437040738403,120000
6.739511158281197,3,Tier 3,Canada,100-300,2,96.56317016604878,71.7770918518379,Core CS,Tech,3.9219725272296646,81285.81188497326
6.868531835291687,1,Tier 3,Germany,100-300,1,66.95758737298215,87.21686920454044,Cloud,Finance,5.0326139751493715,73666.3589164645
7.16967468245934,0,Tier 1,USA,Top 100,5,67.65046456066183,56.562268263998234,Cloud,Finance,6.050750616277976,120000
6.187296938408017,1,Tier 3,USA,100-300,0,59.109895443035995,63.765529413851496,Data Science,Other,5.832069252937364,93775.53252830965
5.889165956935031,2,Tier 2,Canada,100-300,2,75.44855498881995,71.88853807952326,Cloud,Tech,5.52954981016556,95974.05200546944
7.127570005443303,1,Tier 1,India,100-300,3,64.47401459297681,100,Core CS,Finance,5.768870863777147,52008.04812727791
6.285769987606493,0,Tier 1,UK,100-300,2,88.45312127881377,66.69475311222885,Data Science,Other,3.759757190223341,120000
7.027770999002049,2,Tier 2,UK,300+,4,69.04968099527751,84.54647753159364,Core CS,Healthcare,6.29744447359135,85829.7967716051
7.523980467377352,4,Tier 2,UK,100-300,1,45.74697062610155,68.1785027197935,AI/ML,Tech,6.154746359167277,116917.1114675708
7.336153234315994,0,Tier 3,India,300+,2,83.27519573673996,78.99605250524745,AI/ML,Consulting,2.719791819722812,40492.10324702774
6.314801410072641,0,Tier 2,UK,100-300,1,52.92676722688024,77.53753373320316,Cloud,Healthcare,2.411115359850442,87858.7818652466
7.0781363013986685,1,Tier 3,UK,100-300,1,39.19041962191727,49.302753554067536,Core CS,Other,4.315937698509189,73748.01336824997
5.988401274436027,2,Tier 1,USA,300+,0,100,96.72897763657998,Cloud,Finance,6.593283856447256,120000
6.901016842980131,0,Tier 1,USA,100-300,1,58.77950735422152,36.315794612784615,Data Science,Other,5.791826202919419,120000
6.6818562451083165,0,Tier 3,Germany,300+,1,100,68.45735207275267,Cybersecurity,Consulting,3.833063158970412,68458.95017023364
7.2154358020645875,1,Tier 3,Germany,100-300,1,100,67.5821250137823,Cybersecurity,Tech,6.779047491593124,77628.60874655239
6.96408557590197,1,Tier 2,Germany,100-300,3,76.69514954971434,88.75115452352705,Core CS,Manufacturing,3.5294326529497604,84635.32546432548
7.146000824479371,0,Tier 1,Germany,Top 100,3,71.73271901192062,63.70569396245804,Cloud,Other,5.350132806567678,105623.8596453445
6.463907839636613,1,Tier 3,India,100-300,0,76.18631977066956,63.48186858287366,Data Science,Manufacturing,4.54731821731411,42215.30723966275
7.937374331772928,1,Tier 1,USA,300+,3,69.20825639779675,76.09698079943237,AI/ML,Finance,3.745908140050963,120000
7.945512874367969,1,Tier 1,USA,100-300,2,65.28298037055688,62.943691305442414,Cloud,Manufacturing,5.040714553032759,120000
7.828870120837005,2,Tier 3,USA,300+,1,70.74891311745965,67.67382815581942,Cloud,Healthcare,5.725515390419811,83016.4180581523
5.861620059790662,1,Tier 1,USA,100-300,1,79.6626749850847,74.73958648306564,Data Science,Consulting,6.487435704839684,120000
6.223900591696285,0,Tier 1,UK,100-300,2,90.80512239669056,62.85417556972048,Data Science,Healthcare,6.168669105067163,120000
6.681953787606623,2,Tier 2,UK,Top 100,4,71.67160849206341,52.29891447370546,Data Science,Tech,6.095743390233478,109935.38265669136
7.990123006009599,0,Tier 2,USA,300+,1,79.49603707876564,84.23114105393712,Cybersecurity,Tech,4.601466578291273,120000
7.303814108832717,1,Tier 2,India,300+,3,85.09191987779795,62.38945575883184,Cybersecurity,Tech,4.037476992359273,46165.29157727682
6.751753835692077,4,Tier 2,Germany,100-300,0,78.63356179511538,75.30708455636582,Data Science,Finance,6.250834543837709,103065.06726634076
6.508541484722964,3,Tier 3,India,Top 100,1,68.96567596170435,70.23832054210844,Cybersecurity,Manufacturing,6.002259632973576,32373.63307829256
6.432168806213172,2,Tier 1,USA,100-300,2,84.00766736912881,58.157291011876595,Core CS,Consulting,2.2663075509035413,120000
7.783111646845423,0,Tier 2,Germany,300+,0,58.44602422460368,54.75675550471295,Data Science,Consulting,6.735072779968062,100617.68998633054
8.287024684587498,0,Tier 3,India,300+,2,63.91773283113852,55.54993886481776,AI/ML,Other,5.417894957950355,50662.03144324707
7.662583752147699,3,Tier 2,USA,100-300,0,84.47990891824577,68.64984673310207,Cloud,Healthcare,6.854472012933368,110755.7749239083
7.872689336482958,1,Tier 3,Germany,300+,2,56.20556214379657,84.02186755464565,AI/ML,Other,5.679013595381862,85232.35755635801
6.629648390379794,1,Tier 3,UK,100-300,0,87.5504603543676,99.5271563727844,Data Science,Finance,3.557556619636696,92036.40760086208
7.394923878114521,0,Tier 2,Canada,Top 100,0,73.00470115698543,47.87205761601035,Data Science,Tech,6.042814519242081,116182.72541814596
8.036850449425117,0,Tier 1,USA,100-300,1,53.403797806840885,74.51045192734404,Data Science,Consulting,8.772537015894523,120000
6.707595250411788,0,Tier 3,Germany,Top 100,0,80.82709076194854,73.87508713262244,Data Science,Consulting,3.5723883939576804,88870.99323336457
5.8833686382460115,1,Tier 2,India,300+,1,65.0668769901115,68.3002442976941,Core CS,Tech,4.229308494344324,51847.58061228756
6.827512337145582,2,Tier 2,USA,300+,4,73.98896448032372,52.14842561547478,AI/ML,Consulting,8.127294875894526,112143.24443445592
6.7025136941770675,0,Tier 2,Canada,100-300,1,89.99416452172272,66.36680957944425,Cybersecurity,Tech,4.216443139177643,100847.71905103343
6.417230702655726,2,Tier 2,India,100-300,2,69.02072818964122,72.33946818767555,Cybersecurity,Healthcare,5.279676551641156,43126.33441438094
7.255619736626365,0,Tier 2,USA,100-300,1,79.67478547798726,62.72405057791811,Core CS,Tech,3.4364697074018884,119204.06649600896
8.322893814793828,0,Tier 1,USA,100-300,2,61.818360432401626,64.13127311687099,Cybersecurity,Consulting,4.187802625543469,120000
7.111909786271302,3,Tier 1,Germany,Top 100,2,41.34528069123216,72.86029131761966,Core CS,Consulting,3.5342180634171045,109051.81484935344
7.796894571928903,2,Tier 3,UK,Top 100,2,98.92692300675456,75.58974586519764,AI/ML,Manufacturing,4.303339902125279,100667.30736994848
5.8878224598772295,1,Tier 1,Germany,100-300,2,95.2754559773314,32.02342935025543,AI/ML,Consulting,4.628181655896028,111461.1820283252
7.126209151435016,0,Tier 3,UK,100-300,0,78.27717127777507,72.4737671824762,AI/ML,Healthcare,6.6771041371288895,87199.75876588286
6.122105344823146,1,Tier 2,USA,300+,2,62.41850867232911,73.18758425279852,Core CS,Healthcare,6.777553369669745,99689.0654615959
6.408502874032771,1,Tier 3,UK,300+,0,73.00515652762112,71.85089972851003,Data Science,Healthcare,5.925793523316454,79930.18163709345
7.760012662935717,1,Tier 2,USA,100-300,2,68.26952987085642,82.14134984094831,Cloud,Other,8.342551565228247,106395.73574785616
7.19440377764352,3,Tier 2,Canada,100-300,3,60.83921802619771,66.62926154478501,Cloud,Consulting,3.916027598870478,90688.95172620835
6.842975478889651,1,Tier 1,USA,100-300,2,46.6647324741906,63.17195147808085,Cybersecurity,Manufacturing,4.350581798261072,120000
7.241360007121388,0,Tier 2,UK,Top 100,2,57.014389204359226,78.00012682249485,AI/ML,Consulting,6.579941180923335,116945.57572053766
6.287745721584103,0,Tier 2,USA,Top 100,0,75.43210737477663,71.9715321454607,Cybersecurity,Healthcare,6.191834769266915,105553.02303580784
7.429032727613752,0,Tier 3,USA,100-300,0,67.21659287071496,99.13892662788814,Cybersecurity,Consulting,6.034602635832728,89495.74777325343
7.114439015903162,2,Tier 3,Canada,300+,1,72.15254096873237,67.90057033675511,Data Science,Healthcare,4.191804327160993,81839.45677580149
7.679689590812971,0,Tier 1,Canada,300+,2,81.07753519521187,67.70859853739583,Data Science,Healthcare,5.03074064586373,120000
7.554286067389949,2,Tier 2,Canada,100-300,3,75.97628470382078,72.42431415120879,Cybersecurity,Other,5.487566881492864,88954.94826023788
7.466057055047044,1,Tier 2,Germany,100-300,3,53.00636357383287,42.88864718653092,Cybersecurity,Finance,7.298199101763737,93509.82367412356
6.6855577943508795,2,Tier 3,Germany,Top 100,1,45.7495325651973,88.52091235752835,Data Science,Consulting,8.735968140861626,77282.00968975246
7.801305460166848,1,Tier 1,Germany,100-300,1,83.65155483118524,77.52926575688407,Core CS,Tech,4.555357326274681,117115.11704344772
8.114763622019545,3,Tier 1,India,300+,1,91.48451616280406,72.72356548986866,Core CS,Healthcare,8.086223991516928,63264.79573890701
7.568439281838228,2,Tier 2,UK,300+,2,73.56169115628187,53.53222125231967,Core CS,Finance,7.326369561997949,94424.02762922343
7.343472658241388,0,Tier 2,UK,300+,0,63.898353601463334,47.30851100009447,Cybersecurity,Finance,3.5928869854002894,96823.47519901172
7.303711718708772,0,Tier 2,Canada,Top 100,2,47.732688447351094,83.83596197083685,AI/ML,Healthcare,2.982903520712833,109071.48461312946
6.895951765157104,0,Tier 3,Canada,100-300,2,79.01500029521564,73.07747204430271,Core CS,Manufacturing,6.326420269831943,75571.28516198702
8.335255620661066,1,Tier 1,Germany,300+,1,84.05072288594344,84.40314012300682,AI/ML,Manufacturing,5.44133092036652,117212.91017742036
6.245953595366499,1,Tier 2,Canada,300+,4,80.35833792892268,40.30970972799169,Cybersecurity,Other,4.841545254197209,74224.39604780191
8.291823032567882,0,Tier 1,USA,Top 100,0,30,60.20524616285239,Cloud,Healthcare,6.053760846610115,120000
8.060345687276063,0,Tier 2,Germany,300+,3,79.05441632628337,68.29648732523655,AI/ML,Healthcare,5.487952227562534,104074.95529440696
7.468723360931719,0,Tier 3,Germany,100-300,1,60.31767177975544,78.8247713981262,Core CS,Consulting,4.590952506928532,67018.83908823112
6.410583891241902,2,Tier 2,India,300+,1,57.796744050726176,70.67011706294757,Core CS,Tech,2.9075239065525245,39184.65950564583
7.174827233928757,1,Tier 2,UK,Top 100,3,80.14216001275652,62.50067422038059,Core CS,Finance,5.540423348736437,99217.1872200836
5.800787231633279,2,Tier 2,Canada,Top 100,2,92.15268502097057,89.58160014251204,Cybersecurity,Other,4.069190297905719,87364.09726102251
6.926524188532036,1,Tier 1,Germany,Top 100,2,78.36414201875466,61.76094236380327,AI/ML,Finance,6.100766477656691,120000
7.438655702043599,1,Tier 3,UK,300+,0,71.07558803830851,61.544302948210394,Core CS,Finance,5.400164181054613,80667.41553006081
7.759675657091591,3,Tier 3,Canada,300+,0,82.97207955645084,68.39867190175465,Cybersecurity,Healthcare,5.595188244506726,73854.39207694166
6.952467854982005,0,Tier 1,USA,100-300,1,76.95797059165176,52.88703072511474,Core CS,Finance,6.830550879628614,120000
8.48440265183541,0,Tier 1,Canada,100-300,0,60.455170359863295,74.3699344354065,Cloud,Tech,7.443909973750124,120000
6.7228587951944805,1,Tier 2,UK,300+,2,85.74304444303155,69.96384615219054,Cloud,Manufacturing,7.008892839985638,94806.89001465523
5.710746112717738,3,Tier 1,USA,100-300,0,92.08397107613077,98.00934679223668,Core CS,Finance,4.909380220773994,119034.08437875732
6.7308904436710915,1,Tier 3,USA,300+,3,90.70844264769558,47.12075461880349,Cybersecurity,Manufacturing,5.393724980950414,78582.18970473732
7.768243837025176,2,Tier 2,India,300+,2,52.10391763870056,68.13331610901272,Data Science,Tech,4.231700379437348,54807.09077473298
7.369986899253483,1,Tier 2,India,100-300,2,76.01105502956294,66.53140017620649,Cybersecurity,Consulting,6.988819920042153,44114.05783886258
7.13780350912883,1,Tier 1,UK,Top 100,2,46.2643902218454,44.67129100231017,AI/ML,Tech,6.39162263459465,120000
7.537224937383243,0,Tier 2,India,100-300,1,73.32720046648457,92.90282164731305,AI/ML,Tech,3.957730176624063,58863.34867953181
8.222425087510267,0,Tier 2,Canada,300+,3,63.34122235912801,57.59642613204892,Cloud,Finance,3.79763074040226,95177.17391465868
7.31064960433876,0,Tier 1,Germany,100-300,1,58.55249117560743,68.97677427508722,Core CS,Healthcare,6.921876583704194,108953.22016306504
7.999603920564927,1,Tier 3,Canada,Top 100,0,61.60833532884993,76.07926386315175,Cybersecurity,Tech,6.175925415283895,88798.83484486883
6.381945000995008,1,Tier 2,USA,100-300,3,92.03623359129448,80.296390030473,Core CS,Healthcare,4.191154464122547,106548.5239633881
6.522420570623141,2,Tier 2,Canada,300+,4,68.26133054813988,56.55143513053864,Data Science,Tech,6.64089100028008,98771.8102017333
6.670223403980424,3,Tier 3,Germany,100-300,4,82.198314938675,58.72468275701815,Data Science,Other,3.26680118500308,77939.52602015437
7.730778985613925,2,Tier 3,UK,Top 100,2,69.17223155519486,60.48388051005313,Core CS,Tech,3.223725368798325,87703.4384284327
7.342548998248461,1,Tier 3,India,300+,3,60.42975867054794,55.59255156059629,AI/ML,Consulting,5.189386568166108,36771.22848047149
6.7760053585004165,1,Tier 3,India,300+,2,93.67716743473194,94.8579877692055,Cloud,Other,2.936184958946534,34734.76581880115
5.976775411024171,2,Tier 2,India,300+,0,90.54303487644168,64.4025908940267,Cybersecurity,Healthcare,6.373217648757925,38510.47881170032
8.747277386704365,0,Tier 2,UK,300+,0,89.6753686843414,69.47980369101835,Cloud,Healthcare,4.251870891749469,102161.07645393924
7.456405766683613,0,Tier 3,India,300+,1,81.56216600800037,77.54642787131093,Data Science,Healthcare,6.527964286630266,43283.97754220008
7.893467020423963,1,Tier 2,USA,100-300,3,57.21285065012201,48.885294122974585,Cloud,Tech,6.895694712208523,120000
7.149132935795237,4,Tier 2,UK,Top 100,3,58.95223135029213,73.44948672755169,Core CS,Healthcare,5.604301968206443,89379.63373307609
8.512352548124626,0,Tier 3,UK,300+,0,100,59.03392207810438,Cybersecurity,Tech,3.837263743983568,92166.2401563443
7.039446665216178,1,Tier 3,Canada,Top 100,2,67.00130248847229,59.62567063981201,Cloud,Manufacturing,5.248799018940388,66942.44429078147
7.615071740775117,0,Tier 1,UK,100-300,3,87.24127317275861,70.08153146425668,Cybersecurity,Tech,4.826969727856824,120000
6.513418794044193,1,Tier 2,UK,100-300,1,75.42609293122777,56.906234733185315,Core CS,Consulting,5.161817808105468,88241.96769127308
7.248887992914556,3,Tier 1,Germany,Top 100,3,66.42544393842618,72.2684216374074,Cybersecurity,Other,8.423190912491334,107934.77645920833
5.488280566323078,1,Tier 2,India,300+,2,92.09841052838436,47.6884362445435,Cloud,Other,1.9841931754081392,39319.726712052
8.612220088368513,0,Tier 2,Canada,300+,0,65.87869467884781,70.822702740283475,Cybersecurity,Healthcare,5.163094219365616,89575.06454357928
8.032515568738038,0,Tier 3,Canada,300+,0,61.76689224819671,75.0203152990863,AI/ML,Other,4.205560507337647,90301.1935714153
6.1181842076353155,0,Tier 2,UK,300+,0,93.7173493185672,70.38121204988975,Core CS,Tech,5.675610181691453,85027.0882247434
7.278049291042842,0,Tier 2,USA,100-300,0,82.04475525575177,81.01122474709082,Core CS,Other,4.781764175034256,113097.42311598928
7.284535158850583,1,Tier 3,Canada,100-300,2,67.15675357844232,55.763417899905605,AI/ML,Consulting,4.400294560454269,87180.17889414295
7.153261916955271,0,Tier 2,UK,100-300,1,91.26786771168686,74.90356555917906,AI/ML,Healthcare,6.035239798817447,106154.7300223166
7.404992791444741,1,Tier 2,Germany,300+,1,73.18956274098205,59.95691929565509,AI/ML,Manufacturing,6.587873850409529,97100.6798506264
8.157844559513446,1,Tier 1,UK,100-300,2,47.426663258691264,72.3058525259483,Cybersecurity,Other,7.714996496505734,114589.59658233104
7.454482564102917,2,Tier 2,USA,100-300,0,80.33975660598465,74.9859767199686,Cybersecurity,Other,5.630728736801152,105767.06143334707
6.160275600872047,0,Tier 3,UK,100-300,2,65.21184739661999,89.90400762564893,Data Science,Manufacturing,3.98573979934542,76661.0909683488
8.090050282169962,0,Tier 3,USA,300+,2,54.48162792920927,76.94703255985436,Cybersecurity,Tech,4.38173598182435,94948.36401268357
9.521645387609668,1,Tier 1,Germany,100-300,2,72.96783240294374,59.64152487140781,AI/ML,Manufacturing,7.736793397836772,120000
7.442519325103367,1,Tier 2,India,Top 100,2,86.80571947853385,36.57653291825811,Data Science,Tech,5.245133188417184,67026.06829608527
6.561439761466582,1,Tier 3,Germany,100-300,1,89.80936116084783,40.47728126886902,Cloud,Consulting,7.452100245954358,70829.70237995296
8.538756635859963,0,Tier 3,USA,100-300,3,56.98016206111182,83.12151398810639,AI/ML,Healthcare,2.7984926930550382,109386.55753867592
6.380308023985134,1,Tier 1,Canada,300+,3,65.33398496986493,68.82963950564148,AI/ML,Tech,2.324175259721768,111945.88502187384
5.648653569626191,2,Tier 3,UK,300+,3,96.94889342605666,75.49409161528523,Core CS,Healthcare,6.875881295131158,64494.20500105495
6.622989007437984,0,Tier 3,USA,Top 100,0,57.475551590387184,66.12472318100714,Data Science,Manufacturing,5.378582784553441,106039.1310862799
5.41960978302629,2,Tier 2,Canada,100-300,2,78.31512028367749,69.29861070440046,Data Science,Manufacturing,4.497738619891671,92364.05442528053
7.600879563605848,0,Tier 3,Germany,300+,3,64.93368155673892,79.1991872394529,Data Science,Tech,6.541082282564412,83366.14992860066
5.337750544115043,1,Tier 3,Germany,Top 100,5,47.75258644805628,83.286583422625,Data Science,Tech,4.4852874219887715,80156.82158127395
8.314702524643627,1,Tier 2,India,100-300,0,57.025619920825335,80.62643554457804,Cybersecurity,Healthcare,4.057329436704229,53660.25841145956
6.3092051160280525,0,Tier 3,USA,Top 100,1,94.3953280122919,75.94648434789833,Cloud,Tech,4.840139802900949,106449.49221974454
7.014413497635557,1,Tier 2,Germany,300+,1,62.09327844351651,46.21232895207404,Cybersecurity,Consulting,4.377035205080236,87807.61302656346
7.3781042766747245,0,Tier 2,UK,300+,0,54.08901710795524,79.7714637909261,Cybersecurity,Manufacturing,5.796427781971993,90171.24965624524
7.474053819077865,0,Tier 2,Germany,Top 100,0,69.57090718404139,63.62717683611125,AI/ML,Finance,5.735093907316105,104079.75987130472
7.506661460856991,0,Tier 2,India,300+,3,50.3181237764634,66.23471672493325,Cloud,Manufacturing,6.943058434392587,43053.826206146674
7.018104682141495,3,Tier 3,India,300+,1,74.8925812494572,49.656000730620136,Cybersecurity,Manufacturing,5.046893439359078,42977.92999040779
7.158944007637926,2,Tier 3,Germany,Top 100,1,62.79526289611545,82.51626316850265,Cybersecurity,Consulting,5.567829936851283,72002.5211656799
6.936746126508355,1,Tier 2,India,100-300,0,41.74282036536458,51.11547314829158,Cloud,Healthcare,7.403598552658219,34054.24601261315
6.5367007122914025,0,Tier 3,Canada,300+,0,78.14140483036257,52.207528139067655,AI/ML,Healthcare,4.1771207021194146,68908.60052788851
6.615332968390416,1,Tier 1,UK,100-300,1,88.54105581229618,67.3511346104758,Core CS,Healthcare,6.008305313757549,101647.30639713496
7.556934397727432,0,Tier 2,Germany,300+,0,69.71354537092576,60.490597334724015,AI/ML,Finance,5.801655067074662,88083.31676151222
8.735949270464435,1,Tier 2,Germany,100-300,5,70.24995988909778,78.0353373663871,Cloud,Other,6.654393872628389,97736.72579700335
5.861053890492862,1,Tier 1,India,300+,2,73.13088873010581,46.87837096145452,AI/ML,Tech,7.054822139221645,73930.45613055554
7.626871731838886,0,Tier 2,USA,Top 100,0,79.08754302542923,69.89902797136202,Data Science,Consulting,5.429731147226095,120000
6.457085550964718,0,Tier 2,Canada,100-300,2,73.32617732468746,47.84251618269633,AI/ML,Manufacturing,5.716948283817514,103684.31644381488
6.745409977805904,1,Tier 2,UK,100-300,2,75.59302963852546,58.51482613832102,AI/ML,Consulting,3.6547134588844785,109460.91778539256
6.375074897495109,2,Tier 2,USA,Top 100,1,87.75593044379482,57.19712025203081,Core CS,Finance,5.481168858798801,107113.6998986893
6.79215988738599,1,Tier 2,India,Top 100,2,58.43392590115134,34.49584145478981,Data Science,Finance,5.4773149717220795,56377.40997427402
7.689778809509582,2,Tier 2,Germany,Top 100,3,66.91484368971598,38.76199560365177,AI/ML,Finance,3.229212310254123,110752.8665713761
5.867018355365883,2,Tier 2,Germany,300+,2,88.65222082763425,61.744400613308905,Cloud,Consulting,4.700100982037721,85456.87102955776
7.413557212598697,3,Tier 1,Canada,Top 100,5,92.8349178497775,60.40439275370132,Data Science,Finance,4.9592569851377135,120000
6.982159773025558,2,Tier 1,Canada,300+,4,87.4199381426115,46.01224523526828,Cloud,Consulting,4.842622602217244,104983.76276643752
7.612702623584492,3,Tier 2,Germany,300+,4,80.29924005223403,80.49603201391848,Cloud,Tech,8.811973860105782,90000.63001803678
7.239718150269878,1,Tier 2,India,300+,1,60.91871716443365,95.48670662529258,Core CS,Consulting,5.115259242768373,39503.10501487383
7.560560489696467,1,Tier 3,UK,300+,1,92.14663643739208,79.35195658648523,Core CS,Finance,4.5640647546707065,74025.58109751258
9.251723555578042,2,Tier 2,UK,300+,2,68.07671803977249,80.14395702274592,AI/ML,Consulting,5.028458361433349,108613.44723700263
6.916525765610486,1,Tier 2,UK,300+,4,76.18009737795457,60.14163673815724,AI/ML,Other,5.773718783932614,102127.92268263327
7.145000930081641,3,Tier 1,UK,300+,4,67.47033548972945,42.647674352847936,Cybersecurity,Finance,6.703469109074762,116172.87711617754
7.368217299985843,1,Tier 1,India,300+,0,71.589755377221735,66.55875244765502,Cloud,Manufacturing,3.5793026946984297,66940.41866147442
7.155873872216111,1,Tier 1,Canada,100-300,2,56.7789146589419,66.38520176998348,AI/ML,Finance,3.97385794591196,120000
6.184243744232915,0,Tier 1,Canada,100-300,4,76.56308518514642,56.16132147151969,Cybersecurity,Consulting,5.286804280774143,95463.04892466984
7.1650894170603605,1,Tier 2,Germany,100-300,3,55.85484159522971,92.546346422045,Cloud,Other,6.14912171207089,90830.57156200244
8.16975675097411,0,Tier 1,Canada,300+,0,95.7149878354128,51.31503561848064,Cloud,Other,4.992010463069755,112783.4020571955
7.769589751257473,2,Tier 3,Canada,100-300,3,68.75284173454605,55.90271036413339,Core CS,Healthcare,5.539981489729738,74975.76856606656
7.223414270573221,1,Tier 3,USA,300+,3,63.22162200039132,67.90393901449275,Cybersecurity,Tech,6.54812062660283,90285.21598147244
6.239271416250214,1,Tier 3,USA,100-300,2,84.95632449283343,51.330090881826294,Data Science,Healthcare,3.2861841507164713,88278.23282119606
7.254816803839099,0,Tier 3,UK,300+,3,59.07681127570888,90.2403672094623,Core CS,Finance,9.10111234762348,74137.42130167127
6.206642669247752,0,Tier 2,India,100-300,2,73.18225504368404,100,Core CS,Finance,3.982841651770879,46725.50673044816
7.1514626458339,1,Tier 1,UK,Top 100,1,77.52943532050867,65.19535063572577,AI/ML,Consulting,6.685142419072415,120000
7.237795418704099,0,Tier 1,Germany,300+,2,62.370804298442295,70.04484966179427,AI/ML,Finance,4.634559979560871,115031.04915982792
7.843188616946301,1,Tier 3,Canada,300+,2,37.2578108756415,52.43171340258781,Data Science,Healthcare,6.7163681565735995,85612.50875311618
7.457605022640379,0,Tier 1,UK,100-300,1,77.57769033484469,40.53747545180384,Data Science,Consulting,4.635679426510016,120000
6.436217251511293,0,Tier 1,Canada,300+,2,87.54339350119649,81.54530298550647,Cybersecurity,Other,2.2534739296918342,94827.10562798935
6.8840763367348545,1,Tier 1,Canada,Top 100,1,34.2972031081459,68.07293916895205,Cybersecurity,Healthcare,5.855362023155685,101781.88655943764
7.090512365642418,2,Tier 3,USA,Top 100,3,67.06054831652254,55.004843369306144,Data Science,Manufacturing,5.303619438365517,105895.09613258892
6.709506671075546,1,Tier 1,Canada,100-300,5,57.07169900002957,54.774974785999575,Cloud,Finance,6.421027612099568,102724.97824094178
6.689322449359073,1,Tier 2,Germany,100-300,1,55.17829978906137,69.32334411075416,Data Science,Tech,6.031907185985935,97527.24477674608
7.506928819819247,2,Tier 3,India,100-300,4,82.90612699956152,46.12315466088357,Cloud,Consulting,5.289637959628522,46554.21605451852
8.342939738698053,0,Tier 2,USA,300+,3,47.08861629603792,86.78172482128475,Cybersecurity,Healthcare,3.801381254337752,109991.30439542506
8.048933998242099,1,Tier 3,UK,300+,1,67.64167416916722,30,Data Science,Other,6.595370155783566,92043.01359955451
7.687667897874845,1,Tier 1,USA,100-300,2,83.00754790185937,52.04651354530954,Cybersecurity,Healthcare,7.389811632087418,120000
7.063841187246987,0,Tier 3,Germany,300+,2,55.25701603865158,43.78879366548245,AI/ML,Other,4.317236394804999,71574.55129654803
7.911644428820376,3,Tier 2,Germany,Top 100,1,47.86071306499363,66.59997266779153,Cybersecurity,Finance,7.541023065858991,98646.99475288272
6.12110365985775,1,Tier 3,Germany,Top 100,2,95.15998391499598,58.06672671383982,Cloud,Tech,4.02207129413376,76729.60375796526
8.13640342981685,1,Tier 2,Canada,Top 100,2,66.18726147444211,91.2172070732016,Data Science,Finance,5.586148348413105,119276.92838838285
6.909215483294287,0,Tier 2,USA,Top 100,1,81.62249893529692,89.49354862498751,AI/ML,Healthcare,3.896199621309072,120000
7.177246778899368,0,Tier 2,UK,Top 100,2,62.48018855253093,48.630496872454685,Cybersecurity,Consulting,5.519677794714139,99664.59778600284
7.987801531235836,1,Tier 2,USA,300+,1,65.80253693735679,76.03050348064124,AI/ML,Manufacturing,2.8336111961015047,120000
7.476392718111406,0,Tier 3,Germany,100-300,0,67.56917799761865,53.20372985305833,AI/ML,Other,4.178019359257251,85031.94239880628
6.894264515484503,1,Tier 2,Canada,100-300,2,70.84435198289422,48.87921944344248,AI/ML,Finance,6.7674141418249105,100248.6968034784
6.376930365743652,1,Tier 1,India,100-300,2,86.68287473178087,47.3632612622516,Data Science,Tech,6.549314332910269,57865.343028192205
8.080858313930511,0,Tier 2,India,100-300,2,74.31424265040607,57.18783658359765,Core CS,Tech,5.536589941043916,51319.53947784342
7.708952950867836,0,Tier 2,Canada,300+,2,73.6754784991622,64.92175072298144,Core CS,Tech,5.799229581150644,98032.04734604292
6.949888338138212,1,Tier 2,Canada,Top 100,2,67.31185491310697,58.72976187585368,Cybersecurity,Healthcare,6.945146710001516,95698.73202411125
6.764605995490834,1,Tier 3,UK,100-300,0,84.11453919529883,68.76074695181826,AI/ML,Finance,6.722611136358031,99893.16891108036
8.085266708662386,1,Tier 1,India,100-300,2,95.20569312136097,85.54452244069304,Data Science,Healthcare,2.8586399515272003,63046.18672192071
7.185473673707879,1,Tier 2,Germany,Top 100,2,76.69501185332179,80.02719274586153,AI/ML,Manufacturing,8.028343980747094,108202.92257597804
7.916824115313652,2,Tier 2,UK,300+,1,43.6341234226422,66.18337814414924,Core CS,Tech,6.7240295241301755,104411.03369268008
6.378102812123275,0,Tier 2,Germany,300+,1,60.83428165409778,38.78574323893589,Cloud,Tech,4.838532921278389,84071.1369196246
8.247031347597515,1,Tier 1,USA,100-300,2,100,70.8684850344189,Core CS,Finance,8.461782336845596,120000
8.303713704890239,0,Tier 2,Germany,300+,3,76.63874679693836,85.76457483260143,Data Science,Consulting,6.180663668704866,103715.73719072032
6.70185953283842,0,Tier 2,India,Top 100,1,43.52889918573032,58.22223045950031,Core CS,Finance,4.755905858033458,50889.7568411456
6.805841001739775,1,Tier 2,Germany,100-300,1,83.98801850934808,64.08143168805088,Cloud,Finance,4.976628994531271,94857.70606284322
5.4879918630536455,3,Tier 2,USA,Top 100,0,73.99859244054231,83.14977090609241,Data Science,Consulting,5.676458659189177,114483.68620920848
6.8901512273688965,0,Tier 1,UK,300+,0,57.4388334077788,82.69831623320303,Data Science,Other,7.032617687132766,120000
7.766233291578325,1,Tier 1,Germany,300+,2,79.7267903810646,88.24752943158408,Cloud,Healthcare,5.745468290230868,92938.84172539818
7.2461413227208915,0,Tier 3,Canada,300+,0,71.1940448869852,72.57107753327101,Cybersecurity,Consulting,5.403732100785289,63730.2871796966
8.43898001468105,1,Tier 3,UK,300+,1,40.450456424139134,59.883369114678494,Data Science,Tech,6.465921904042771,100279.11770195018
6.411839172189403,1,Tier 3,USA,300+,1,81.77583226681638,79.07571979800007,Cybersecurity,Tech,2.186065184795536,87011.35453695114
8.324966601645837,0,Tier 2,Germany,100-300,2,51.52893169120111,62.73542824083115,Cloud,Manufacturing,5.8573086673365005,97546.85909773664
7.001830348914803,1,Tier 1,USA,100-300,4,65.20378187270126,67.89552643890404,Core CS,Consulting,5.149163567538325,120000
8.017513937550925,0,Tier 3,Germany,300+,0,39.716075851491794,40.20740812090736,Core CS,Consulting,6.371333707844617,73626.1305130396
6.689405557182769,0,Tier 1,Canada,300+,2,96.49092870426276,74.52679119569163,AI/ML,Finance,7.464625602647302,119874.5559827596
6.9552636411822295,1,Tier 3,USA,300+,1,65.31690149240862,72.94983660930774,Core CS,Other,6.577292623235291,80324.65423258438
7.270366022585694,2,Tier 3,Canada,300+,1,73.23398512849512,60.77329072616418,Data Science,Consulting,5.462611776861381,67257.75472279688
7.713042949495804,1,Tier 1,Canada,100-300,1,83.57174141104038,80.3086823024388,Data Science,Manufacturing,4.815725501997298,120000
8.310687785816754,0,Tier 1,Germany,100-300,1,62.94267728910433,53.557868425276574,Data Science,Other,4.502817941853891,120000
7.305047689811827,1,Tier 1,India,300+,1,78.44905934022864,86.31721393900916,AI/ML,Consulting,7.577448803222049,56321.8265092498
7.249322284803823,2,Tier 1,Germany,300+,3,95.70538260395055,78.64274539476008,Cloud,Finance,1.7626223424748435,110708.66061446688
6.924140614975302,0,Tier 3,India,Top 100,2,71.66512948186639,58.750218804081264,AI/ML,Finance,5.462986294367523,47799.90313522538
6.588173860068206,2,Tier 2,USA,100-300,0,100,95.36235394637968,Cybersecurity,Manufacturing,7.328940204439952,108593.86324582723
6.61807143504576,2,Tier 2,India,100-300,2,63.43634783697883,53.55555920039648,Cybersecurity,Consulting,7.704236012233284,52225.912524335814
7.067334584148557,1,Tier 2,Germany,300+,1,84.16889157271213,65.71199286905704,Cloud,Consulting,6.110843823925835,77698.41439511652
7.010262914834948,3,Tier 1,UK,300+,3,69.91481347188852,66.51107978926538,Cybersecurity,Finance,2.782622807192499,110036.88320823146
6.785083397352206,5,Tier 3,India,Top 100,2,82.16574959795379,63.57362007114333,Cloud,Healthcare,7.230076221022783,41889.973111377505
6.653780893129289,1,Tier 2,Germany,300+,0,56.129923593662944,50.44536710925146,Data Science,Consulting,5.415246784410172,84972.20452851709
7.635054773715052,0,Tier 3,India,100-300,2,56.251700024486745,66.6886032961931,AI/ML,Manufacturing,4.81317595678208,46936.303730217165
6.7620991366055145,1,Tier 3,USA,100-300,3,63.42544523631109,39.43433961549017,Cloud,Other,5.591852969167,92941.02039741755
6.802893277988361,1,Tier 3,USA,300+,1,90.77473969582178,86.15981169559593,Cloud,Other,4.9532740290731825,87590.67712412331
7.78910120472475,3,Tier 1,UK,Top 100,1,55.08195771395454,65.00085262662309,Cybersecurity,Consulting,4.813178826977728,120000
6.430421418192862,2,Tier 2,Germany,Top 100,2,98.84911991556008,91.64910511940948,AI/ML,Tech,5.435539145848242,100424.1091151665
6.871495104379605,0,Tier 3,USA,300+,1,80.07897406126358,79.06046124718024,AI/ML,Other,5.467021261353855,97249.13774211744
6.227002944197396,1,Tier 2,UK,100-300,1,100,58.41394080961993,Cybersecurity,Other,6.402602943535955,81647.07027590644
7.393204517797427,2,Tier 1,Germany,Top 100,0,60.52343556244426,87.55742863792058,Cloud,Tech,5.511546641662812,116713.83150763632
8.450726158812339,0,Tier 3,Canada,Top 100,1,55.55113238581474,61.88552736352016,AI/ML,Tech,6.4005987269518725,103536.82565459734
7.222678907715736,3,Tier 2,USA,100-300,4,67.88411383994533,76.83386580176285,Data Science,Finance,5.857886012520403,120000
6.532073877265784,0,Tier 1,India,Top 100,1,64.29776055341553,81.76908244853482,Core CS,Finance,6.113258317520013,64462.16225529952
6.616993142782649,1,Tier 3,Canada,100-300,0,65.91481249021653,43.09651980272,AI/ML,Tech,4.677020872816804,82702.70827069048
8.879260629360607,3,Tier 2,India,Top 100,0,73.3118481115677,95.4974743572952,AI/ML,Manufacturing,8.426680819291954,73440.1125879011
6.427165250979328,1,Tier 3,UK,300+,3,75.32695908268067,65.84397517955686,Core CS,Finance,4.687847055736101,78115.62401007648
6.66669975550763,1,Tier 1,Germany,Top 100,3,78.32245061358805,86.54235681331868,Cloud,Consulting,5.397771389438492,106149.60369083066
7.316639078967798,1,Tier 3,UK,300+,3,55.86103783765912,77.27604869724158,Data Science,Finance,5.956425397225993,90748.4795175534
7.210840649563828,0,Tier 2,Germany,Top 100,2,60.60240594045952,37.168607484394656,AI/ML,Finance,4.598517408958515,99579.158347645
8.027276635158493,0,Tier 3,UK,300+,4,81.61391089639528,48.513708703463635,AI/ML,Manufacturing,6.573980558241134,86119.13008654494
6.603297462391881,2,Tier 3,India,300+,0,67.65658576105976,65.46289691565806,Core CS,Other,4.045639874885534,34071.794525768884
7.877840150034967,0,Tier 1,UK,300+,1,88.73348875244642,84.83173268037896,Cybersecurity,Healthcare,6.864883699344918,110553.04829111313
7.456943524975367,1,Tier 1,USA,100-300,3,61.16856570013743,51.431127409810955,Cloud,Healthcare,2.0134921443714053,120000
6.211568319423256,3,Tier 2,India,100-300,3,70.70277215765003,82.61561303819364,AI/ML,Tech,3.8582017648833022,63829.97100464934
6.22420502429226,1,Tier 2,India,300+,3,83.75265781299109,58.91663261809688,Cybersecurity,Tech,4.810578395955044,42169.32582548061
7.088428253979152,0,Tier 2,India,Top 100,0,84.474954877091207,56.130484718960304,Data Science,Healthcare,3.2013569005139093,53913.25375589734
6.498947779053594,0,Tier 1,USA,100-300,2,68.16727408203668,55.54947998039783,AI/ML,Healthcare,5.403457011828725,120000
7.395251135180416,1,Tier 1,India,300+,0,49.95303789706335,58.66556288456384,Data Science,Tech,8.522172949974516,67581.7272791732
6.314518507897761,1,Tier 2,UK,100-300,2,58.86690662059988,81.61254360867942,Cybersecurity,Healthcare,5.401272959050299,78832.57183747318
6.794927457302006,1,Tier 3,Canada,300+,1,80.66463660104641,59.12167330169984,Cloud,Tech,8.648148647805586,73825.28011582477
6.569561793207889,1,Tier 3,Canada,Top 100,3,40.83097996325745,47.079244265194674,Cybersecurity,Other,4.284211015424867,78555.98375209732
7.638275023916613,2,Tier 3,USA,300+,5,63.797230303713945,47.46237996097776,Cybersecurity,Tech,4.613939990794735,98199.97361687098
7.036393181064602,0,Tier 3,India,300+,2,30,71.61070884633912,AI/ML,Consulting,2.7921777054793178,34672.22896134406
8.485317949249565,0,Tier 3,USA,100-300,3,46.59060578684352,55.450274573435195,AI/ML,Other,5.49262728762634,111597.50327928529
6.61458722312522,0,Tier 1,India,300+,3,83.74861707998137,82.64970771922086,Cybersecurity,Tech,5.353119273930369,59414.08215180742
7.67581950062536,2,Tier 3,India,100-300,2,100,30.49081295239171,Cloud,Tech,5.6725699777877505,44560.49700952462
6.995551765081544,2,Tier 1,UK,300+,1,70.09193029717417,65.30819623246033,Core CS,Tech,5.542387011405448,118281.81195702376
8.495054272435082,0,Tier 3,Germany,Top 100,1,76.36343148332897,76.8801875483085,Core CS,Tech,3.806562552344152,93846.98385077452
7.221265204472839,1,Tier 2,Canada,100-300,2,55.35434238786701,84.4413697389871,AI/ML,Healthcare,5.119204142227358,109047.32610288692
7.00684486465948,1,Tier 2,USA,300+,1,70.80098072237512,86.32124546018969,Cybersecurity,Finance,6.47366083091377,106184.2076879896
8.084458348568278,0,Tier 3,Canada,100-300,2,71.74293553240544,60.146653178874814,Data Science,Manufacturing,5.899021637059214,85741.11056342025
6.511313888155947,0,Tier 3,India,100-300,0,61.15444643863038,57.15270497008464,Core CS,Consulting,4.948325473165585,32633.903968432664
7.403586605106414,2,Tier 2,Germany,100-300,1,72.56326743139118,94.76353021133755,Core CS,Manufacturing,3.5960301451281915,87466.32357225564
6.056432268393776,0,Tier 2,USA,300+,2,66.13869900576744,73.99700815657731,Data Science,Consulting,5.6875243245171845,116902.1893508119
8.148069919377788,1,Tier 2,USA,300+,1,56.57633026028209,56.18127288668603,Core CS,Other,3.5033713386207426,104593.45957621798
6.722158168833726,0,Tier 3,USA,100-300,1,42.14411976867814,71.0350149208252,AI/ML,Other,4.3499796938476925,101044.98612116282
8.162620380834035,1,Tier 2,Germany,Top 100,2,90.80965143813116,61.07368906802319,Cloud,Manufacturing,3.624113332311251,90235.88583743962
6.937415472753186,3,Tier 2,UK,100-300,2,61.84524187414269,66.02659582639467,Core CS,Healthcare,3.4947491899841583,86500.68251319914
7.713654079785376,1,Tier 3,UK,300+,2,70.88486651537293,58.04800130450447,Data Science,Finance,4.782753346938948,92915.23161175924
7.020168694032066,1,Tier 2,India,300+,4,58.61026622193173,45.89100200539698,Cybersecurity,Manufacturing,4.643874667330294,54163.93996321206
7.131435812296456,1,Tier 3,Germany,Top 100,2,99.88958652693296,70.23593901485638,Cybersecurity,Manufacturing,4.537711195396362,72549.36414858866
8.75697851372224,0,Tier 1,India,Top 100,5,94.963917183743,91.77122611794267,Cybersecurity,Other,6.961438293949603,67495.85532906326
7.394389166811568,1,Tier 3,UK,100-300,3,46.57863413206067,44.04509503411159,Cybersecurity,Finance,3.634906794267253,82136.43448199771
6.95398579759563,1,Tier 3,USA,300+,0,70.35598594501936,87.6810887755444,Core CS,Healthcare,3.3863010552480945,84712.4897370299
7.860274721565518,0,Tier 2,UK,Top 100,0,59.65789699527211,52.17436303807786,AI/ML,Finance,3.109462620057097,120000
6.126699862272718,1,Tier 1,USA,Top 100,0,100,53.60836223301925,Cybersecurity,Manufacturing,3.1107800822042644,120000
7.1870784206316785,2,Tier 2,UK,Top 100,2,68.4897099126509,60.360330548778634,Cybersecurity,Finance,3.3959912919096067,94382.12850729212
7.828354733133556,2,Tier 1,USA,100-300,1,60.10501861608381,55.81499553351296,AI/ML,Tech,4.676461640702516,120000
6.3311502783199805,1,Tier 2,USA,Top 100,2,58.633386574547274,67.52305521594974,Cybersecurity,Finance,3.844664423060261,112182.08298308584
8.139596656997558,1,Tier 2,Canada,100-300,1,72.46951534936294,81.70608134740135,Core CS,Other,5.539899727287056,96284.05858054163
6.926635180683899,0,Tier 3,Canada,Top 100,1,55.72817376583277,41.042966855604426,Core CS,Tech,4.168037168335622,83499.0236184063
6.289784390769167,0,Tier 3,India,300+,1,60.33044473064833,60.58290618485858,Cybersecurity,Tech,3.2913823550827104,35332.47981969619
7.798105661536196,0,Tier 3,USA,300+,3,75.98932641274331,72.56770919123598,AI/ML,Finance,4.535331942318984,108132.47677568882
7.607611909988886,1,Tier 1,USA,100-300,1,72.48255315862997,39.69204956702887,Core CS,Finance,6.724902013907017,120000
6.952139085176077,0,Tier 1,Germany,300+,2,47.137184800821174,48.79316166495407,Cybersecurity,Finance,2.2218518083917957,95384.13740703466
7.394848163467433,0,Tier 1,Canada,Top 100,0,71.69217580781408,52.9346591913434,Data Science,Manufacturing,5.815031381871328,118737.85020963936
7.232717646072005,0,Tier 2,Canada,300+,2,71.10744514027971,84.20862793212027,AI/ML,Tech,5.213255649610506,108439.2650847006
7.743527987832652,1,Tier 2,USA,300+,0,54.36670307596496,50.28464068952445,Data Science,Tech,4.162297274835162,120000
6.5810149577828625,1,Tier 1,India,100-300,3,49.0374360748609,73.02197000936138,AI/ML,Manufacturing,6.31428291204784,60729.22302301214
6.226729687211748,1,Tier 3,India,300+,3,71.4367416302038,66.07601460645819,Cybersecurity,Other,4.957318413860441,27695.376580999306
6.945501259865638,1,Tier 1,UK,300+,0,67.1610838114772,72.59678675975805,Data Science,Healthcare,4.813939928184059,120000
7.29117650468219,0,Tier 3,Germany,100-300,2,88.98459018850998,58.42903601946759,AI/ML,Tech,6.566443676411728,85264.59610817667
8.674558345767956,0,Tier 2,Canada,300+,0,43.84809942549015,53.57110956032771,Core CS,Consulting,4.504739026659304,82641.55191462912
7.927504834640418,1,Tier 3,India,100-300,1,47.63125711749276,73.82758578276676,Core CS,Finance,4.7519246931192445,41135.63096451474
7.162588763668825,1,Tier 3,India,100-300,3,98.53746934532704,52.84947285363673,AI/ML,Finance,5.676627816840348,51392.84117681086
6.6338934005299075,2,Tier 2,USA,Top 100,1,63.70162220588584,61.55654824458439,AI/ML,Other,4.009739843426459,120000
7.148550864334991,0,Tier 2,India,300+,2,71.35147517570721,58.6727582191612,Cloud,Tech,2.316789216043713,44173.208991445645
8.20730481072364,1,Tier 2,India,300+,2,92.61993763298211,80.92010841211393,Data Science,Other,6.0731143339956635,50073.238707771096
6.655752544036286,2,Tier 3,India,300+,5,65.36904147141242,79.18804623071634,Cybersecurity,Consulting,6.3541052673753535,41326.55339732598
5.778265714728282,3,Tier 2,USA,Top 100,3,57.814196531532936,65.52856071652397,Data Science,Other,5.18604890334219,116179.31124721836
6.155928505458644,1,Tier 1,UK,100-300,3,88.29211253757123,38.752343108691335,Data Science,Consulting,3.829858287324713,112636.27716593842
6.2122761721221895,3,Tier 3,India,Top 100,2,65.97776115461315,60.27760891348417,Cloud,Consulting,5.403202985309793,31424.960066869487
6.661121134617458,2,Tier 1,UK,100-300,2,85.03554839703364,57.4920233835202,Cloud,Other,4.848217554156257,105074.93903767312
5.954104174215229,2,Tier 3,India,Top 100,1,63.06998971083792,46.413674677597115,Cloud,Other,5.3620400216772985,43195.626138518746
6.495980016372885,1,Tier 1,India,100-300,4,90.9841030912526,92.03308662410994,Core CS,Tech,2.5458961556789106,61450.226715631696
5.603434053712278,3,Tier 3,Germany,300+,0,59.67796268467126,61.49727227713437,AI/ML,Consulting,3.87886141264221,71389.21689319602
7.395764523020026,0,Tier 1,Canada,300+,2,56.35007307200038,43.57751176269971,AI/ML,Tech,5.773309899292898,120000
7.306748025122915,2,Tier 2,India,300+,0,64.58669519404566,54.42537735298158,Cybersecurity,Manufacturing,4.250787023886387,48201.83244737127
7.804739609437133,2,Tier 1,Canada,300+,1,71.59507818856977,60.28284906222431,Cybersecurity,Consulting,7.864075129707872,120000
7.123594932476201,1,Tier 1,USA,100-300,1,81.43649235523209,95.18518982944984,Core CS,Other,6.2694294214269775,120000
6.730757928097462,3,Tier 1,India,300+,0,57.20053764029714,55.56948336652109,Cybersecurity,Healthcare,4.910553664787165,52020.69540325099
6.984101091705351,2,Tier 3,Canada,100-300,4,50.30161832024065,44.02780138454384,Core CS,Tech,5.648992703194708,75715.0131191691
6.914188187351247,0,Tier 2,Germany,300+,1,82.53018071472903,53.600219617525454,Data Science,Other,4.467226593977224,94524.17459938052
7.976226317134174,0,Tier 3,Canada,100-300,3,74.34328318549251,64.04529362914992,Cloud,Finance,4.679874462180256,79292.26014007947
6.389984608682721,1,Tier 3,USA,300+,2,79.47031081302606,89.66289092922396,AI/ML,Consulting,7.650822196409738,110345.3208046376
7.720426461865273,2,Tier 1,USA,Top 100,1,79.55735863645698,32.54113990946127,Data Science,Other,4.193546949165923,120000
7.603786638454247,0,Tier 2,USA,Top 100,2,79.45450140897994,50.98963365856579,AI/ML,Other,3.470298213631288,120000
7.159539188789414,0,Tier 2,UK,Top 100,1,94.55646886302856,63.808312375748585,AI/ML,Finance,6.15614960356234,116778.93545593944
7.378430625728172,3,Tier 2,UK,300+,0,56.13938736584055,73.99431443897987,Data Science,Healthcare,5.982754571707652,108583.10789728856
6.483542342371684,0,Tier 2,Germany,300+,0,43.57778289974467,63.464075529299635,AI/ML,Finance,6.87265211291974,97895.57287797934
5.671133267546262,2,Tier 2,Canada,300+,2,83.34704009517695,84.44341431420744,Data Science,Consulting,5.7331751376068425,93284.55745201607
7.402601651799603,0,Tier 2,USA,100-300,2,82.679578584902,46.95994144540106,Cybersecurity,Other,4.9252859861715335,110301.94361796486
6.746119606205972,1,Tier 2,UK,100-300,3,84.61953299541747,39.64360178011736,AI/ML,Consulting,6.893729146815884,96137.15849842598
7.752945493135976,0,Tier 2,USA,100-300,1,91.9483909490377,74.04171671789751,Data Science,Healthcare,5.425513455570225,120000
8.55867411583185,0,Tier 3,USA,300+,0,90.98625315513353,31.034702462044542,Data Science,Finance,3.0083343021170736,103445.31197853078
7.820087322065419,1,Tier 1,Germany,300+,3,44.3180616189143,67.23444306180313,Cloud,Consulting,5.681707926047336,109099.81956549764
6.476881289339539,1,Tier 2,Germany,100-300,1,71.45571958021705,64.48765744248446,Cybersecurity,Manufacturing,4.998477642698275,84714.01000615867
6.247680866812518,0,Tier 3,UK,100-300,4,84.43916426046155,74.55830414135596,AI/ML,Consulting,8.248812159336246,84423.45443315683
7.037994774601314,2,Tier 3,USA,300+,0,83.43973533536344,67.04364920106019,Data Science,Tech,6.073815807792373,108738.92726136796
7.572698195752768,2,Tier 3,USA,100-300,1,65.52560534943544,83.92962772185581,Data Science,Tech,2.8404872070093123,120000
7.181627583091911,0,Tier 1,UK,100-300,0,47.57889885157947,81.22700364906522,Cybersecurity,Tech,6.656066454229816,120000
6.740745459832824,0,Tier 1,Germany,Top 100,2,48.57693522779066,65.63061796554044,AI/ML,Healthcare,5.779429677851448,110120.59726258814
7.544176288381353,1,Tier 1,Canada,300+,3,63.788625923835774,67.56270071359651,Cloud,Consulting,3.216077347861158,93117.88190486928
7.245922855775751,1,Tier 2,USA,Top 100,2,76.00882226284938,84.68496560550196,AI/ML,Consulting,2.353347667623954,120000
6.340310199652191,0,Tier 3,Germany,100-300,1,74.06717332803966,51.0076351559526,Cybersecurity,Healthcare,4.354022597438797,66601.37973467234
7.221280612408944,0,Tier 1,UK,100-300,1,75.13263994455156,84.67637256775078,Data Science,Tech,6.80386498679661,120000
7.025925610672109,0,Tier 2,India,100-300,1,86.2533975897138,48.70946102498572,Cybersecurity,Consulting,3.979272555951756,46856.88747402906
6.462011523194931,3,Tier 2,USA,100-300,5,62.58832645763412,100,Cloud,Consulting,7.551885168776954,99439.6617401872
7.1786166687362085,1,Tier 3,Germany,300+,2,78.3312817694724,57.2726717799132,Cloud,Manufacturing,3.8507574556307897,70452.8985815469
7.108270678313833,1,Tier 2,USA,100-300,1,60.72499724161335,43.28929369339899,Core CS,Consulting,4.658390914219013,104336.90272053976
7.795557900407126,2,Tier 1,Canada,300+,3,78.29025884235502,49.082278810718265,Cybersecurity,Tech,4.236532011882457,116214.84225845068
8.633655722342304,0,Tier 1,Canada,100-300,4,69.93341004492741,69.78945655105939,Cloud,Tech,5.442752872006679,120000
7.236223952496695,1,Tier 1,Canada,100-300,1,51.39680846759081,63.96472544569742,Core CS,Other,3.568923884207251,103019.6237519666
6.3788006876056,0,Tier 1,India,100-300,1,74.9718325128518,59.32201315689606,Core CS,Consulting,5.677961626728451,50306.76416553835
7.140951858002154,1,Tier 3,Canada,100-300,1,96.94799148745236,48.01630818297074,Data Science,Healthcare,5.661252769916084,83369.43584371709
7.15833333387366,3,Tier 3,Canada,100-300,1,74.0067032328198,67.78054127433559,Cybersecurity,Tech,4.225956016946964,81759.26454429369
6.450976691395932,1,Tier 2,Germany,100-300,1,80.82413940543398,88.14901582049477,Data Science,Other,1.2473456571349726,101061.65260572173
7.116669176172307,2,Tier 1,India,100-300,2,79.53794058560617,67.25894006940135,Data Science,Consulting,4.385128981028389,61019.18221125179
7.46823954921307,2,Tier 1,Canada,100-300,1,40.28899713447329,66.8066886128396,Cybersecurity,Consulting,3.407528826786298,111197.39800433908
7.655940202108187,2,Tier 1,Canada,100-300,1,74.66857846302871,87.87249554094345,Data Science,Other,3.344089627842934,120000
6.573819601426477,1,Tier 3,UK,100-300,1,64.50000455797795,95.0129652177186,Data Science,Tech,2.962829441698679,94620.89353248278
7.671731091544951,2,Tier 3,UK,100-300,0,76.98700106216005,76.83468958760578,Cloud,Healthcare,3.9145024160169544,82927.13868384558
6.279462893990016,2,Tier 2,USA,300+,1,66.03253276565474,48.56588305368163,Cloud,Healthcare,6.173858153638735,107993.1222191776
7.864044847311448,0,Tier 2,Canada,100-300,0,55.826548114878726,57.57525336288994,Cloud,Finance,5.308359721285698,98111.61443428192
7.389844189635996,1,Tier 2,UK,Top 100,1,81.3276910110889,31.87100875930806,Cybersecurity,Manufacturing,1.040058224629879,101637.95007650695
6.899860457293468,2,Tier 2,UK,300+,3,77.61019170508851,77.92705130984544,Cybersecurity,Healthcare,6.618624244680376,86373.12901811914
7.677505683107931,1,Tier 2,India,Top 100,0,78.30426178501004,48.80652066881308,Data Science,Tech,5.9149689582601805,61383.00821975574
7.432726814848792,1,Tier 2,Germany,300+,1,53.9516392011017,36.76560195352439,Data Science,Healthcare,2.896199677290015,91880.21572960954
7.7009353337529856,2,Tier 3,USA,300+,2,43.382979550995046,49.37920450985147,Cybersecurity,Consulting,5.618132987919851,87667.59198287294
6.951139462918099,0,Tier 2,UK,300+,0,97.51013792502134,82.31695593696021,Cybersecurity,Finance,5.840230368799437,95320.79111081424
6.153247493086678,0,Tier 1,UK,300+,3,59.68183712482016,60.30050283447354,Core CS,Healthcare,3.8574735251106937,100726.68491266613
6.719320455938821,2,Tier 1,India,300+,2,93.18544053869223,69.3907821074111,Cloud,Finance,6.484650204448627,53583.98675747095
5.225321791959135,3,Tier 1,UK,300+,3,84.99155492403614,49.21436648397607,Cloud,Tech,6.685817091614956,103277.77800230352
8.095760886123347,0,Tier 2,Canada,100-300,4,41.86124146710564,65.00518631346249,Cybersecurity,Healthcare,5.006586860344966,93641.7253020157
6.1311563343055315,0,Tier 1,Germany,300+,3,87.12506284989107,52.25037912684003,AI/ML,Healthcare,6.560614670885503,105479.10128058356
8.004322887567916,2,Tier 1,Canada,100-300,2,69.50645595345956,83.06812139957026,Core CS,Other,3.77379823138436,118665.48204570916
7.756695714947316,0,Tier 2,USA,100-300,1,89.34231476352909,58.7897753016989,Core CS,Manufacturing,4.5577387293265526,112460.1467873314
7.280296173109071,1,Tier 1,UK,Top 100,2,71.13979615482639,70.33697964968766,Data Science,Healthcare,5.814332669694661,120000
7.081987713726566,0,Tier 3,UK,300+,2,67.41423259380842,68.7165017883175,Cybersecurity,Finance,4.282480415271282,86727.11729662307
5.575073268427493,1,Tier 1,USA,100-300,1,67.9074756357498,64.28934203415045,Data Science,Consulting,5.895691161334564,120000
5.215625584700433,2,Tier 2,USA,Top 100,2,98.94641417422632,78.55133476705039,Cloud,Healthcare,3.8667470830927417,99463.10934333708
6.5575281464686945,2,Tier 2,USA,100-300,2,54.85333894870786,60.954400553117466,Data Science,Manufacturing,5.321964888559811,116268.36841620853
7.556691071275028,0,Tier 2,India,100-300,2,77.78151969555068,57.60125893655028,Data Science,Healthcare,5.2791725718909674,51061.97120408299
7.938753821305956,0,Tier 3,USA,100-300,0,54.91860857420048,80.97323095255499,Core CS,Healthcare,8.088294865419758,101061.00532439307
6.781964222910553,2,Tier 1,Canada,300+,3,72.0755514684983,50.21212821108415,Data Science,Consulting,5.416499412767236,110884.04915662525
6.727521034472111,1,Tier 1,UK,100-300,3,58.170270937083416,67.57083189260337,AI/ML,Healthcare,4.738319804781643,119826.3505058947
5.91445154424034,2,Tier 2,UK,Top 100,5,72.77840646646384,50.95202546633264,Data Science,Manufacturing,5.159015805988598,106386.5438944929
7.178522443798157,0,Tier 2,UK,100-300,1,82.98912600008447,39.3117436232729,Cloud,Manufacturing,5.913308845698508,85654.28049500832
7.441508777457723,1,Tier 3,Germany,100-300,3,77.55286506625848,86.89780218016625,Core CS,Tech,7.708152755857404,83322.94009535774
7.544184166734103,1,Tier 2,USA,Top 100,0,88.1622707176121,85.8087785256379,Core CS,Consulting,4.855198541279341,118689.78236647951
6.2973893977412265,1,Tier 3,India,100-300,3,76.59051174551445,88.52514416971223,AI/ML,Manufacturing,5.667878542656051,40997.37158347244
7.07990956352737,1,Tier 2,India,100-300,0,73.91953130446039,71.34928809874452,Cybersecurity,Healthcare,5.981230314063081,48387.77909957253
7.3845956638143875,1,Tier 1,Germany,100-300,1,64.80599791757118,75.89599032641517,Core CS,Consulting,4.321747343840885,110251.84117086108
8.197368325956784,0,Tier 1,Germany,300+,4,66.21915626729596,64.17945728767614,Cybersecurity,Finance,5.441587287627193,113313.57112467404
6.604027615705542,1,Tier 1,USA,100-300,1,74.59886513921664,83.47939935974941,AI/ML,Finance,5.031487498829132,120000
7.919737615102997,0,Tier 2,Germany,100-300,1,79.28730355959203,81.95529731821051,Data Science,Other,6.837927034322972,105404.65431727524
7.237261550824244,1,Tier 3,Canada,300+,3,42.59194407652552,69.24142434117721,Cybersecurity,Tech,7.349405937691403,77517.95562886678
7.230982402407869,3,Tier 3,Germany,Top 100,1,57.93451851071761,63.68933035799147,Cloud,Consulting,6.484013889191944,72464.73944914188
7.9508774584696065,1,Tier 2,USA,300+,3,52.258131378516765,30,AI/ML,Tech,7.582993118707516,120000
8.479489713109105,0,Tier 1,Germany,100-300,1,89.67289306903815,79.81176366851544,Data Science,Tech,4.755811877973492,120000
7.674484265858592,3,Tier 1,USA,300+,4,40.73269326444942,66.88680441718677,Cybersecurity,Consulting,6.676685809197568,120000
7.930270862027989,1,Tier 2,India,300+,2,63.118184276880854,75.37900429126988,Cybersecurity,Finance,5.333294497402526,52303.54678840036
6.074867346604915,0,Tier 3,Germany,100-300,3,86.88736924110843,63.74613866625,Cloud,Healthcare,4.538889273579955,64356.027194810566
7.680063465934043,0,Tier 3,UK,100-300,0,87.40599784951489,61.82573745144395,Cloud,Tech,6.2175351935316705,87728.94259251613
7.334144601791521,3,Tier 1,Germany,Top 100,2,80.8483230166203,74.71114016834899,Cloud,Manufacturing,4.6462311808301875,106505.0066547834
8.035988467853565,0,Tier 3,UK,100-300,1,53.61152304673574,81.31561485139679,Core CS,Manufacturing,3.3393023370746855,82208.92643918781
7.435376281872277,0,Tier 1,USA,100-300,0,61.505463808484734,53.22007663619297,Cybersecurity,Other,7.32129257516528,120000
7.676642298050343,0,Tier 1,USA,Top 100,0,68.16465612658568,49.98698735392019,Cloud,Manufacturing,7.5672809880884335,120000
7.41125004193982,3,Tier 3,USA,100-300,2,51.506733174266344,54.69982665523861,Cloud,Finance,4.475754687132774,90782.6086236174
6.631064214372305,0,Tier 3,India,Top 100,2,90.43860262773636,56.268299085967826,Cybersecurity,Manufacturing,3.825505641867196,45283.37966894439
7.605251739930512,0,Tier 2,India,300+,3,51.03692749738293,90.9282265688878,AI/ML,Finance,8.776170086059699,53847.03369544755
7.843113241836707,0,Tier 2,India,100-300,3,44.43515659639133,69.637128055381055,Cloud,Tech,4.030974668679179,59240.07790481183
6.044381648187172,1,Tier 1,USA,300+,1,72.28596151116601,67.3219888768819,Core CS,Finance,5.103248444162949,116759.15845643247
7.316336788310431,0,Tier 3,Germany,100-300,0,68.97065883767334,52.19789444582453,Core CS,Consulting,8.907981338877825,65107.3296909421
7.861478515726144,6,Tier 2,USA,100-300,2,58.06660590950512,44.853398955009816,Cybersecurity,Tech,7.073961157246785,120000
5.264258065819439,1,Tier 3,Germany,300+,4,35.14575479364191,55.267864994153186,AI/ML,Manufacturing,4.546016540533837,78242.8844207543
6.0446484791261685,0,Tier 2,India,Top 100,4,65.91513352052002,43.928912416805886,Data Science,Finance,2.2580294078001515,57646.76710423671
6.828745841817711,2,Tier 2,USA,100-300,2,42.78123202145824,64.5493626906135,Core CS,Consulting,4.027729886115056,99718.59152116728
7.303524318084087,0,Tier 1,India,100-300,2,52.10723449303848,72.73420637150289,Cloud,Tech,7.300407143581751,66854.99389103177
7.55237814889721,0,Tier 3,USA,300+,2,78.8961427233161,87.9474922518976,Cybersecurity,Other,4.2334196751879825,83794.2778181957
7.212493594538027,0,Tier 1,India,300+,2,66.4271264703885,34.683319615729964,Cloud,Healthcare,4.057742606909965,48189.87057710291
7.526210540920299,0,Tier 2,India,Top 100,0,80.50017547264102,74.05006893563387,AI/ML,Healthcare,5.333739921325729,57706.98617694236
6.944374171006184,0,Tier 1,India,Top 100,1,88.03084410696255,57.81506591676437,Data Science,Consulting,5.954186338746061,62568.63783805674
7.846251344656637,1,Tier 2,Canada,300+,0,77.99632740312971,66.25826277533537,Data Science,Consulting,8.050197419263105,107910.17017559613
6.2515229609900596,1,Tier 2,UK,100-300,3,55.25040917396506,72.87707000193723,AI/ML,Healthcare,4.48882128194165,104210.61041790896
6.857665699356481,0,Tier 2,UK,300+,3,76.86783503353202,62.619979127358334,Cloud,Tech,1.9492477300912896,96208.68729906584
7.275243137250773,0,Tier 3,Germany,100-300,0,75.73131263904905,95.81606983749111,AI/ML,Other,3.9649902286194503,84214.3957076147
7.278673391396902,1,Tier 3,UK,Top 100,3,64.04685517514358,42.46751165173399,Cybersecurity,Finance,3.8233808829736624,95016.1829560984
6.609835701641004,0,Tier 1,Germany,100-300,2,71.48681239597855,53.05256873839686,AI/ML,Healthcare,6.153459889863909,111153.38445115351
7.859466403816195,1,Tier 3,Germany,300+,3,69.77822822190963,65.0659020843055,Core CS,Finance,3.099562819816017,76014.26722019612
7.397120094187153,2,Tier 3,UK,300+,1,55.70192526887665,52.18361206607694,AI/ML,Finance,7.356147031814095,93812.16408933669
8.660052031478834,1,Tier 3,Canada,Top 100,0,68.05580610752642,64.74191948681577,Cloud,Healthcare,3.8413941434014274,85515.92048458944
7.9441025389932225,3,Tier 2,USA,100-300,0,74.800576446504,40.168451846279424,Data Science,Tech,7.586478933135893,120000
5.8897051596353585,3,Tier 3,India,300+,5,60.792136732629224,51.57027746120724,Cloud,Manufacturing,2.737039715150207,40112.03652049769
7.611088281306738,1,Tier 3,USA,300+,0,79.34946979047075,71.13674473891318,Data Science,Finance,5.486945807156251,102281.89214356472
7.134412272426022,0,Tier 1,Canada,300+,4,60.53696652278146,82.56828284475134,Data Science,Other,3.5983657092984367,113079.98251080314
7.756169227689187,1,Tier 2,India,100-300,2,60.340822409204534,58.568291941057275,Data Science,Tech,4.666485873146813,60503.40414301484
6.297220958926352,1,Tier 1,India,Top 100,2,79.4784806827002,70.02343656365436,Cybersecurity,Tech,5.595277302815598,62778.807687059045
7.593967130874097,1,Tier 2,Germany,300+,0,91.55945323369193,100,AI/ML,Healthcare,5.860778123461252,103066.5039042401
6.489929966339229,1,Tier 3,UK,300+,1,56.450078475760314,82.76338009934796,Cloud,Tech,6.032588433101346,83471.63433317146
7.173346495171429,0,Tier 2,Canada,100-300,2,71.44699313705742,72.56221321314358,Cybersecurity,Finance,6.968499046620561,93899.02107621328
6.757319946018293,1,Tier 1,UK,Top 100,1,83.4999543310905,79.68408236574028,Core CS,Tech,4.7423079150142975,120000
6.8249069986115,2,Tier 3,Germany,300+,1,89.71134617559257,68.99682131785592,Cybersecurity,Finance,7.1607125242544996,77920.75000992946
7.612994380032408,0,Tier 1,USA,100-300,2,85.07670840226854,82.11369187869104,AI/ML,Manufacturing,4.951245058539268,120000
8.556156059421546,0,Tier 3,USA,300+,0,77.5360119886028,56.27015957913488,AI/ML,Other,6.008612279501983,109488.2896330405
7.467451333148248,1,Tier 2,Germany,300+,2,67.66609339032613,65.86703128266458,Data Science,Other,2.9151130148529565,102153.06437002914
6.919619423542636,1,Tier 3,India,100-300,1,81.56848216599785,63.219460990229734,AI/ML,Healthcare,2.4670146200151684,44466.6810005218
7.328440068262093,0,Tier 2,UK,300+,4,100,49.27590142840267,Cybersecurity,Other,3.793690997684419,95021.2248897412
8.114545006347925,3,Tier 2,USA,100-300,0,61.05880748837384,72.03391916295142,AI/ML,Healthcare,2.8669438342078792,120000
7.671479291385282,0,Tier 2,UK,100-300,1,72.11589652649617,80.421734323617585,AI/ML,Other,5.068711007123958,104776.97155730583
6.227074621303666,1,Tier 2,UK,100-300,4,42.09685259611681,73.19429307384053,Data Science,Finance,5.5008036935035705,105717.90696888318
6.936489260475438,1,Tier 3,India,100-300,0,80.05608208460346,69.09116902349894,AI/ML,Finance,3.2309593567194144,42565.54818414095
6.759627241023437,1,Tier 2,Germany,100-300,2,70.3231749084347,65.46677806359224,Cybersecurity,Tech,5.731992016161648,88620.6200053812
6.195518899448428,0,Tier 1,India,Top 100,4,80.99781863565971,93.8349660999816,Data Science,Finance,6.357242122364333,62538.746269744544
7.288131347156614,1,Tier 2,Canada,Top 100,2,50.516435496170345,35.25228125709012,Core CS,Finance,5.768807399406818,87694.28411702262
7.52432306388019,1,Tier 3,Canada,300+,2,70.36160645944537,84.03722891397838,Cybersecurity,Consulting,6.592516030529488,70419.1496513093
8.375232490273458,0,Tier 3,UK,100-300,3,48.52328016541058,88.73158475433823,AI/ML,Manufacturing,2.6207970175260233,99446.79919540307
6.282933873126351,2,Tier 3,India,100-300,1,69.3327018296508,96.42926327220428,Cloud,Other,6.401178352954286,30083.72576443273
7.175441869760349,3,Tier 3,USA,100-300,1,62.32043335206393,75.98184656913547,Core CS,Manufacturing,7.355502261267177,80575.10002396017
7.681974914746361,1,Tier 2,UK,100-300,3,76.53395858485757,75.10632959544495,Cybersecurity,Finance,3.34929737885791,98126.25816825916
6.016653121759667,2,Tier 2,India,Top 100,1,73.70405358103051,43.372898142457245,Cybersecurity,Consulting,1.3546454593291493,41406.83037081367
8.161694159346048,0,Tier 2,India,300+,1,50.13350684926738,76.22643461019788,Cloud,Tech,6.915481517072283,56992.93338409631
7.0113194119726066,4,Tier 2,India,300+,3,68.52307045817561,100,Data Science,Healthcare,6.950687422636805,60389.52966795072
6.760654582058052,1,Tier 2,Canada,100-300,1,51.246716622217875,62.13019863158125,Cloud,Manufacturing,6.113827495751485,98490.52746181226
7.647135415514176,1,Tier 2,India,300+,1,76.81171316971569,57.487262406901166,Data Science,Healthcare,4.727475689476936,49900.980812786685
6.532435766519649,1,Tier 2,India,100-300,3,73.52778281131171,59.904744856870806,Cloud,Finance,5.653471537371352,50220.59315204743
6.82277072193301,1,Tier 2,USA,Top 100,0,56.426984019268055,62.40173079731505,Data Science,Healthcare,5.340383584362139,120000
8.456435126353453,0,Tier 3,Germany,100-300,1,80.90745511648845,81.5654727850054,AI/ML,Other,6.451396677964889,88669.38958048857
6.546884327028222,0,Tier 2,USA,100-300,1,30,71.66935899057864,Core CS,Other,3.500323417153137,107855.1500649775
7.665293428944323,1,Tier 1,Canada,300+,1,86.70881170082963,80.98419806603066,Data Science,Consulting,3.353838583992472,120000
7.167576066918218,0,Tier 2,Canada,Top 100,3,64.59338721014575,50.73827197654692,Data Science,Consulting,7.20685562453219,102176.72980157104
6.212372759614426,0,Tier 3,UK,300+,4,86.83006386560835,64.08711117742915,Core CS,Consulting,6.369824386974696,66202.18256702594
6.849390931930955,0,Tier 2,UK,100-300,1,78.97512425031138,61.069409519695895,Cloud,Consulting,3.4496269750582234,92686.92325113356
7.9544903566808225,2,Tier 1,India,Top 100,1,85.76826595988135,44.30076032886032,AI/ML,Consulting,5.978401530734679,70796.65874973313
7.8172123142254915,1,Tier 3,India,100-300,1,90.02341539738273,50.69594899542696,Data Science,Finance,3.876761496100937,44783.22287655378
7.735131883726663,1,Tier 2,India,100-300,0,83.72030080382463,75.26237911955383,Data Science,Consulting,6.7727963639439155,54352.88166330878
6.632274582181602,4,Tier 1,UK,300+,1,69.58235895993424,75.31970071660375,Data Science,Tech,3.004041022922594,120000
6.509129915709765,0,Tier 3,Canada,100-300,5,89.91819254081082,60.553483564812325,Data Science,Finance,5.822592664442496,85077.27577683583
7.436629370825885,1,Tier 2,Germany,300+,4,63.400857292094514,52.75640780230496,Cloud,Tech,6.5724798930839725,95175.1233656114
5.262742876191642,1,Tier 2,Canada,100-300,3,81.12637921584191,32.175548524826,Cybersecurity,Finance,3.0798397277665965,91042.48886077442
6.9935094387106,2,Tier 2,USA,100-300,2,69.94909949330041,47.73661401698644,Data Science,Other,5.9017281563314015,120000
7.126471380258548,1,Tier 2,Germany,300+,1,90.99833567560832,51.17457165084692,Data Science,Healthcare,4.559004491009213,93053.92703092544
6.777964594947559,0,Tier 3,USA,100-300,1,62.506825014598256,68.42464741426336,AI/ML,Other,5.151893649987071,97729.72451075802
8.033019071212703,0,Tier 2,India,100-300,0,80.97415878857494,68.54038908420375,Core CS,Tech,2.5089062942192397,57121.64893112004
7.337424059400696,3,Tier 1,India,300+,1,85.66600192998344,63.512353680744056,AI/ML,Finance,6.683515252696597,57803.37472287842
8.048153526464718,0,Tier 2,Germany,300+,0,56.47586875214578,77.49626272138103,AI/ML,Tech,3.814598892320588,118030.91658413444
6.827231583719814,0,Tier 1,USA,100-300,2,62.43284915806239,77.77924106960523,Core CS,Consulting,5.423252545801997,120000
7.74998199400554,2,Tier 2,UK,100-300,5,98.32171232201836,71.67542687786863,Data Science,Other,7.24922432340691,104314.0783387915
8.308053115622016,0,Tier 2,Canada,Top 100,1,80.64499543930577,69.21927381216096,Data Science,Tech,8.707089956624738,120000
6.126286725257014,0,Tier 3,India,300+,3,61.28762692460212,75.44521577332445,AI/ML,Consulting,5.578083571913363,37515.37812722879
6.723868235640163,0,Tier 1,India,Top 100,3,72.81845510993764,67.04399791844173,Data Science,Tech,4.184540840282543,73319.82880914975
7.391403628061062,2,Tier 2,Germany,100-300,0,62.39589978415831,79.25619975342282,Data Science,Consulting,5.123244590083232,95946.84875047588
7.549082844011626,2,Tier 2,Germany,100-300,1,32.84863282582347,53.10351319166305,AI/ML,Consulting,6.458744659637744,88711.664820579
6.328885860779411,0,Tier 1,USA,100-300,1,89.90475774680837,66.69940264706518,Data Science,Manufacturing,4.479765921617951,120000
7.05427081113355,0,Tier 1,UK,100-300,1,95.31054345460936,63.25981612210797,Cloud,Consulting,2.194262590080587,98167.19079584249
5.384058134275091,2,Tier 1,USA,100-300,4,90.49804259465644,88.77018205249779,AI/ML,Tech,6.374070838459448,120000
8.153556004641512,1,Tier 2,UK,300+,2,94.62413454485193,59.61010173528019,Cloud,Healthcare,6.412746459481269,93916.44181462028
7.044691151875598,0,Tier 1,India,100-300,3,65.78972598377479,67.78173740450025,Cloud,Tech,3.2627754962300783,60171.56531268819
7.916822060010732,0,Tier 1,UK,300+,1,92.69297115876326,44.529022204243574,Cybersecurity,Consulting,10,110477.16544459836
8.380981236508505,0,Tier 1,India,300+,1,75.4302891433911,57.75832975287336,AI/ML,Finance,6.42793061584876,67022.85546785445
7.6174369417885295,0,Tier 2,USA,100-300,2,76.22128273816548,57.6171204979055,Core CS,Healthcare,4.940691721786484,112135.15352632447
7.285002230964867,2,Tier 1,Germany,300+,2,58.710214947339,81.36820664496477,Core CS,Finance,4.635618085883234,102479.65926324962
8.009215402028413,1,Tier 2,UK,Top 100,1,81.343491230055875,73.8343074146776,AI/ML,Manufacturing,3.802191354595735,112779.41478511014
6.466248732177996,0,Tier 1,Germany,100-300,0,54.661195057052446,59.49249295588182,Cloud,Other,3.3900068373503656,100071.96243241995
6.413624880700993,0,Tier 2,Germany,100-300,2,74.55115254892438,81.7818994275415,AI/ML,Healthcare,1,92946.5068311475
7.876855925981919,1,Tier 1,India,100-300,3,73.77095030732572,77.22927470151843,Cloud,Manufacturing,3.6465386325357496,67316.97311338453
7.340257046664088,1,Tier 3,USA,100-300,2,74.72380290145075,78.39249303759823,Data Science,Consulting,5.692409730883297,99096.8621025478
5.764050122658593,1,Tier 2,Germany,100-300,1,64.47770920020437,77.15152271754991,AI/ML,Consulting,3.2136779788025027,92844.7744187863
6.568555988429384,0,Tier 2,UK,100-300,1,62.358377905514466,48.724737004756534,Data Science,Tech,5.501180392297632,111325.71548142232
7.309106123078449,1,Tier 2,UK,Top 100,3,88.7776737904041,68.13532032697677,Cybersecurity,Tech,2.51750009744997,104435.08387802645
7.670211377237271,1,Tier 3,India,300+,1,71.5895200601422,72.22405486112176,Cybersecurity,Tech,5.7604421743644805,41893.45433389918
7.418578548589626,2,Tier 2,UK,Top 100,0,78.45932090804932,84.6180777421629,Cybersecurity,Other,7.087374023031874,101636.77093904308
7.651184688158193,1,Tier 1,Germany,100-300,4,94.04629941440557,94.58714767525645,AI/ML,Finance,4.7145729869450665,120000
7.509859746418458,2,Tier 3,USA,100-300,2,62.851393307451765,72.40760456009932,Cloud,Consulting,6.703787391224708,90093.57986221316
8.293040034177533,1,Tier 2,Germany,100-300,4,64.71835510428669,55.87344868303464,AI/ML,Healthcare,6.69229942239361,112743.9497146612
6.816494134515626,0,Tier 1,Germany,300+,0,93.96532422034642,40.281869896917925,Cybersecurity,Manufacturing,5.165214661909149,100357.63021130468
6.801107316986658,0,Tier 1,Canada,300+,2,67.99277812176918,85.08159039752293,Cloud,Healthcare,4.737425947880574,101911.39352638922
7.4987257106239325,2,Tier 2,India,300+,1,59.68961099992504,73.70167382754663,Cloud,Tech,3.250838821646631,54272.42571035139
7.562752106511115,0,Tier 1,Germany,300+,1,60.17371284559228,62.616383608712816,Cloud,Tech,4.814217159858689,105483.04818443202
8.723942941906515,0,Tier 1,Germany,300+,2,75.61261175952394,39.39718144590508,AI/ML,Consulting,5.7199866014335585,120000
7.196866892253127,1,Tier 3,Germany,100-300,0,52.68240858017276,83.55318085079335,Core CS,Tech,2.1972261078053643,70662.92290407876
6.358175978288365,2,Tier 3,India,300+,1,86.52429636636835,66.06168349807018,Data Science,Healthcare,3.616544213815261,42812.44178205881
8.18556861474923,0,Tier 3,Canada,300+,0,88.21541331673976,42.6808642448396,AI/ML,Finance,7.14496454829436,90500.88484175409
6.773425568843814,0,Tier 1,Canada,Top 100,1,65.34114557282874,90.9461026741096,Cloud,Manufacturing,5.982487217696829,100161.57843182133
6.622947423079106,2,Tier 1,UK,Top 100,1,58.78997689059261,82.81408458533586,Cloud,Finance,4.992053144026515,110428.75434468631
7.574733938777313,0,Tier 2,Germany,Top 100,3,55.159736413724445,74.64392804703587,Cloud,Healthcare,3.497607931231609,90862.40137896432
6.873802413414812,1,Tier 2,USA,100-300,0,65.6805188550219,73.96113488759393,Core CS,Healthcare,3.3537357519180393,106559.7930848731
8.332281534098826,1,Tier 1,India,100-300,1,68.89444511154933,90.19477124685427,AI/ML,Tech,4.926658878879231,70771.64792457384
7.028452859226395,2,Tier 1,UK,Top 100,4,100,85.3980038785526,Core CS,Consulting,5.213591807000942,111747.95663126976
7.521844921288184,1,Tier 1,Germany,100-300,1,52.345624434760346,41.64523104006367,Core CS,Manufacturing,5.234598780180731,95880.25797286916
5.694931911666341,2,Tier 2,USA,100-300,2,100,83.07661827316824,Cloud,Healthcare,4.923223958807403,92371.01831130452
7.38420840112474,1,Tier 3,UK,100-300,3,87.29434521249635,60.14543480525359,Cloud,Tech,2.2226997041309704,83509.38924995187
7.658226224667202,1,Tier 2,USA,100-300,0,72.97863022409183,42.90562252407426,Data Science,Tech,5.63381394589514,120000
7.554215225479089,3,Tier 1,Germany,300+,2,68.52354604531568,37.61578538834418,AI/ML,Finance,4.561607117908126,120000
7.88466645303577,1,Tier 1,Germany,100-300,5,50.25711220523897,59.63402713030837,AI/ML,Tech,5.259838903834082,120000
6.81495924565624,0,Tier 3,USA,300+,1,63.81065969225036,63.53654376051575,Core CS,Healthcare,4.819949594203705,83737.20830548291
8.176827752653683,1,Tier 2,UK,100-300,1,46.71203672982206,61.85053765576062,Cloud,Tech,5.21440224086364,111146.48202341355
6.440403823865886,0,Tier 3,India,Top 100,1,76.1490110777837,60.32812585715826,Data Science,Healthcare,5.103494530213623,39925.69686092419
6.170347141144003,2,Tier 1,Canada,Top 100,1,76.89235167009564,60.42043492327171,Cybersecurity,Manufacturing,6.227530017889344,93388.76047840972
6.363090557450803,0,Tier 3,Germany,300+,0,77.5765609276203,62.63615638408543,Data Science,Tech,7.352238314709433,84610.58574947936
6.613672128431586,1,Tier 1,Canada,100-300,2,52.20215362679068,81.72224480377233,Data Science,Finance,3.5924208020770907,120000
6.933827980882805,2,Tier 3,Canada,300+,1,80.88120430936242,57.09255050320073,Core CS,Consulting,2.352405249533702,64535.12658603999
7.421518338932635,2,Tier 1,UK,100-300,3,81.03981932069014,83.688437130544,Cloud,Manufacturing,7.183641314119875,110095.70574972722
6.847302224357456,0,Tier 2,Canada,300+,1,65.07074748956467,39.52097363244478,Cloud,Consulting,5.535766961685062,81212.34459665361
6.841443458896224,0,Tier 2,Canada,300+,0,60.64982492184283,37.719678543630565,Cloud,Tech,7.781984154817489,97591.9236797147
7.408125975132147,1,Tier 2,UK,Top 100,3,35.1291544849647,85.70228548497096,Data Science,Manufacturing,3.885264335864015,108189.6007606061
7.1010513595865605,2,Tier 3,USA,300+,0,86.41384176702036,43.951548297932376,Cloud,Tech,6.031248151140245,90429.73664751631
6.624695316631673,1,Tier 2,USA,100-300,2,70.25228398523191,73.3360418417713,Data Science,Tech,5.176917067085966,120000
7.533015737634819,0,Tier 1,USA,300+,0,59.43222512343387,71.23844861700586,Cloud,Tech,6.40524791682299,120000
7.462382818911646,2,Tier 1,Germany,100-300,3,87.93373395489766,38.54459055570567,Cybersecurity,Other,5.856456411430464,101518.65012168793
7.461890820085329,0,Tier 1,Germany,100-300,3,85.8215497820213,30.543456001719825,Cloud,Tech,5.6378279227493895,102959.57364409916
6.897072442918355,0,Tier 2,UK,Top 100,2,66.20915885263182,45.61026855687723,AI/ML,Tech,5.776954472157966,112558.41545910412
8.1255477967134,0,Tier 2,Canada,Top 100,3,77.68180385052672,86.32232071040846,Cybersecurity,Finance,5.236462073068867,103712.60666103906
6.612705204332146,1,Tier 3,USA,300+,1,96.56189435348008,56.069618002778334,Data Science,Consulting,6.070461590546215,90510.56009522456
7.764215389765765,1,Tier 1,Canada,300+,2,63.59064676745278,50.53148761315416,Core CS,Consulting,4.200887326003415,108724.24623719444
6.969005684008366,2,Tier 2,USA,Top 100,0,82.61339943495501,48.079363520614635,AI/ML,Healthcare,5.156200412123845,116906.42359497708
7.474024245854209,3,Tier 3,India,100-300,0,73.5941849121853,66.23415173393593,AI/ML,Manufacturing,4.835312679346715,42135.575867590574
7.327708894947195,0,Tier 3,Canada,100-300,2,68.88230082274903,55.00783766579344,Cloud,Manufacturing,5.218403441368727,67642.04865271984
7.065022737644959,1,Tier 2,Canada,100-300,1,87.75438113535658,70.09255506685372,Core CS,Finance,8.873275018208556,85910.1485500244
8.910697594296352,0,Tier 3,Canada,300+,1,75.62315047461124,67.59719969168691,Core CS,Healthcare,7.33106714858291,70376.01042998143
7.947405316156939,0,Tier 3,Canada,Top 100,1,61.78565680699298,40.16865142485001,AI/ML,Consulting,6.23222844170335,89766.95901927691
7.57826151598841,0,Tier 1,USA,100-300,2,94.16170757460104,86.45330252157109,Core CS,Manufacturing,6.614870670100995,120000
7.089439326562711,2,Tier 3,Germany,100-300,2,57.69112421557717,58.7837695726644,Core CS,Healthcare,6.44404175678615,66420.29322781213
7.805725760477335,1,Tier 2,India,100-300,1,61.69289351308109,72.81318817093182,Data Science,Other,4.847174456123611,49666.12664833039
7.414395821113161,1,Tier 1,USA,300+,1,100,75.95480155889362,Cloud,Tech,4.705795251323863,120000
7.020963802219229,0,Tier 1,Canada,Top 100,2,81.45660437784379,31.976512180391637,Cloud,Consulting,3.8286132817241985,108630.8265268936
6.757148539787268,0,Tier 3,UK,300+,2,59.94312198696524,45.71414789481896,Core CS,Healthcare,5.9926655148168075,70313.22519897716
6.9352661298698495,2,Tier 2,Canada,100-300,3,65.57827677461601,65.7376402382678,Cloud,Consulting,2.437468797731192,91249.67560161772
7.168480671438114,2,Tier 1,UK,100-300,3,56.706937563207035,42.00100726455456,Cybersecurity,Manufacturing,4.557413191813289,110311.1591900942
6.6092191359117125,0,Tier 2,Canada,100-300,2,62.117868906610866,80.55449864227805,Core CS,Tech,2.4303418128738135,91135.14089034674
7.015475256649403,2,Tier 2,Canada,100-300,1,74.4696837973705,68.8318184516858,Cybersecurity,Tech,4.5991189498901495,98907.62984079028
6.0488292643720305,0,Tier 2,Germany,100-300,1,79.49982933227311,81.97888929151212,Cybersecurity,Other,5.326055025027772,88081.78556495684
7.232757891471588,1,Tier 1,USA,300+,2,88.92554291327853,37.83168923643801,Data Science,Other,3.765879746919475,120000
7.766271704886615,3,Tier 3,Canada,100-300,3,71.30444686406375,49.103216869336286,Cybersecurity,Finance,2.435285897163355,81665.24272241483
6.367294566644348,1,Tier 2,USA,300+,2,83.54396127234041,57.60410291348938,AI/ML,Healthcare,6.084641614915713,120000
7.027206476982517,0,Tier 2,USA,Top 100,3,61.4625194774646,74.37326611740362,Cloud,Tech,4.097532506298878,120000
7.561195825539771,0,Tier 3,Canada,100-300,4,66.98582889815525,73.6466541205644,Cybersecurity,Finance,1.8557041101817744,83395.86638357681
7.396644016822057,2,Tier 1,UK,Top 100,1,68.98728376710703,60.46439570655383,AI/ML,Tech,6.1708354054531345,120000
8.283471286646877,0,Tier 2,Germany,300+,0,75.13169988049845,76.1771703476556,Data Science,Healthcare,4.31898166834062,89903.38579582366
6.771924594366389,0,Tier 1,USA,100-300,1,69.26217300363851,54.54311635757972,Core CS,Manufacturing,6.03308704968772,118874.5077865226
7.1109161469680675,0,Tier 2,UK,Top 100,2,72.17169742934162,78.02535181728948,Data Science,Consulting,4.314896231579417,113798.8268182958
6.131098960654872,3,Tier 3,Germany,100-300,2,80.911241922654,37.410636398903875,Core CS,Tech,5.439785150342104,80915.81921616367
6.794975340598742,1,Tier 3,Canada,300+,0,50.257930047560066,56.79434940520086,Cloud,Healthcare,4.555461159831064,65575.1335053212
6.811266776550301,0,Tier 3,Canada,300+,1,75.35861215558138,74.22559621467035,Core CS,Finance,5.45763877926788,80765.12157770936
8.024751661333383,0,Tier 1,UK,300+,2,59.1824026143437,89.21282574136883,Core CS,Other,7.117774752514203,106894.46595949764
7.577522788350513,1,Tier 2,Canada,300+,2,65.32659331554018,69.74606172184234,AI/ML,Finance,4.81190631124568,105213.79996573344
7.535072104436974,1,Tier 3,UK,300+,2,30,47.057281328190086,Data Science,Healthcare,6.390131403962011,86770.2939957923
7.537555686251598,1,Tier 1,Canada,100-300,2,47.364948340750985,70.23486269559754,Core CS,Healthcare,7.138173785107736,110173.0498862501
7.307361657604718,0,Tier 3,Canada,Top 100,3,89.38423391045582,71.0562893718461,Cloud,Other,1.8572079203179663,79254.52402802177
6.204457182560166,1,Tier 2,India,300+,2,67.01927565809679,46.09380565795081,Cloud,Finance,4.00086551349966,44375.5657839673
7.199638551678461,0,Tier 3,Canada,100-300,3,62.733069200527446,56.43083349718103,Cloud,Finance,5.29359380983273,89256.31727898685
6.7977893959230515,0,Tier 3,India,300+,1,60.16612617538749,68.03857111258739,Data Science,Tech,4.831322033518546,47328.60860821042
7.637361541656594,0,Tier 2,USA,100-300,0,76.91779910989511,54.86340880990973,Data Science,Tech,3.934214356650211,120000
7.012146354032346,0,Tier 3,USA,100-300,1,77.43588028797646,51.45906274645088,Data Science,Consulting,4.078912974635226,110443.36282987916
7.516470169739355,1,Tier 3,UK,100-300,2,43.80572993128064,45.73661767973562,Cloud,Other,2.7780538107647184,79025.16506714784
7.626103861053215,2,Tier 1,USA,100-300,4,75.22136958853207,100,Cloud,Consulting,4.746875775874552,120000
6.980613732904247,5,Tier 1,USA,300+,2,76.42352707918135,60.9594024044984,Cybersecurity,Manufacturing,6.297972279839447,115435.31078159373
7.961960998386457,0,Tier 3,Canada,100-300,4,76.48034677885231,63.17408285840269,Cloud,Manufacturing,4.26527314583546,77356.79496290567
7.223267086676148,3,Tier 3,India,100-300,2,81.24713248596558,76.76379814930638,Cybersecurity,Healthcare,4.9210586443305235,36748.05063212495
7.233250941345578,1,Tier 2,UK,100-300,1,67.09997297244247,70.63773354396096,Data Science,Other,5.811617168946631,105111.70442598464
5.647462697914838,2,Tier 3,UK,300+,1,96.08546907842158,72.49822352702255,Data Science,Manufacturing,5.844097932395435,78631.63595135746
9.204174194975922,1,Tier 1,UK,100-300,3,70.41613169217696,68.24921273847062,Cybersecurity,Healthcare,5.343802760415956,120000
6.755511508676958,0,Tier 2,Canada,300+,3,51.22621832856891,74.78738499018746,Cloud,Manufacturing,5.476379749766879,84014.87998404753
7.584767181100973,2,Tier 2,USA,100-300,3,53.16768697157017,62.17170943067714,Cybersecurity,Manufacturing,5.861789914912859,118681.03084883968
6.479472138105293,1,Tier 3,UK,100-300,0,60.21483146078843,80.26812092890778,Cybersecurity,Manufacturing,4.758405869390562,67144.15943032796
6.7875163517711155,1,Tier 3,USA,300+,2,84.23359462323612,70.29977683448011,AI/ML,Other,5.7583573050167525,98878.98748189758
6.6800974090653025,0,Tier 2,USA,300+,0,37.20097585020707,85.22461952716779,Core CS,Finance,5.480095213014245,110532.75806725008
7.211414617316509,1,Tier 2,India,100-300,3,61.47134565182092,38.51546997691718,AI/ML,Finance,7.118436102695885,44653.22311720335
6.879906438996954,1,Tier 2,UK,100-300,2,77.13713652780736,78.51867211724723,Data Science,Other,6.370587961153734,107976.91924175112
5.35971403417264,1,Tier 2,Canada,300+,0,92.33282290383632,76.19299543669763,Core CS,Finance,5.665998026448332,80336.22890829398
7.591344395761254,1,Tier 2,India,100-300,1,58.728359811869545,67.08413326648937,Core CS,Tech,6.8057652222888665,54672.094148424614
6.954083707940772,1,Tier 3,Canada,Top 100,0,81.99931446784426,100,Core CS,Consulting,6.756188990730878,81045.33138337039
6.433671247460739,0,Tier 2,India,100-300,4,68.90170279312416,64.60757686085071,AI/ML,Consulting,4.205709035632355,52536.72999905863
5.723284825140709,3,Tier 2,Germany,100-300,1,74.80233602012676,67.80912820568187,Core CS,Healthcare,2.882511053484674,77031.72044242214
7.521864270541344,2,Tier 3,India,100-300,2,69.70789713397703,77.42419301946111,Cloud,Tech,5.886680949226182,35332.86558951142
8.141844291431372,0,Tier 3,USA,Top 100,1,88.27605405763379,37.98044399241239,Cybersecurity,Other,3.430400845605832,97432.46457669778
7.527560992890889,1,Tier 1,UK,100-300,4,78.61308345666677,49.70496860872289,AI/ML,Other,5.271751914785866,120000
6.356841268218015,1,Tier 2,India,100-300,1,81.26871180287799,75.272959252043,Cybersecurity,Tech,6.676782631318657,33464.56896750182
7.245876493366376,1,Tier 1,India,300+,3,64.91103821612454,90.52944625365927,AI/ML,Consulting,4.277877790287308,67704.8527758804
8.056331207827068,0,Tier 3,Germany,300+,1,69.84741040473502,78.59211851776237,Cybersecurity,Finance,6.5953968479972636,78227.15633230322
6.300451481328065,0,Tier 3,UK,100-300,0,71.27748339008136,82.31906847046179,Core CS,Consulting,3.3813281232705084,72249.42558836199
6.852916885472633,1,Tier 1,India,Top 100,1,86.10569724394517,41.358426623590496,Data Science,Consulting,3.839575972494157,67707.39595679787
6.323461516404709,3,Tier 1,Canada,300+,2,88.39251253038121,70.98996298774418,AI/ML,Healthcare,7.103882867666549,117964.88627948076
7.06760411655429,0,Tier 1,UK,300+,0,58.458063296147394,60.8673513423965,Core CS,Consulting,6.735790589252748,104311.98941908736
7.638395639689789,3,Tier 2,USA,100-300,1,69.72262737968434,72.73179681337811,AI/ML,Consulting,6.384923220672149,120000
6.159501342537759,1,Tier 2,India,300+,3,59.250300887507024,57.06017148596688,AI/ML,Healthcare,4.759169343890897,49096.989530751605
7.695018000472617,0,Tier 2,Germany,100-300,1,72.87197320270148,48.14715280979891,Data Science,Manufacturing,5.772264828871228,109165.04072653262
6.050930858312117,0,Tier 2,USA,100-300,0,78.80806956498253,90.29272787126148,Cloud,Manufacturing,5.184694422740694,101867.7641224608
7.470284710510188,1,Tier 1,India,100-300,3,65.62138286723277,72.374317129266,Core CS,Finance,4.392751850780245,59681.551799061424
7.495791027762295,0,Tier 3,USA,300+,1,79.37930320784115,54.89577120798004,Data Science,Other,7.400369415989105,106100.80765874626
5.470946486669996,3,Tier 1,Germany,300+,4,69.75935329654483,66.9970764461015,Cloud,Consulting,4.189715936340963,91031.53532301448
7.074383397223528,2,Tier 1,India,100-300,1,38.863147499587235,82.09578279385256,Core CS,Finance,4.716702673357766,58706.263525398535
6.625203109311747,0,Tier 2,India,100-300,0,56.18749573252738,63.49544327789265,Cloud,Other,6.334243576033631,38581.99350282073
8.080681864559205,0,Tier 2,Germany,100-300,2,76.92246528631512,54.29122894784723,Core CS,Tech,6.674285341674673,97031.25235345648
6.477056687490065,1,Tier 2,Canada,300+,2,62.525359711811525,64.84159860929624,Cybersecurity,Healthcare,7.664591937179527,85179.70803643859
7.060555952004075,1,Tier 2,UK,100-300,2,90.52150287441152,63.5630049289592,AI/ML,Tech,5.227690368486786,118005.53194542766
7.548471797038733,0,Tier 2,Canada,Top 100,1,80.7854334793994,54.59136911709234,Core CS,Healthcare,3.948855904834319,94317.314236382
7.424780529571272,3,Tier 2,USA,100-300,2,70.95059743792547,51.972027732723056,Cloud,Finance,4.997899080400787,119543.51601404828
6.5764264291943935,4,Tier 2,India,100-300,2,67.15074941328223,53.334440017807175,Cloud,Healthcare,4.330691915325035,55883.55545520096
7.3834887627435375,0,Tier 2,Germany,Top 100,1,82.41120356124921,62.824808307309105,Core CS,Consulting,3.773161941381213,90400.06421416716
9.039207766974178,0,Tier 3,India,Top 100,1,56.83196009808125,50.16142188622901,AI/ML,Other,3.545890314647224,53884.96165630839
7.119101443134153,1,Tier 3,Canada,Top 100,4,53.36724220667524,54.492878749459194,Cloud,Manufacturing,4.792618822752175,74833.83206349741
7.945254173135317,2,Tier 1,India,300+,1,63.763111666547445,71.8298923471405,Cloud,Healthcare,5.203233392230496,50371.7585412061
7.696597315670722,0,Tier 3,India,300+,2,67.55623877780776,74.71520730273417,Cloud,Other,5.674398768838792,36702.47942843719
7.759050477177296,2,Tier 1,UK,300+,2,81.17779075355828,57.51329975136071,Cloud,Other,4.907276003469883,111788.0565445325
7.104552019571506,2,Tier 3,India,Top 100,1,100,57.92287632541496,Cloud,Tech,3.759549021808147,43186.40241785435
6.6193636447960795,1,Tier 3,USA,100-300,4,72.46369465470758,55.17836844350125,AI/ML,Manufacturing,4.984183859727933,99686.79318497326
6.450388720240402,0,Tier 1,Germany,100-300,1,80.72189364737665,58.329696952977216,Data Science,Tech,6.473677367546694,113974.86402762168
6.939302839451981,2,Tier 1,Germany,300+,3,73.5502102179186,59.70683936844159,AI/ML,Consulting,8.927645988770207,109104.11298345978
6.970935513566126,0,Tier 1,Germany,300+,2,75.98394171804217,65.48192670070993,Cybersecurity,Tech,3.2522711287276147,98729.07677430514
7.11754823870935,0,Tier 2,Germany,300+,0,72.59101480963369,78.14914161309443,Cybersecurity,Finance,4.286709028901806,88510.55423888055
6.582294743984006,1,Tier 2,Canada,100-300,2,87.25143754825521,53.653881476441455,Cybersecurity,Manufacturing,2.030062272094675,86338.77544112652
9.461488296144402,0,Tier 3,USA,100-300,1,67.43549035076506,72.58382558602207,Core CS,Healthcare,6.459431302236814,100084.78257539983
8.08809272014425,0,Tier 2,USA,300+,2,96.0306195068064,94.87518372266658,Data Science,Healthcare,6.739947402735135,120000
6.004365999932221,1,Tier 3,India,Top 100,2,73.14439157464724,46.78292781718237,Core CS,Consulting,4.282655182219765,36203.14688534168
7.345773352607403,1,Tier 3,USA,Top 100,2,51.126577527564166,66.03753682789016,Cybersecurity,Finance,6.249262771243992,105506.61082711238
7.774260819220164,0,Tier 1,Canada,100-300,0,100,73.41074170851043,Core CS,Healthcare,4.145303615892115,106742.88653316056
7.795025771624351,1,Tier 1,Germany,100-300,2,60.07836674127435,95.7737954041608,Data Science,Healthcare,6.255148892664841,120000
6.318090587140717,1,Tier 2,USA,100-300,5,74.48800665583599,88.97215269429203,Cybersecurity,Healthcare,4.402977947465995,104496.36027266948
7.380292488553608,1,Tier 2,USA,100-300,3,71.45977494849156,49.66179472813214,AI/ML,Healthcare,2.9707239475154825,119177.39301255478
6.620657459916828,0,Tier 3,Germany,100-300,0,87.39085406393696,71.72808422661373,Data Science,Manufacturing,1.3619898187303447,70448.60231471126
7.181996700585643,1,Tier 2,Germany,Top 100,1,66.5546861769734,61.26059349197531,Core CS,Tech,4.50470793617618,90765.87724931964
6.024572426782245,1,Tier 3,UK,Top 100,0,46.699687162975295,56.527762439073285,AI/ML,Healthcare,4.021721928946676,87114.63697638323
6.544440180406312,1,Tier 2,Canada,100-300,4,69.00922970723508,70.76208390788005,Data Science,Healthcare,4.199865854313779,105303.63655971488
6.900782890088002,1,Tier 3,UK,100-300,4,58.55861346791893,73.55968445558179,Cybersecurity,Other,4.791993080680811,83937.27245624695
6.148623994546121,2,Tier 1,India,100-300,2,85.57536934958956,64.59559644212419,AI/ML,Tech,4.993933714598104,64954.577404405885
6.992124153079693,1,Tier 3,Canada,300+,2,68.01441102108495,44.65721223900593,Cloud,Manufacturing,4.994638575976572,75818.79910006216
6.103962062024102,0,Tier 3,Canada,Top 100,2,45.807783322660896,65.50841595050018,AI/ML,Consulting,6.338643553712465,80038.17408807983
7.5367289986215,4,Tier 2,Germany,100-300,1,80.67549406633431,43.74906243995372,Cloud,Manufacturing,7.321254924983335,81379.67978137899
7.483032416222315,0,Tier 1,India,300+,1,60.59876049324211,51.207918098692296,Cybersecurity,Consulting,5.846375139108735,50219.0284195433
6.077206059212173,0,Tier 2,USA,300+,2,67.50805744164086,30.999129835065375,Cybersecurity,Other,4.41866474895489,96871.98956421897
7.214274910293066,0,Tier 2,USA,100-300,4,88.47620597517985,59.790978298336626,AI/ML,Healthcare,5.300220358483873,120000
7.661692342852614,3,Tier 3,India,Top 100,0,95.83710130111112,58.98407809636068,Core CS,Tech,4.023578082723887,44536.92617329868
6.6994930673875714,1,Tier 1,Germany,Top 100,0,51.12760742806618,47.63806089007342,AI/ML,Healthcare,3.6000585622920225,120000
8.080891271989373,0,Tier 3,Germany,100-300,1,84.30909454035992,78.31772400634972,Cloud,Finance,6.464810835662863,76461.06476502534
8.034196231614565,1,Tier 3,UK,300+,2,61.73923912601817,70.14929460472659,AI/ML,Tech,4.2351139024500855,103238.24861983376
8.33098626571478,2,Tier 1,UK,300+,1,91.35206432574569,64.08096971262182,Data Science,Consulting,6.761089105385329,120000
7.244194501225082,0,Tier 1,India,Top 100,2,81.27643968777961,58.26749655699565,Core CS,Healthcare,3.668889854731453,55529.14787053296
7.46991335984481,1,Tier 2,Germany,300+,4,56.34197778310656,69.21375638807787,Core CS,Manufacturing,3.2808177115439636,92779.34817949112
8.131349830664872,0,Tier 2,India,Top 100,1,68.01093200592001,52.74136299183428,AI/ML,Other,5.308963392857826,48603.0219595283
7.357915149655181,0,Tier 3,USA,100-300,1,45.734153387103035,83.99917050864818,Core CS,Manufacturing,6.103964202961311,102283.73542453052
6.59901271376783,1,Tier 3,India,Top 100,2,76.28336136989071,43.37620773815314,Cloud,Finance,6.060840641006382,42787.82682743186
7.190843963018992,0,Tier 2,Germany,300+,0,70.86206428844221,59.009177095680194,Cybersecurity,Other,6.783523442088784,98417.89264327506
6.885392867708646,1,Tier 1,UK,300+,2,90.38373473942782,51.92317194897253,Cybersecurity,Healthcare,5.104738208325587,112189.2294980235
7.877237694584203,1,Tier 2,Canada,300+,3,68.54938614513193,60.10453969772051,Cloud,Manufacturing,1.7574117160863305,89382.65813810354
8.227585681435611,1,Tier 3,India,300+,2,35.771186729184166,63.45961752758251,Data Science,Consulting,6.95565509051213,38931.36937110797
7.897899374962528,1,Tier 2,India,Top 100,2,60.369281285084575,79.3355557093077,Core CS,Tech,3.855103453392005,63377.51493477833
7.434712662297447,0,Tier 2,India,100-300,3,64.4960826003287,73.88914516770252,Core CS,Tech,4.5259631440502055,43894.05688010265
6.835497717085402,1,Tier 2,UK,100-300,3,68.47220606635443,57.02310140085281,Cybersecurity,Finance,3.893851169298458,98515.33956767616
6.417462479224148,0,Tier 2,USA,300+,1,50.851005441078755,56.20512919237854,AI/ML,Healthcare,6.153099492739106,111588.27233160398
8.398509655296667,0,Tier 2,Canada,300+,1,44.86010114717947,74.4212279741737,Cybersecurity,Consulting,7.479858449670946,97921.58540156558
7.832049455922061,0,Tier 2,USA,100-300,4,56.82717709376274,58.63369399444769,Data Science,Consulting,5.378080011064004,120000
6.408183068821626,2,Tier 2,UK,100-300,5,78.44734211758396,76.06740946150065,Cloud,Finance,3.305967325072297,97562.25780675805
5.932311514471814,2,Tier 1,Canada,300+,3,93.23301649581848,81.69603588291291,Data Science,Consulting,6.802734324832808,112031.01781930466
6.691461895217722,0,Tier 1,Germany,100-300,2,83.32954489048025,45.90958098949457,Core CS,Tech,5.49347099930094,109320.01974992835
7.347602116873045,1,Tier 3,UK,300+,0,78.65515967624404,55.3865817477583,Core CS,Finance,4.255678508778478,80618.56940034062
7.192164675156978,1,Tier 2,UK,100-300,1,69.32461848051514,43.965180444073525,Cybersecurity,Finance,4.557430903052229,99241.20333811674
7.6319357777446815,1,Tier 1,Germany,100-300,2,54.036950361006035,63.20212092769342,AI/ML,Manufacturing,6.275024578445847,115683.0375033162
7.775655220602325,1,Tier 1,Germany,300+,0,75.89118759346005,89.87358454131358,AI/ML,Finance,6.704088142462369,116653.95878698851
7.26148432048835,1,Tier 2,Canada,300+,3,63.21123304809878,73.84334071015995,Core CS,Consulting,5.576896926083282,86718.5183343379
6.843441175082479,2,Tier 2,Germany,100-300,3,73.91051584216072,81.0559164413616,AI/ML,Healthcare,4.856968078026253,106722.8197758479
7.848071791926932,0,Tier 3,Canada,300+,2,76.42495712727165,89.56344272155125,Cloud,Manufacturing,8.779932618896748,76750.95242895781
6.958781657180283,1,Tier 1,Germany,300+,1,69.5585952264244,61.26624446448198,Cybersecurity,Manufacturing,4.796476509654171,93417.53106579842
7.402472294898997,1,Tier 3,UK,Top 100,1,82.42660096551286,58.38488265179045,Cybersecurity,Other,2.2199140564970903,84081.54113099362
6.745001347803093,1,Tier 3,Germany,100-300,2,56.90119492488984,61.95124324821515,AI/ML,Consulting,6.294676600991586,77107.61476243677
6.901324748763112,2,Tier 2,Canada,300+,2,48.101118067222274,69.02704669462778,Data Science,Healthcare,6.580877653032811,94061.52190045784
7.247237954426123,1,Tier 1,USA,Top 100,1,74.13115152367462,65.30510325586914,Cloud,Finance,5.513467332820356,120000
6.475449824430845,1,Tier 2,India,100-300,1,73.85099370313009,51.22393403607954,Data Science,Consulting,3.816303228160454,55099.87062248661
6.811431004114665,1,Tier 1,USA,100-300,0,68.6161829512888,86.57997644002118,Cybersecurity,Finance,4.797314593724859,120000
6.248429406411214,1,Tier 2,USA,100-300,1,75.68618218028487,63.655589315273495,AI/ML,Consulting,2.5802292824186477,120000
7.895395934051277,1,Tier 2,Canada,300+,3,91.04798300680947,86.85456754403853,Core CS,Consulting,4.1241939066225015,93043.67364967612
8.162204436100946,1,Tier 1,Germany,100-300,4,62.7482671869346,59.10882542015194,Cloud,Manufacturing,6.489682369979031,108126.86282628932
8.222998280432726,1,Tier 2,Germany,Top 100,5,58.29077730428899,60.65471972315689,Cybersecurity,Manufacturing,6.554300739141714,85449.61508750412
6.19324101396212,3,Tier 3,Canada,100-300,2,80.38756401222207,78.09197216140073,Core CS,Other,6.362679295977031,75509.72154914285
5.822370341578567,1,Tier 2,UK,100-300,2,64.2910427492374,44.38003693915512,Cloud,Consulting,5.530560085003572,78283.39974581
5.900932140081072,2,Tier 2,India,100-300,1,82.23576977481918,66.07387832765306,AI/ML,Finance,6.281396613526479,53082.20197044338
8.102775701969204,0,Tier 1,Germany,300+,3,98.43614148689396,69.57083647192961,Core CS,Consulting,5.6997279730705515,105083.65615446416
6.04162685662619,2,Tier 2,Germany,300+,2,84.45872522113142,49.25307960879511,Data Science,Finance,5.336867183248524,91214.46121995444
7.229419289906069,1,Tier 2,Canada,100-300,0,72.6712151254016,75.36520008495836,Core CS,Finance,6.860570155991652,88832.07345493542
6.882235777051522,1,Tier 2,Canada,100-300,0,69.54067731367248,56.55153687591585,Cloud,Consulting,5.606205745312236,88641.48491278193
7.451873886880098,1,Tier 2,UK,Top 100,2,93.15184993587138,83.80535728721281,Cloud,Tech,3.1064569272333262,111545.74907985175
8.308638244908652,1,Tier 1,India,Top 100,4,59.01003206642662,61.5070759038725,Cloud,Other,5.06910504089141,57744.3481626721
6.823166029170359,3,Tier 1,Canada,300+,0,48.68319933075262,73.35971771687275,Cybersecurity,Healthcare,4.829897422795941,97727.36279992538
7.055495842126455,0,Tier 2,UK,300+,1,61.82962922926623,74.68417130673684,AI/ML,Consulting,5.097687356264439,97859.7508197274
7.154077534985044,0,Tier 1,USA,100-300,2,63.693264376196574,62.70619636985237,Data Science,Finance,4.740965066821665,120000
8.913687708219195,1,Tier 2,USA,100-300,2,63.779942129213765,57.72274665926767,Cloud,Other,5.5947893274134914,119248.1656926164
7.546578411831046,0,Tier 3,India,100-300,2,73.12927410758154,74.23699441352282,Data Science,Healthcare,5.061627057992241,41219.84834109821
6.908158200992749,1,Tier 2,India,300+,3,53.40530010427658,99.02390835074488,AI/ML,Healthcare,4.140837805240348,54651.63615853214
7.453417380947344,0,Tier 2,UK,300+,1,97.1640959287922,73.59000032457992,AI/ML,Tech,5.360648095979067,119935.83992259168
7.569128463572396,1,Tier 1,Germany,300+,2,73.21185718003285,76.95700977582862,AI/ML,Healthcare,1.696548596902739,118555.17265253936
9.490328160835071,1,Tier 1,UK,300+,1,67.17302737231641,84.0114972776949,Cloud,Finance,3.793965818597648,120000
6.321547521575593,1,Tier 2,Canada,300+,3,88.06299385006032,57.552753416051,Data Science,Healthcare,5.440496056111615,99725.7060667301
6.73592784663885,1,Tier 3,USA,300+,2,68.39979314810708,95.66966911694206,Data Science,Consulting,3.4513227886221824,92216.3548728321
7.586263265457396,1,Tier 3,USA,300+,2,47.20255529929867,74.949463826769815,Core CS,Tech,6.824813919858148,101611.61902824236
7.838786120840474,1,Tier 2,USA,300+,3,86.61200751994615,53.47412964895604,Data Science,Manufacturing,6.895826978480044,120000
7.39021985686747,0,Tier 3,Germany,100-300,1,81.58165685121527,68.8180970787077,AI/ML,Other,4.209010518162666,85009.69832025998
6.412613342423169,1,Tier 3,Germany,Top 100,0,62.781262162540834,54.81638737262043,Data Science,Finance,7.258874106237749,76982.90721362722
6.886776290129722,1,Tier 3,USA,100-300,1,43.809498368660456,66.91744570576256,Cloud,Finance,2.8502274149909677,98277.06849879332
7.586838250804693,1,Tier 1,India,100-300,3,86.98770306499327,57.71954344765661,Cybersecurity,Consulting,6.939241080402332,57349.89436482755
7.007026923918518,0,Tier 1,UK,100-300,1,75.37074419498059,65.2756329907103,Data Science,Consulting,6.729141153837443,120000
6.809853346431213,2,Tier 3,USA,Top 100,2,70.15196560854277,54.15852806363023,Cybersecurity,Finance,4.536886176578456,90428.86993563606
8.633742328427784,0,Tier 1,UK,Top 100,1,80.356997344922,78.349664675482515,AI/ML,Manufacturing,6.117413882146612,120000
7.124259999359521,0,Tier 3,India,300+,2,60.40003603575285,53.87381750121668,Cybersecurity,Other,5.275359312331886,35938.97833290893
6.953673800098473,0,Tier 1,Canada,100-300,2,87.2956171522105,65.62122741570455,AI/ML,Healthcare,4.406508790679951,119067.74850283028
5.720484190244551,2,Tier 3,Canada,300+,2,50.63323915095808,85.56125428439105,AI/ML,Other,5.894739958700569,83166.99030780474
8.821669198442644,0,Tier 2,Germany,Top 100,0,74.6040617894155,37.601177728099344,Cybersecurity,Manufacturing,6.517743654105924,97135.0424872118
6.012390401262083,0,Tier 2,Canada,100-300,3,86.77805984928243,45.68036819101543,Data Science,Healthcare,7.086840582089826,94452.64534006282
7.011607199410124,3,Tier 3,USA,Top 100,2,99.6521862702385,100,Data Science,Healthcare,4.651261945157798,104334.6349590892
7.5848005014283855,2,Tier 3,UK,300+,3,64.10708452998344,63.9377878497036,Data Science,Tech,5.345944037283866,98015.95225724792
7.430747965773162,1,Tier 2,Canada,300+,4,64.56536426447582,63.26426707403676,Core CS,Other,6.634768964027827,89349.62937347316
8.74807591602889,1,Tier 1,Germany,Top 100,5,75.96472943506915,50.028824725294655,Cybersecurity,Consulting,3.998783607450072,109522.92736838535
6.450627725597363,0,Tier 1,Germany,300+,1,84.31943874432596,77.08954324153801,Cybersecurity,Other,7.109866035913875,103333.508475393
8.299107994248923,0,Tier 3,India,300+,0,63.92434470595183,68.24940589896408,Core CS,Healthcare,5.817735292883202,38338.40552236571
7.662447051914647,1,Tier 2,India,Top 100,3,74.49236761426626,38.18752654766716,Core CS,Healthcare,6.721159083512302,43307.24090419462
6.982372108796584,1,Tier 1,UK,100-300,1,81.57825466837323,66.76316495087558,Cloud,Healthcare,3.414863854908845,105911.436649619
6.850656830149244,1,Tier 2,UK,Top 100,1,73.48688567601141,35.03910034151677,Cloud,Manufacturing,6.39875186986579,94987.61346025651
7.280932374101667,0,Tier 3,Germany,100-300,1,85.44376226661667,73.8483161802307,Data Science,Manufacturing,5.309752766229121,89395.57506469001
7.273328185562101,2,Tier 2,Canada,Top 100,1,100,65.23458747022468,Core CS,Healthcare,3.771230742819899,92286.82765582736
6.782948017545362,0,Tier 2,USA,Top 100,2,70.47556965996341,66.6238981590449,Core CS,Finance,5.2323359415881745,111906.13826564697
6.026735356691432,3,Tier 1,India,100-300,1,78.03028372138981,68.32176333343808,Core CS,Finance,6.380762021002926,52369.131974455246
6.102775882059978,1,Tier 3,USA,Top 100,2,73.87226061382944,71.18879939921126,Data Science,Other,6.679158685409401,99216.93340679944
7.567482011564254,0,Tier 1,UK,100-300,1,75.62679107170612,68.82906452924163,Core CS,Manufacturing,3.0843474055593427,112166.47291491627
7.015566604415106,2,Tier 3,Canada,300+,4,75.85089179527286,52.01197291504574,Core CS,Finance,6.062886743378997,65179.93312787064
6.88919020431422,2,Tier 1,Germany,100-300,3,51.16935584957105,63.050659729859255,Core CS,Healthcare,3.630693990183608,94496.73947035216
6.660887966142118,0,Tier 3,USA,300+,3,73.693417785305,70.30663222448206,Cybersecurity,Manufacturing,7.536909382567031,88040.7664099704
6.755848923615399,1,Tier 2,Germany,Top 100,2,96.51385088819043,52.47286409040267,Data Science,Tech,7.841016843369856,111751.12673207092
7.837529435590511,0,Tier 1,Germany,Top 100,0,79.61850726759937,60.34370414945624,Cybersecurity,Other,5.823852008200395,110899.89301463775
7.594921420432138,2,Tier 1,Canada,100-300,2,42.911066503380894,54.60076971831434,Data Science,Finance,7.403924965151047,120000
6.836098668908226,0,Tier 1,Germany,Top 100,2,77.89689108987466,74.60394123625048,AI/ML,Tech,5.190107206528618,120000
8.286062645119609,0,Tier 1,Germany,Top 100,0,52.310541626432816,88.04041432764218,Data Science,Consulting,5.038769567177297,120000
6.983551554119594,1,Tier 3,Germany,100-300,1,59.62767879412516,66.69502900769515,Cloud,Manufacturing,5.061497906299536,71346.77580654519
7.231346938494981,1,Tier 1,USA,300+,1,55.648921380629865,75.11094902266038,Core CS,Consulting,5.86167550072431,120000
6.05686120696134,0,Tier 2,India,Top 100,2,81.48274351028414,60.17252631852692,Data Science,Consulting,5.3682355430095035,48002.407345286025
6.824264438119232,2,Tier 3,Canada,300+,4,61.042846541290686,72.68158475954246,Core CS,Other,6.2941492756375865,72890.5914526264
7.487620836166881,2,Tier 3,UK,300+,1,49.244389993865944,73.78712492540899,Cybersecurity,Tech,5.501814049602326,85921.94609830009
5.755701012927006,2,Tier 1,Germany,100-300,4,62.56956945827615,48.299967237607206,Cybersecurity,Finance,4.409198709961691,88240.64249369156
7.080632858115845,1,Tier 1,Canada,100-300,1,72.81487910386055,39.6720943720284,Cloud,Tech,5.369706089554524,117289.45002626792
7.033029964469952,0,Tier 2,USA,100-300,1,61.44223724921372,77.78173961738996,Core CS,Other,3.940201762741797,103733.1167226518
7.829727118926595,0,Tier 3,USA,Top 100,4,84.26088801223685,53.566069915374584,Core CS,Manufacturing,2.0850765943490397,98993.55476515232
7.2675508118788175,1,Tier 2,USA,100-300,3,74.81580404715368,71.08382069446982,Cybersecurity,Manufacturing,3.627225799027885,113250.96895288788
8.182457518685155,0,Tier 2,Canada,100-300,1,65.41577996424706,66.15235875120531,Cybersecurity,Finance,3.482058060081781,96178.99818490964
7.108739653774679,2,Tier 1,UK,Top 100,3,100,49.569665870159646,Data Science,Other,3.6301990460331406,120000
7.067573429111958,1,Tier 1,Canada,100-300,0,70.08613213683223,70.19346243618072,Data Science,Other,7.161504166766623,120000
7.765036001673077,0,Tier 1,Germany,Top 100,2,68.15355211801932,49.27556572850749,Cloud,Consulting,6.1366066505902515,110388.34569220204
8.859738644682254,0,Tier 2,Canada,300+,0,92.6287112331554,56.249031896491815,Core CS,Other,8.426050151738284,93839.86462275396
7.404016870619014,1,Tier 2,India,300+,2,71.68135429773467,84.60538672324215,Data Science,Other,8.016327971860415,53883.049186985314
7.067614780652262,1,Tier 3,Canada,100-300,0,48.72132977314117,73.69236824789634,Data Science,Finance,3.602882507900521,85048.27507531385
6.435381213523708,0,Tier 2,Germany,100-300,0,86.79532077876463,85.68176633598733,Cloud,Manufacturing,6.3104401614467776,77712.66933790917
6.907912244861409,0,Tier 2,UK,100-300,2,74.86532401279928,54.422822178603255,Cybersecurity,Manufacturing,4.939611223491166,96961.49352439916
6.723264536762263,2,Tier 1,UK,300+,1,62.66448819765897,77.27617018772993,AI/ML,Consulting,4.454965688447687,119146.16978431548
6.10259911771529,1,Tier 2,India,100-300,1,82.44782263723633,81.40875521901123,AI/ML,Healthcare,5.382980089838427,53475.28728165058
7.823015193138785,2,Tier 2,UK,100-300,0,62.07238860129672,66.50489210783897,Cloud,Consulting,6.228978404255161,94505.70855689472
7.401348036135031,2,Tier 2,India,100-300,3,65.02225552785164,56.692665109603595,Core CS,Healthcare,5.357102389142371,51845.82631659831
7.198660114012705,0,Tier 1,India,300+,2,77.54070071536849,86.91163438789985,Cloud,Finance,6.511475428236021,59189.77409021844
7.32018868442142,1,Tier 1,India,100-300,2,54.63709876998395,47.47217966171239,Cloud,Other,5.562543655114669,64320.47582741801
6.176022180178451,2,Tier 1,India,300+,3,100,68.12469192324676,AI/ML,Other,4.328547829054846,59102.53020508583
6.141049072865798,0,Tier 1,UK,300+,0,76.63029712479123,61.247821372587936,Core CS,Other,6.764964382588582,100609.09683650782
7.064866034320659,0,Tier 3,UK,Top 100,3,100,65.24861769778661,Cloud,Other,1,77125.73181376902
9.03150529822629,1,Tier 2,Germany,Top 100,1,58.48363007244894,92.66973737124708,Cybersecurity,Manufacturing,4.76126945378817,99969.9884978306
6.9680844929986305,0,Tier 3,Germany,300+,4,89.95836122047778,80.25093944815637,AI/ML,Other,5.9201357858757175,77132.66622244718
6.892655831458461,0,Tier 2,USA,Top 100,1,56.71240650190032,70.82390534229823,AI/ML,Healthcare,6.573165515729853,120000
7.41548699651031,2,Tier 2,Germany,100-300,1,71.92900156200848,83.69295613533683,AI/ML,Other,4.197043430309746,95535.9549279962
8.33869115692202,0,Tier 1,UK,300+,3,91.38909422491358,53.59116297223907,Core CS,Finance,5.79032871550029,120000
6.528438080049026,1,Tier 1,Canada,Top 100,0,88.76052013540185,44.32558749963708,Cybersecurity,Tech,4.07242534996704,116259.20771442028
5.734057620781088,1,Tier 1,Germany,Top 100,2,50.01764273364343,76.42698091673373,Cloud,Tech,6.18097693790204,107485.98677162922
7.653469609144785,2,Tier 2,Germany,Top 100,1,54.94132751968692,60.86079489849422,Data Science,Other,5.609634365955018,95857.67585848276
6.651075646794012,0,Tier 2,USA,300+,1,69.86509644673859,73.78919930698012,Core CS,Finance,5.184362030642941,105868.87400264051
6.45309257417089,0,Tier 3,UK,300+,1,59.19690558351433,87.74732768141023,Cybersecurity,Healthcare,4.542494277402882,77904.33382543347
6.781016598266591,0,Tier 1,India,100-300,3,92.00769511698036,82.97565498622963,AI/ML,Manufacturing,6.031857061781643,59097.76125073542
7.11967836601503,0,Tier 2,UK,100-300,2,48.08201471895528,81.72955730803211,Cloud,Consulting,6.465087544390798,91781.41435928844
7.348804620178064,1,Tier 1,Canada,300+,2,69.68694267959977,66.12972428185594,Cloud,Tech,5.2138848417554895,111693.48737234376
7.314107292520775,0,Tier 3,USA,Top 100,2,58.27296410010346,76.33631262991366,Cloud,Consulting,9.37018340875224,87216.188113633
7.040182159332544,1,Tier 3,Germany,100-300,3,54.54809723075741,61.08850352137583,AI/ML,Tech,3.978826124219887,84035.99571916032
7.383606038401287,1,Tier 2,Germany,Top 100,2,59.09629410031623,77.33080439200828,Core CS,Other,6.369844994329884,87316.41140173686
7.58315295565636,4,Tier 1,UK,300+,4,55.197241827282454,63.19720208471057,Cybersecurity,Manufacturing,7.053225904028806,112757.98735802431
6.446119380612965,1,Tier 2,USA,Top 100,0,87.4186386203375,79.26483877025777,Data Science,Tech,4.6834456786925625,120000
6.472768580089084,1,Tier 1,India,100-300,2,69.20032517479217,64.42597416230407,Cloud,Finance,1,59892.47188412183
6.540719459773121,2,Tier 3,India,Top 100,3,87.30824510092478,36.12155868297728,Data Science,Consulting,7.730492083601705,44814.134461200745
7.429131119913075,3,Tier 3,USA,100-300,3,78.40716667261383,78.09962156844651,Cloud,Healthcare,6.625054800042569,86718.72983007942
7.827104843939367,2,Tier 2,Germany,100-300,3,100,56.16770559853241,Core CS,Tech,7.966161839504358,85633.63011999433
7.726369850901639,1,Tier 3,Canada,300+,0,60.51051904211153,76.22155389242887,Cybersecurity,Consulting,5.722164557496768,82270.5281007304
7.260462253429656,1,Tier 3,USA,300+,1,52.0759663808411,41.77898339856661,Data Science,Finance,4.939494672263246,107844.3789656818
8.82066034211811,1,Tier 1,India,300+,1,76.35925900948072,71.47309411465645,AI/ML,Healthcare,3.1679048185262,64111.99450689246
6.57663919215079,2,Tier 1,USA,Top 100,0,54.45066999311166,56.3254817755307,Data Science,Finance,1.682150733233036,120000
7.109881983525629,0,Tier 2,India,300+,0,77.68720270334074,56.52406824518861,Cloud,Finance,6.258787754253013,47815.97516552189
9.334538844048074,0,Tier 3,Canada,100-300,3,96.17082636441928,69.14998431942502,AI/ML,Healthcare,8.90287934991144,94178.03764217685
6.852683347453438,0,Tier 1,Germany,300+,1,46.85744423905256,82.67549518117765,Core CS,Manufacturing,3.4079862522028788,106654.73734612604
6.095857016412253,2,Tier 3,USA,100-300,0,81.00733163140019,48.06385247115031,Cybersecurity,Tech,3.8892660749982007,94672.17620054258
5.98113156112272,1,Tier 3,Canada,100-300,3,61.23973694425099,42.08907750955104,Data Science,Tech,4.167345776992953,93463.63733016084
8.44114407941319,1,Tier 2,Germany,300+,4,72.52046802320132,64.69545890692845,Data Science,Other,5.659833131765807,109811.283030676
5.958729613757335,1,Tier 1,Canada,100-300,4,86.61748576844629,50.084403017770114,AI/ML,Consulting,6.584716251555021,111064.27327890215
5.5175852136819445,1,Tier 1,Canada,300+,4,87.6232628965204,71.98821346799691,Cybersecurity,Healthcare,4.275576675854467,89469.6165884206
7.174927445405838,1,Tier 2,Germany,100-300,5,77.19671632699622,72.58725938599487,AI/ML,Consulting,5.8969584853722266,103303.33750169462
6.642943587812524,1,Tier 3,India,Top 100,1,49.71245529751249,72.78587482438618,Cloud,Consulting,5.236572162263707,42805.09303565641
7.294008328432482,1,Tier 1,India,300+,2,74.33185024617373,68.2790125561871,Cybersecurity,Consulting,5.329567537551306,55166.18449565733
7.832344714115871,2,Tier 2,India,100-300,3,64.0337762998482,66.72625044649446,Cloud,Tech,6.5052159899414566,55755.44377700053
7.171047035152851,0,Tier 3,Canada,300+,1,72.12362373195124,91.79515454790209,AI/ML,Healthcare,7.194784332053204,80275.899400592
6.265619116311411,1,Tier 3,Germany,Top 100,2,90.61312293870957,52.563397109243546,AI/ML,Healthcare,4.859299720153895,76452.90780712315
8.38493570541384,0,Tier 3,India,100-300,1,57.63525606647645,63.91427622344199,Cybersecurity,Other,4.39363117961551,37319.737840924456
6.491672095817011,2,Tier 1,USA,Top 100,3,65.90694296234102,99.17105329207492,Cloud,Other,6.805411893262477,120000
7.444817677473832,0,Tier 2,Canada,100-300,1,77.57246356599312,31.534118305017117,AI/ML,Finance,3.3048921628549417,120000
6.6570763784667735,0,Tier 1,UK,300+,1,66.0195585037108,45.626393511726256,Cloud,Consulting,3.704738653175852,102382.9857460394
7.823552444741632,2,Tier 1,Canada,300+,2,51.89269633776277,79.24832770954903,Cybersecurity,Other,6.509541926351764,108849.93422193738
7.740537767602177,1,Tier 1,UK,300+,3,43.710467964608895,65.51214624279686,Cybersecurity,Consulting,5.270573184430724,111159.75710301382
7.119564871730647,3,Tier 2,UK,100-300,1,49.574255176018255,75.83508650910417,Cloud,Consulting,7.54324955112695,95671.66736663216
8.905370825386036,0,Tier 2,USA,300+,1,77.83410433271538,80.77790918505943,Cloud,Consulting,5.0164216381295414,113445.29685304206
7.927871973110675,2,Tier 3,UK,Top 100,2,80.92398852358171,58.43773324110827,AI/ML,Manufacturing,4.608396105084239,95197.96984471164
6.137189806908323,0,Tier 1,Germany,Top 100,1,89.64140378723799,72.46914480650214,Cloud,Manufacturing,3.182262009931296,94337.2114178858
6.8597643760767895,2,Tier 3,USA,300+,2,64.96725180926313,82.14581495899644,Cloud,Tech,8.673271726982673,93183.5298481321
7.288314716014464,2,Tier 3,Canada,300+,4,70.70715359485325,67.23558239861892,Core CS,Finance,4.48125836594858,76767.24412450354
7.403430282707418,1,Tier 3,Germany,300+,3,66.21493890659924,46.034588203746,Cybersecurity,Manufacturing,5.513091438413147,77860.74687484164
7.232771784109954,0,Tier 2,UK,Top 100,1,62.6310360246242,48.74806921444156,Cloud,Manufacturing,5.666671554515067,94632.237472771
6.594393072583955,1,Tier 1,UK,300+,3,100,68.68138974433238,Cloud,Consulting,5.981929211572998,105980.57298762738
6.588879498680925,2,Tier 2,USA,300+,2,84.96283705592509,50.86208799947363,Data Science,Consulting,4.484477571783819,120000
8.427820031348077,2,Tier 1,Germany,Top 100,0,73.86204604963027,52.70843224192552,Core CS,Other,7.649155271972993,112820.5442875447
7.010760291695434,0,Tier 3,Canada,100-300,1,45.21226332769126,89.10113792885672,Core CS,Manufacturing,3.677233421128712,61861.28128166883
6.820117555364119,0,Tier 2,India,100-300,0,64.33644452747079,85.1494144964019,Cloud,Consulting,4.623842505075181,37882.57268508077
9.348526321862224,1,Tier 3,India,100-300,2,86.38676169991952,74.65606853108031,Cybersecurity,Consulting,6.634970639763884,44376.13017329822
7.332669469028849,0,Tier 2,India,Top 100,1,57.889475541077736,69.06529095000505,Core CS,Tech,5.405302683441252,52312.82896680955
7.480170372595422,0,Tier 2,UK,Top 100,3,74.16932635897629,60.72790828206588,Data Science,Manufacturing,2.8162667763487512,110973.88739628672
7.766345644172548,0,Tier 3,Canada,100-300,2,60.57122826489763,57.22374330981379,Cloud,Manufacturing,8.5290645859275,86375.8429996967
8.44608680621541,0,Tier 3,Canada,Top 100,1,73.19785440841702,59.697034406886274,Cybersecurity,Healthcare,4.22716459444525,83122.59160419737
6.155175360026666,0,Tier 2,UK,300+,1,76.74300597635411,62.965419738638765,AI/ML,Healthcare,3.2845880588166647,100541.01359559916
7.246265898011108,0,Tier 3,India,100-300,2,80.34802839816513,45.32088588526163,Core CS,Consulting,3.5486571212548665,41324.58313954559
8.654580833204658,0,Tier 2,Canada,100-300,1,83.60220889830536,53.82624522079166,Data Science,Consulting,6.835994726695705,108985.2033790926
5.881755617260563,4,Tier 1,Canada,Top 100,2,92.17777961046902,56.6271044633422,Cybersecurity,Healthcare,7.520589347313322,104045.38875198957
7.962061204180182,1,Tier 1,Canada,100-300,2,67.93533209148528,64.29984234852121,Cloud,Manufacturing,5.397426426522755,106530.04142638344
7.143931495637133,1,Tier 3,Canada,100-300,4,69.65223191378858,74.16977916042354,Data Science,Finance,5.892022762464742,88315.72225787031
7.670264428183584,4,Tier 1,Canada,100-300,2,53.04718064455709,32.506713841014815,Cybersecurity,Other,6.662601583582529,106885.6800023068
6.326053895898939,0,Tier 3,India,300+,2,39.36235441809856,97.93145113558862,AI/ML,Manufacturing,6.219232514430253,34312.1563985171
7.600698223521066,2,Tier 2,Germany,Top 100,1,84.61710652635294,98.88414000821078,Cloud,Consulting,4.498982699285067,89828.69166829863
7.777645572591777,0,Tier 1,Canada,Top 100,2,91.49506609966994,61.02546231786205,Cybersecurity,Healthcare,3.416297965011103,112612.4988916659
6.520142381344121,0,Tier 1,USA,100-300,1,57.69640785223045,64.81665197657874,Core CS,Healthcare,3.3200968994086977,120000
7.655498614511525,0,Tier 2,India,300+,2,37.976604861938306,55.25721376334051,Cloud,Consulting,8.935447103072196,46454.04400155269
6.227373893708832,0,Tier 1,Germany,Top 100,2,77.23608385282728,81.52806099354186,Core CS,Other,7.663803148086071,92267.94177313324
6.569141061362701,0,Tier 2,USA,300+,1,79.56579681050977,72.77422757584722,Cloud,Finance,6.116379791359886,93490.05021505164
6.626592950438847,0,Tier 1,India,100-300,3,72.05714413468709,61.48187221806647,Data Science,Healthcare,7.400458805990972,48362.62635355436
6.092935714554916,0,Tier 1,UK,100-300,1,54.75535152584439,65.67650881974183,AI/ML,Consulting,7.151110856133314,118212.16523961251
6.40904200133635,1,Tier 3,UK,100-300,1,75.82091563059451,48.974402939556086,Cloud,Consulting,4.132789071859422,75482.54690807269
8.618072184455585,0,Tier 2,UK,100-300,0,78.95874567862838,53.31822852721017,Cybersecurity,Other,4.561997281744378,102409.95599369488
6.376784462784012,1,Tier 2,India,100-300,0,86.36194620165989,68.29412290295726,Cybersecurity,Manufacturing,7.018598793484416,50191.29955433077
7.217937117322888,0,Tier 3,Germany,100-300,2,55.13090999042255,71.97652166325115,AI/ML,Healthcare,5.85347673813414,82991.12599452131
7.952868683818782,1,Tier 2,Canada,300+,1,80.59021466926627,91.7384002552375,Data Science,Manufacturing,5.650059940957539,102626.35939145404
7.873685427185941,2,Tier 3,India,100-300,3,70.99326913265192,56.770763870621664,AI/ML,Other,3.565989152228965,42765.65439355482
6.561675756634452,2,Tier 3,Canada,100-300,4,79.60210902391644,78.20276055121205,Data Science,Finance,4.416728135748887,91768.78188998884
7.579309247451598,2,Tier 3,India,100-300,3,86.56601560070821,55.510307876096384,Cloud,Finance,4.805803200360415,52333.36635440388
8.032606739297943,0,Tier 3,Canada,100-300,1,61.554354490084194,80.0755740563378,Data Science,Other,5.615505110702647,89770.90701623104
9.070327178824549,0,Tier 1,UK,Top 100,1,69.85485269645183,61.822560469356475,AI/ML,Manufacturing,5.270969544770318,120000
7.559135748064631,0,Tier 2,UK,100-300,1,89.87658329669756,52.356008227843944,Data Science,Other,3.454542181938669,103675.6725554615
7.626686968419225,2,Tier 3,Canada,100-300,0,64.3904163096013,80.08186738353857,Data Science,Manufacturing,4.50778685235833,78369.49642694872
6.379300141466813,0,Tier 2,Germany,300+,1,74.35004280175735,70.18058233699837,Core CS,Finance,5.6983801420102385,90177.30361145732
7.063171236534467,1,Tier 2,Canada,100-300,4,84.64906489996932,77.46811096922477,Cybersecurity,Consulting,5.185014371822067,81094.89767272738
6.487134986769315,3,Tier 1,USA,Top 100,1,75.51854541284807,49.64151422392824,Cybersecurity,Tech,5.251653729106884,120000
7.821515694606331,0,Tier 3,USA,300+,2,80.58938009552543,70.11051581092221,Data Science,Finance,4.01825619169298,118028.6527348394
8.295030111728694,0,Tier 2,India,100-300,1,63.73095652317791,75.15781288839378,Core CS,Tech,3.2555911559015094,62845.135698000915
6.026482631727866,1,Tier 3,UK,100-300,0,54.21386303908919,73.13837189165449,Cybersecurity,Consulting,4.542274358580589,70298.21324577864
8.090701210830671,3,Tier 1,Germany,100-300,1,90.06409741190477,59.987418883594664,Cybersecurity,Tech,3.864081219641389,115203.27667868418
6.515875011515202,1,Tier 3,UK,Top 100,2,54.148986214955585,76.64604012798517,Cybersecurity,Other,2.6043917793497604,77412.07929072928
7.728334799748456,3,Tier 2,Germany,100-300,3,62.39251761497023,69.87827755291339,Data Science,Consulting,6.7340090539345185,96149.61732674822
8.258987373244086,0,Tier 1,USA,100-300,1,79.4260664585118,54.64838497980534,Cybersecurity,Other,2.0033413081807514,120000
7.36535040858432,0,Tier 3,USA,300+,2,54.08915146386658,87.49497755376072,Core CS,Tech,5.816052513287586,101565.24558783932
6.265430266792166,1,Tier 2,UK,Top 100,0,69.84837301610098,72.11046695481056,Cloud,Finance,5.734026614405429,107738.2813813954
8.058195573508108,0,Tier 3,USA,300+,1,33.64193346794968,66.25689507276114,Data Science,Other,3.68989737931612,110500.45270139108
7.0636588279537325,0,Tier 3,USA,Top 100,2,84.94246002707503,62.13427629874259,Cybersecurity,Other,5.5064645609061635,97793.40476200238
7.607059532930887,1,Tier 3,Canada,300+,0,57.69100216255721,94.5483910400424,Data Science,Manufacturing,5.260734873687386,91182.62792804513
7.223039849908369,1,Tier 2,India,100-300,3,64.24235695394509,61.84612620207648,Core CS,Tech,5.000128592674507,40501.31650443498
7.686319060233075,0,Tier 3,India,Top 100,2,74.08276911927784,61.562197054834805,Cybersecurity,Healthcare,7.641989512258889,41394.9255135295
7.442855624854235,2,Tier 2,Canada,300+,2,84.61193087477832,82.4804705412129,Data Science,Consulting,7.713204373423389,93968.44360999056
6.794159999505768,1,Tier 1,UK,100-300,2,53.38243354930246,62.60424840072591,Data Science,Manufacturing,7.565657875008574,118711.7090809176
7.865689850394513,0,Tier 1,UK,100-300,3,54.06836182053471,73.25558721436673,Cloud,Other,4.154492259082565,113979.73487320713
6.392823440877324,2,Tier 3,Canada,300+,3,66.024340460909,80.48242148700183,Cybersecurity,Tech,4.792578196833172,82211.20951466594
6.7820719867170505,0,Tier 3,USA,100-300,2,62.949393855582265,59.01363248444021,Data Science,Manufacturing,4.404209659766988,98630.11349919988
7.986979422668955,0,Tier 1,India,100-300,0,69.36344329146806,60.89817931128444,Core CS,Consulting,2.797433000538688,54952.6852526703
6.355923855175593,1,Tier 3,Germany,100-300,2,65.99137249971373,64.00208397217129,Cloud,Tech,4.84408376094441,72791.95832336883
7.1507806088144825,2,Tier 3,UK,300+,1,79.68015570733272,56.751564170131445,AI/ML,Finance,7.883742425878363,89224.43691231821
6.79175276698285,0,Tier 2,UK,300+,3,66.96321328674016,59.61320118919599,Data Science,Healthcare,4.822878274222077,94254.69967295676
6.82356941667477,2,Tier 3,USA,100-300,2,70.50228462707409,59.79498334253047,Data Science,Finance,4.397644766836282,111529.49737942008
6.84503569615603,1,Tier 1,Germany,Top 100,0,63.18722668966748,58.89263776259704,Core CS,Tech,4.654273084162018,112521.70423513529
7.867358595234834,2,Tier 3,UK,100-300,1,77.9252099564521,74.72940766356712,Cloud,Consulting,8.436592913202583,75349.56653949326
7.168242432177596,1,Tier 1,UK,Top 100,2,73.9605970194087,65.1616469981259,AI/ML,Finance,5.741136385026514,120000
6.992654117291889,3,Tier 3,USA,Top 100,3,53.746827489917635,53.824513692708905,Cloud,Consulting,5.7614424135410625,86720.3647913421
7.174241871798981,3,Tier 3,India,Top 100,2,72.987223017682,97.66489337997145,AI/ML,Healthcare,2.978810971964144,49154.950350077845
6.568991330123123,0,Tier 3,India,100-300,1,70.40097246308716,55.91183342167581,Cloud,Consulting,6.983521618348414,36965.78810518157
7.2049364845554225,0,Tier 3,Germany,100-300,2,78.77578823482129,58.661106448496696,Cybersecurity,Tech,6.114731526737028,69666.77561697197
7.9546488047417006,1,Tier 2,India,100-300,1,76.59703313891325,66.81789945985777,Core CS,Finance,5.636047071449,54133.296812478286
6.601630522545726,0,Tier 3,Germany,100-300,1,53.33109289528531,55.533282128372285,Data Science,Manufacturing,3.0763847781349036,70344.79171087121
6.58997271148276,1,Tier 1,Germany,Top 100,2,63.03991037776826,92.3828838885432,AI/ML,Finance,6.664719880726183,120000
7.616641775990377,0,Tier 3,India,100-300,3,54.85444832470427,51.22017840743725,Data Science,Manufacturing,5.133201952594658,37746.33715910086
7.342251516122323,0,Tier 3,USA,Top 100,2,49.36909178711271,98.98634216298852,Cybersecurity,Manufacturing,3.862029309119917,97437.35801998674
6.550929602846235,0,Tier 1,Canada,100-300,1,65.75444591330333,69.69482557378123,Cybersecurity,Healthcare,5.031676592419555,97599.12527329812
6.736408559825611,0,Tier 1,USA,300+,1,74.98518105968319,70.47123844949368,AI/ML,Finance,6.693588562411836,120000
8.339887738331251,0,Tier 1,Canada,300+,0,73.80246520484795,64.13484572646952,Core CS,Healthcare,6.465532031392751,114010.8408861252
6.7801581561978495,2,Tier 2,Germany,Top 100,0,73.57052244183744,99.85165131161752,Cybersecurity,Finance,3.7437534793497176,84956.50154133904
7.027223669077345,0,Tier 3,UK,Top 100,1,100,54.13113696009118,Cybersecurity,Manufacturing,7.913065924500838,74064.4934791655
7.491016684631927,0,Tier 2,UK,Top 100,1,68.40545280325792,50.731856748591866,Core CS,Healthcare,6.585642892498431,92657.5332919082
7.300364686101802,2,Tier 2,Canada,100-300,1,57.62046498258894,82.80782320308231,Core CS,Healthcare,8.141353353499662,84630.16372113941
7.929807678004534,0,Tier 2,Germany,100-300,1,47.502450132762164,90.9695397205478,Core CS,Other,5.2752750148918155,95219.55037189364
6.276041733649547,1,Tier 3,Canada,300+,5,56.66593771935787,66.8756361388167,Cloud,Other,5.256069700746864,67763.43462033886
7.049506682309708,2,Tier 1,Germany,100-300,1,73.70915909207304,74.97248259963757,Core CS,Manufacturing,4.852929497965345,98337.73217468968
6.847807324469428,1,Tier 3,India,Top 100,1,90.33516165792958,84.23804597504015,Core CS,Tech,5.748373703283249,37257.24935431442
8.090583180105801,0,Tier 2,UK,Top 100,1,100,100,AI/ML,Manufacturing,4.915359457859051,115206.58774010494
6.757099141681599,0,Tier 2,India,300+,1,78.72567357410051,58.06248668262413,Cloud,Tech,5.349632913185598,46708.48100514641
6.608891104765047,1,Tier 3,India,100-300,3,58.481794269438986,79.0315357706986,AI/ML,Tech,5.542642756897951,42460.92408384213
8.271152262755265,2,Tier 1,Germany,Top 100,0,64.51205852909946,49.937771662606885,Core CS,Consulting,7.61019126155479,113673.92816007444
6.099530308774424,3,Tier 1,USA,300+,2,65.54384274713125,64.48592019712947,Data Science,Tech,6.727579132296197,120000
6.945702894640415,1,Tier 2,India,300+,1,73.91500515132483,71.12823325340399,Cybersecurity,Healthcare,4.052175519621293,37617.35968293446
7.345305303710078,1,Tier 2,Canada,300+,3,61.12154001309625,49.14616220173036,Core CS,Consulting,7.504961448473284,81524.30570619227
7.591740374494267,2,Tier 1,USA,100-300,1,92.8644433849691,39.428656186906885,AI/ML,Tech,7.005383770542503,120000
9.057596253995976,0,Tier 2,UK,300+,3,47.90602822101889,57.18626929580804,Cloud,Consulting,3.0739016753997013,107358.60592040568
7.486988471299534,1,Tier 3,UK,Top 100,3,56.043263940315114,66.25128800701091,Data Science,Tech,7.408270663182209,109496.47070276456
6.504182297396898,1,Tier 1,Germany,Top 100,1,77.1173676361606,66.96106085779994,Cybersecurity,Healthcare,5.239909181733555,93545.67206387671
6.272984263353621,1,Tier 3,Germany,300+,3,94.19520498106932,75.81138544006548,Core CS,Finance,3.905407775349392,62903.04071421675
8.347619867682761,0,Tier 2,Germany,Top 100,0,50.51851294763519,62.091039820436606,AI/ML,Consulting,5.4122965097756195,98054.03628010277
7.0185567828458995,2,Tier 3,USA,100-300,3,54.478227063185,51.99605740077546,Data Science,Manufacturing,4.444991497080172,100620.36656930216
8.0808126019896,0,Tier 3,Germany,300+,1,49.29486134954128,47.28791242226187,AI/ML,Consulting,2.4349268630400664,78786.50443687628
5.789976827760899,1,Tier 3,Canada,Top 100,2,76.64286204484077,69.84533054938385,Cloud,Consulting,3.09120649583155,71243.59539864254
7.129358821363803,0,Tier 2,USA,Top 100,1,59.56742634251251,39.00195613327713,Cloud,Consulting,6.24099224802787,108276.78219416176
7.0822868623458675,2,Tier 1,Canada,Top 100,1,49.08378295428052,91.76321646370054,AI/ML,Consulting,5.136656596597684,120000
5.871154535147134,1,Tier 2,Canada,Top 100,2,77.8287790353317,44.42838610639416,Core CS,Finance,2.992642795547826,92162.14313053145
5.485790257927959,2,Tier 1,UK,100-300,2,41.877330940579725,76.29202678527439,Cybersecurity,Finance,3.475909873039822,103458.26476296208
7.249192687038232,1,Tier 1,Canada,300+,1,87.03430330161012,61.90169578350608,Cybersecurity,Finance,5.4569626953259585,103968.2762005734
6.682141397958911,0,Tier 3,USA,100-300,1,98.05908557037544,95.72553568023324,Cybersecurity,Finance,5.184390184045783,101988.59744236218
7.427491918909107,1,Tier 2,USA,300+,2,71.77711334134673,97.31255083805851,Cloud,Other,5.8435918912237534,107299.62477283602
7.0728748850047305,0,Tier 3,Canada,100-300,3,63.904057807322125,67.08912977875421,Data Science,Healthcare,5.558475201492661,82191.47049306627
7.005018524947535,2,Tier 3,Germany,100-300,2,52.251210346648655,42.91539178667533,AI/ML,Healthcare,5.250955703907074,80884.44601616218
7.920213916718637,0,Tier 2,India,100-300,1,75.64524168307037,79.52564325411868,AI/ML,Consulting,3.40332443306559,46232.6078778559
6.835772784402999,1,Tier 2,Canada,Top 100,2,87.99044295830979,63.52459321554162,Core CS,Manufacturing,5.553206164370446,87697.37410491286
7.894839955404261,1,Tier 2,UK,300+,4,77.62760458899567,55.74886697032668,Data Science,Healthcare,5.1066327896042,112030.98879326724
6.578774650323165,0,Tier 1,India,100-300,1,47.32120997412849,70.40525716434513,AI/ML,Healthcare,4.849873537763509,65445.4352511145
6.581139209274734,0,Tier 2,USA,Top 100,0,70.25958287819154,58.12976789644928,Core CS,Other,3.881950511607312,111823.0807247506
6.6940380818645675,2,Tier 3,Canada,100-300,2,60.13713263106366,74.8493793622767,Cybersecurity,Finance,1.669711865875662,63873.63695792135
7.02712217894587,1,Tier 1,India,100-300,3,74.68174545263555,66.28398960795944,AI/ML,Other,4.305511122200726,61989.51944205145
7.740780080571693,1,Tier 1,India,300+,3,89.97039601465978,82.81120364903803,Cybersecurity,Finance,6.26716317907633,53732.14403883088
6.927139311717578,1,Tier 2,USA,100-300,4,97.31995860587372,72.56932775818916,Core CS,Finance,5.093981182067622,115075.27227190984
6.857923204193009,1,Tier 1,Canada,100-300,3,79.80473844981262,53.11672650587387,Cybersecurity,Other,5.629852898012368,104552.45029630329
7.524713710230066,1,Tier 1,Germany,Top 100,3,62.022833891341755,71.89285418661811,Cloud,Manufacturing,5.525997581319389,111214.0938696763
6.3830397603605675,0,Tier 2,Germany,Top 100,1,74.00059348556141,80.85828333651187,AI/ML,Manufacturing,6.7872735190782425,95688.33042063312
7.085645962393837,2,Tier 3,Canada,300+,2,57.305104774383594,63.15798597627376,Cybersecurity,Healthcare,5.156556654163686,71144.62631378797
6.509613382983448,0,Tier 1,USA,100-300,1,97.72408914958032,54.474476696791626,AI/ML,Finance,8.696734446573965,120000
6.954367066517647,3,Tier 3,USA,100-300,3,73.62141073010051,66.47679376578796,AI/ML,Consulting,5.091039355143283,108931.24813830935
7.947189954557512,1,Tier 3,Germany,100-300,3,63.52336444844217,90.20814908008182,Data Science,Manufacturing,7.881615593010819,89133.21342083935
7.273460171163973,1,Tier 2,India,100-300,1,53.10504432436235,48.29180945457613,Data Science,Healthcare,5.298664444572436,45184.5061970206
6.567194507373681,2,Tier 2,India,Top 100,1,63.754086408364365,60.692435207879754,Cybersecurity,Consulting,4.6027319660228185,44499.451583286325
7.604532670995452,3,Tier 1,UK,300+,2,69.52640434748969,38.73033933976885,Core CS,Finance,7.777278251764343,120000
8.414535434447828,1,Tier 3,USA,300+,0,52.00042612516168,70.01487062972804,Cloud,Healthcare,4.022603225323867,92603.79041624969
7.25597215291613,1,Tier 1,India,300+,1,100,62.646981664515586,Data Science,Other,6.4989542605957835,58416.02738923088
8.363673674637901,0,Tier 2,USA,300+,0,73.15348092213148,66.83090742184767,AI/ML,Tech,5.128377693197221,120000
6.113510033392904,0,Tier 2,USA,300+,3,84.44168353636317,68.74580095136713,Data Science,Manufacturing,5.770367819773426,111027.2569651506
7.780832575484757,0,Tier 3,Canada,100-300,0,74.26801328187214,54.01113233087955,AI/ML,Tech,7.258542800160345,96690.69376766762
8.119589141577874,2,Tier 3,India,100-300,1,71.7899861637456,72.99332704071043,Data Science,Finance,2.9958375825087216,49486.49050623399
6.777989104911813,1,Tier 2,Canada,300+,2,75.6091936278166,70.8155748131248,Cloud,Consulting,2.4492813427557474,82004.87868042005
6.170952602100984,1,Tier 1,India,100-300,0,64.14724969029433,85.43613547903561,Data Science,Finance,3.7468530668823554,63767.14821136824
6.970728020525655,0,Tier 3,UK,100-300,0,92.91485764718097,42.834699584002,Cybersecurity,Finance,4.58791854269981,76996.72265202721
7.527719998465896,2,Tier 1,Germany,Top 100,3,88.03083398441453,59.416029172105304,Cloud,Other,5.459863870442349,104768.58737379708
7.872146776816358,0,Tier 1,Germany,300+,3,72.6884558613257,63.43662588335402,Data Science,Tech,6.700885069613481,120000
7.234830023974912,0,Tier 2,Germany,100-300,2,77.90132539731111,81.43319972922825,AI/ML,Healthcare,7.089882053005274,101800.2520490086
7.199534150148033,0,Tier 2,Germany,100-300,4,86.92959443379212,45.82389323392206,Core CS,Tech,6.633704595276649,94532.6412009624
7.099801679731147,2,Tier 3,Germany,300+,2,85.65814289533864,91.35428007176928,Cloud,Other,4.229404680175999,62311.257698185524
8.212355846681799,1,Tier 2,India,300+,1,80.3595589381803,55.54819742769769,Cloud,Other,7.282110004887652,43342.92490565422
6.7013052599975325,1,Tier 1,India,100-300,2,51.12986667020393,53.20933283271108,AI/ML,Finance,3.0413491504961527,71273.44160151188
8.309391969464512,1,Tier 2,UK,100-300,2,60.44867480638933,66.65658513069988,Core CS,Manufacturing,6.450892954837302,98437.2946051338
6.984164524383433,3,Tier 2,Canada,300+,0,79.30581611894526,71.46309392547487,AI/ML,Manufacturing,7.359805286117208,95437.36279521749
7.879186685953572,0,Tier 3,Canada,100-300,1,66.24454825038423,69.1741816438938,AI/ML,Consulting,5.968834165026302,97549.81350672062
8.567869803795741,0,Tier 2,Canada,100-300,0,92.65905595204391,72.20432950145178,Core CS,Healthcare,3.7658521554078024,103355.23686153516
7.360490439545111,2,Tier 2,Canada,Top 100,1,81.93111102222879,53.29913770338434,Cloud,Tech,4.727626446674604,108772.9135122708
7.06621832302834,1,Tier 3,UK,300+,3,62.5755188676489,37.11575191618161,Cloud,Healthcare,6.41054456255519,73766.52424379351
7.029426266539388,1,Tier 3,USA,Top 100,0,54.17206943779776,45.93640593510598,AI/ML,Healthcare,9.415827328708998,104460.12762859576
7.596120691427854,1,Tier 2,Germany,300+,0,55.83376274998464,88.87922110146698,Cloud,Manufacturing,6.944985388851559,84079.34832111209
7.107333132796675,1,Tier 2,Germany,300+,2,79.62933928892791,40.21902754635419,Core CS,Healthcare,5.056854092883502,81206.5761006579
6.6924344968183265,1,Tier 2,Germany,100-300,1,93.08317693148707,65.45366290009892,AI/ML,Other,4.190561582490691,97919.3146320119
7.817298387258431,0,Tier 1,UK,300+,1,94.9846144594497,62.855007908593066,Data Science,Other,6.5711157497132,120000
6.6969921307175255,0,Tier 1,Germany,300+,0,62.441078118340585,55.966727445139455,Cloud,Finance,7.171902010841227,87248.34008351275
7.34468993521203,0,Tier 2,USA,Top 100,4,67.38561983793878,68.87021933119416,Data Science,Consulting,4.275540927786633,120000
5.979453872003415,1,Tier 2,Germany,300+,1,70.746195722766,61.797737937443515,Data Science,Consulting,5.823042781405621,85839.23380051633
6.897162965398435,1,Tier 2,USA,300+,0,56.188030688414145,73.11747282255556,Core CS,Healthcare,4.598218146399545,95625.7021659441
5.244494024143981,1,Tier 3,India,300+,1,66.13562414893973,73.96402451568602,Core CS,Tech,5.428409002244942,37245.643860077354
8.279576752091032,0,Tier 2,UK,100-300,0,62.63336392767789,60.579695726748746,Cybersecurity,Consulting,4.49684459133331,93477.92684441748
7.5625140337760035,1,Tier 2,UK,Top 100,1,61.71219843471652,87.70073076700612,AI/ML,Manufacturing,6.5543379271532665,120000
7.42656585431945,0,Tier 3,India,300+,1,64.10400932694326,80.86450048193937,Cloud,Finance,5.875678754449528,38776.03398340285
7.1323229282397635,2,Tier 3,Canada,300+,3,84.38524105233441,76.82234024164569,AI/ML,Healthcare,4.701050231139139,82078.24149890858
7.673424619827211,1,Tier 2,India,300+,1,76.99489434302836,53.21098011143443,Cloud,Tech,4.594280720285746,55280.06623327189
6.159023976173998,0,Tier 2,USA,100-300,3,76.13480210855387,54.36640595990171,Core CS,Other,5.928684047520534,104065.2470065043
6.818315193775259,3,Tier 2,Canada,Top 100,0,52.38114574048424,60.61055075926863,Core CS,Finance,5.621836093708493,96154.1641907897
6.886593956777969,0,Tier 2,Germany,Top 100,2,33.75108081712911,79.07334197856065,Core CS,Finance,2.7834581847667805,89968.68842064046
7.108450733131767,2,Tier 2,Germany,100-300,1,96.19706540080406,66.92204529116815,Core CS,Consulting,4.940461819371313,84265.17261525111
7.582814914811629,0,Tier 3,Germany,Top 100,0,67.77800963116027,57.22909739884983,Data Science,Consulting,5.540467017012013,82144.17220591586
7.510084649784967,0,Tier 2,Canada,300+,2,56.9935748177226,63.25718309740769,AI/ML,Manufacturing,4.220662789036719,106505.44061110764
7.207015844195137,0,Tier 1,Germany,300+,1,58.00942839843766,64.5265045594359,AI/ML,Manufacturing,5.230338157182365,115715.336205542
6.403246298819519,1,Tier 3,Canada,100-300,0,40.26467111582094,69.33479609692111,AI/ML,Tech,6.519617792698787,98722.18276269316
6.470766845987766,0,Tier 2,India,300+,2,94.993854906892,73.42621117757716,AI/ML,Consulting,3.08152373673687,52605.87243287257
7.010434699501562,2,Tier 2,USA,100-300,2,84.05253557613557,49.90501101482246,Core CS,Healthcare,4.9215354556636015,108761.1813779856
6.911995601039159,0,Tier 2,UK,Top 100,2,52.64365071036899,85.4651796743401,AI/ML,Manufacturing,2.6108869039110276,111251.06131804475
8.033648267461219,0,Tier 1,Canada,100-300,2,72.84287818729221,52.43798251729771,Core CS,Other,4.575436925557635,107610.99947300596
6.400662618717407,0,Tier 2,Canada,300+,0,57.86776053011532,100,AI/ML,Consulting,5.0192021200316725,101443.91579908814
8.052406632752083,0,Tier 1,USA,300+,2,80.80293394677747,72.63982778351604,Data Science,Tech,4.978111439140592,120000
7.1683970391372025,2,Tier 3,Canada,300+,0,90.22137039928104,69.4502184970057,Data Science,Finance,5.8045879604347475,75442.96539786519
6.871664494419722,1,Tier 2,UK,300+,0,92.39744505688462,79.09249240502118,AI/ML,Tech,7.870862526555695,105819.03480334968
9.000720398347426,0,Tier 3,Canada,100-300,3,88.26972573375653,56.25021013409528,Core CS,Tech,5.524705206248163,88265.11186374388
6.155488408161123,1,Tier 3,India,Top 100,1,42.52774110366421,80.91767485245512,Core CS,Healthcare,6.8503821799856865,29780.511818748313
8.351351146921344,0,Tier 3,UK,100-300,2,83.50491731837309,93.72966972750288,Core CS,Consulting,4.792049985416103,76733.70304163764
8.335938225123712,2,Tier 1,USA,300+,2,68.45888906096658,81.97827406569826,Core CS,Finance,3.597334158567511,120000
7.979159002516804,0,Tier 1,Canada,300+,4,61.50379134153716,55.31494688545861,AI/ML,Consulting,6.218492059144383,120000
6.7078072180081225,1,Tier 2,UK,Top 100,2,88.54067821441289,79.55550925467516,Cybersecurity,Manufacturing,4.648368343249017,97531.11199653232
8.628698828145435,1,Tier 3,USA,300+,2,76.47364437774783,68.59990664583849,Core CS,Finance,7.310591980698634,102484.36625668222
8.062445511189575,1,Tier 3,UK,100-300,1,61.292259911391206,73.79322164971755,Cloud,Healthcare,7.160309860441462,83590.8753743322
6.221788386591999,1,Tier 2,Germany,300+,5,69.11937981845793,67.42958560220274,Cloud,Tech,6.970780877222374,90112.05169218892
7.32529762737814,1,Tier 3,India,300+,1,82.46452341477877,46.91238380496225,AI/ML,Consulting,7.29522517547268,44941.08055531102
7.510941711904241,1,Tier 1,India,300+,1,71.94182902446389,80.7264399266711,Cybersecurity,Manufacturing,1.6516874467386138,57544.178426802995
7.8390913135002895,1,Tier 3,India,Top 100,0,72.59687879296094,70.40713018243338,Data Science,Other,7.895236566467573,55598.17793768113
6.9766268753168115,1,Tier 3,Germany,100-300,4,61.02194357247776,65.32024867089217,AI/ML,Manufacturing,6.342413505933657,78443.68292921975
7.620092097271269,0,Tier 2,Germany,100-300,3,91.26720823755107,42.17808188587895,Cybersecurity,Tech,5.968650032249789,108028.87206199409
6.978991365384118,1,Tier 2,Germany,100-300,4,80.32681387089904,49.99881846784042,AI/ML,Healthcare,4.7645413423627145,95534.10070590871
7.025193249809597,1,Tier 2,India,300+,2,83.61540179711456,47.737958640061166,AI/ML,Finance,4.181184623122759,51883.41797236568
7.55205894106929,0,Tier 1,USA,300+,1,61.04856430870733,69.34504749572963,Core CS,Other,4.511150118056321,120000
7.2184947474349155,0,Tier 2,India,300+,4,41.113485079075694,69.39304428334304,Data Science,Finance,6.481294359452136,52836.32102532773
6.201430193190876,2,Tier 1,UK,Top 100,1,41.354500712425335,70.38632669915552,Cloud,Healthcare,7.61939836347366,97264.0677915979
6.997771111466479,1,Tier 3,Canada,300+,4,76.72663825426507,81.56881269757267,Core CS,Other,6.418043625411878,65882.4968301287
6.724748834636618,0,Tier 2,USA,100-300,2,72.08062316173951,55.91890995604001,Cybersecurity,Finance,2.9248663255910734,108448.87490870406
6.2160595401742045,1,Tier 2,India,100-300,0,42.36148856207002,50.77855268939175,Cloud,Finance,5.308850757992667,44297.32627179439
5.921458363658008,1,Tier 3,Germany,100-300,0,71.18779489991721,100,Cybersecurity,Tech,4.690170861313539,62575.8291202398
8.520214739448772,0,Tier 1,Germany,300+,1,40.77921057234707,61.658020055765085,Cybersecurity,Other,6.148870182363375,102325.98924369708
7.818445244201792,0,Tier 2,Germany,100-300,2,63.704102147697625,85.1366810567011,Data Science,Consulting,6.147853923152785,99020.37721778956
7.312902301546181,1,Tier 1,India,Top 100,2,88.3420130909679,98.14660147746122,Cloud,Healthcare,3.405960670827924,54131.16995326549
7.9340078583891565,1,Tier 1,India,100-300,2,70.29850149944724,85.01427752908673,Cybersecurity,Healthcare,5.07321360338864,55787.44451223266
7.94891637923384,3,Tier 3,USA,Top 100,2,76.38710847321006,65.13063500438959,Data Science,Consulting,6.444764732090782,115470.23993273651
8.23225918385591,0,Tier 1,UK,100-300,2,92.68001205725903,41.60858521476954,AI/ML,Finance,4.530237718270355,120000
6.396910309047231,0,Tier 2,India,Top 100,2,53.10782832104499,61.036938447706774,AI/ML,Manufacturing,6.273995288850796,54534.70681124476
7.899946036242593,0,Tier 1,Canada,100-300,2,62.64363640167994,61.52848504681211,Core CS,Other,6.485441240212451,115495.20525198538
6.917130517275376,0,Tier 3,Germany,300+,3,78.58063712205154,74.51897571191242,Cloud,Other,4.341021053541781,67263.66213026697
6.828899865956289,0,Tier 2,UK,Top 100,2,73.24165401307029,77.31103197905959,Data Science,Healthcare,3.39229983335741,114977.42383044591
7.776252961430625,1,Tier 2,Canada,300+,1,56.75721380869527,84.84244396769783,AI/ML,Tech,7.795406685491424,115731.5495332431
7.335007968101998,0,Tier 2,UK,100-300,1,80.27698466842455,61.91057538275234,Cloud,Other,4.759124882226105,90924.44485278043
7.176466830189889,2,Tier 3,UK,300+,0,79.12100625808888,63.31549136991388,Cloud,Tech,4.960025005498689,78458.43052384137
5.983238623126174,4,Tier 3,USA,Top 100,2,70.53359760177253,43.709690130891346,AI/ML,Finance,3.831639483544484,106879.4107949518
7.718935328271339,2,Tier 3,Germany,100-300,0,70.29032223037757,43.65192761192268,Cloud,Other,2.976299579259933,76076.69669012255
7.527625175671311,0,Tier 1,Germany,Top 100,3,33.89674500608096,65.59478354393434,Data Science,Other,4.310027713996677,118331.18051991353
8.413209440262108,1,Tier 2,Canada,Top 100,1,54.936940618027926,56.40496042592877,Data Science,Tech,2.2572816752344185,120000
7.074526670159794,1,Tier 3,UK,Top 100,2,61.43164054745128,79.36770632616039,Cloud,Other,4.5943216699684895,83452.35679979678
4.957160323155281,2,Tier 3,UK,300+,4,46.37545681159864,78.91064574655101,AI/ML,Tech,5.132527138065212,79687.81970095266
6.739190003346521,1,Tier 1,UK,Top 100,0,84.00132682948079,69.85341475551793,Core CS,Other,6.208841732289311,106652.4558187674
7.3122929555163,0,Tier 1,Canada,100-300,2,58.126969881650126,94.28473251171503,AI/ML,Finance,6.390438191467179,120000
6.87687581842025,0,Tier 1,Canada,Top 100,1,80.94085599113521,61.470019975955566,Core CS,Manufacturing,3.4575320537400485,114930.12042044172
6.743691952450565,2,Tier 1,Germany,100-300,3,65.95592757266309,75.39264653980503,Cybersecurity,Consulting,3.8284783616280738,102705.33644950917
5.576480855594223,2,Tier 2,UK,300+,1,86.29277801281859,68.9376057537279,Core CS,Healthcare,6.15663362864846,82429.23602556565
6.2480257366799465,3,Tier 2,USA,100-300,4,74.72005592120294,59.66251990464846,Cybersecurity,Consulting,5.200991159181023,104856.60276109687
8.372726104906155,0,Tier 2,India,300+,0,100,50.778493825688095,Cybersecurity,Healthcare,6.460785254565291,37364.21711438119
6.921979693003501,2,Tier 2,USA,100-300,1,63.439401549970576,60.06279141315936,Cloud,Tech,3.9557978813458994,106601.5665146203
7.262248858859299,1,Tier 1,India,Top 100,2,72.10051724818211,83.02560657226583,Core CS,Finance,8.822609140301687,62900.7983372133
7.761982525562244,0,Tier 2,USA,300+,1,82.09911238415941,73.25410581232181,Data Science,Finance,6.7062900302123145,120000
7.293451234628354,1,Tier 1,Germany,100-300,1,51.13642901049044,92.71261416901976,AI/ML,Tech,6.6400809151977835,120000
7.121122438361386,0,Tier 3,Canada,300+,0,61.12630061194073,44.426518362564,AI/ML,Healthcare,4.106438062287519,89172.3014554086
7.238761451185152,1,Tier 2,UK,100-300,1,75.73048278982056,56.52362102145552,AI/ML,Healthcare,3.7412280362770898,111392.3207325472
6.373921122065129,1,Tier 2,India,Top 100,2,79.23222067475898,40.664159261719135,Cybersecurity,Finance,5.973266099108486,46065.73470126611
7.565625887688628,0,Tier 3,USA,300+,2,56.09796534962115,61.43396421299583,Cloud,Consulting,4.123565406499261,86063.60085177195
8.667770336984812,0,Tier 3,Canada,100-300,0,84.47451332201719,89.2067268117249,Cybersecurity,Finance,4.336267192887434,86508.7402093218
7.185285979334473,1,Tier 2,Germany,100-300,2,95.20879604810116,53.13370116587108,Cloud,Manufacturing,5.132140125240236,88411.30350018898
7.629124969596653,0,Tier 1,Canada,Top 100,1,75.34625356667244,61.27829618948301,Cloud,Healthcare,4.412443775402156,120000
6.552362971768424,2,Tier 3,UK,100-300,2,61.30720912914085,77.55341671213253,Data Science,Healthcare,6.3639727685576135,81145.47231692057
4.733575767885808,1,Tier 2,UK,Top 100,3,87.33251057532122,38.92178928240066,Data Science,Consulting,5.862289785618529,90929.89011607898
8.08735159533122,0,Tier 2,Germany,Top 100,2,70.692461587295,75.02457139382706,Data Science,Manufacturing,5.303311039036207,108513.31549813504
6.513944966576355,1,Tier 1,USA,300+,1,100,58.773768094566186,Core CS,Tech,4.30032165141464,120000
8.25454594362186,0,Tier 2,UK,300+,1,81.97524787296156,68.45924881428728,Cloud,Consulting,7.748811160151944,102127.50281266794
8.158237134766292,1,Tier 2,Germany,300+,3,77.2704562337817,78.22289327521526,Core CS,Healthcare,4.846246398482566,88623.61728900562
7.750912018143156,2,Tier 3,Canada,Top 100,2,59.56926121797193,61.70175508640465,Data Science,Finance,5.566938353502285,97189.4886824764
6.85911005283211,3,Tier 1,India,Top 100,2,72.21242238283341,71.89791238757272,Data Science,Healthcare,5.926462459798597,56063.196365473625
7.066389935050008,0,Tier 2,USA,300+,2,84.3979963484076,86.56135739979148,Core CS,Manufacturing,7.197856216803919,111453.26936384702
6.895259355899099,0,Tier 1,USA,Top 100,1,72.42416005579493,62.916848221143326,Core CS,Consulting,4.439352144551665,120000
7.90259182661507,0,Tier 3,UK,300+,3,95.74163444741296,44.61551581785577,Core CS,Manufacturing,3.068875531046367,68767.06351669772
6.299326074803912,1,Tier 1,USA,100-300,2,99.773478360968,76.37350072716343,Core CS,Manufacturing,4.974392477933642,120000
6.355360276092636,0,Tier 2,Canada,Top 100,3,93.92208978408992,92.88267472848848,AI/ML,Healthcare,6.507946124035935,98264.23257532222
7.808219669468812,1,Tier 3,UK,300+,2,82.60960276194731,69.84193549798974,AI/ML,Manufacturing,5.817383509903345,83668.51994384138
6.964510835590751,2,Tier 3,UK,300+,0,58.38609458432312,59.78702913084631,Cloud,Tech,4.165431069054619,82147.1599423492
8.102773884363046,0,Tier 3,UK,100-300,1,60.21622630624196,59.01430945141101,Core CS,Healthcare,4.824723723491307,75402.02277666208
6.462790234415563,0,Tier 2,Canada,300+,2,68.15138352636913,56.240756370405144,AI/ML,Other,3.551942810123099,98504.83391144816
6.262069612124837,1,Tier 2,USA,100-300,5,69.3488923462424,55.98780278411642,Cloud,Healthcare,3.473988102492065,101268.14495786854
7.005890145138854,2,Tier 3,USA,300+,1,62.38290032410513,80.32141805131928,AI/ML,Manufacturing,5.587116792694298,98076.51836636872
6.60989326323603,2,Tier 3,UK,100-300,3,65.00767099577563,39.21826439072424,Cloud,Healthcare,5.0111342693338425,75972.79683692292
7.5551385865530065,0,Tier 1,Canada,Top 100,2,54.061229499198134,45.99642704045328,Cloud,Tech,7.0076049666526705,116864.12492219012
7.573271471807721,1,Tier 3,UK,100-300,1,48.82624980494869,67.85360676494969,Data Science,Manufacturing,7.333909542000269,90277.91097591468
8.067108596400459,0,Tier 3,UK,300+,2,83.62049487141279,77.93541906439015,Cloud,Other,4.505215767793058,85212.78468564457
9.259464472802437,0,Tier 1,Canada,300+,1,79.68501075545593,72.89877349251051,Cloud,Other,5.719267151748348,117323.43838377224
5.944825201357991,1,Tier 2,UK,100-300,3,93.91296503965656,65.74106016711283,Cloud,Tech,5.90168377580749,98663.53539597266
6.601092883369239,0,Tier 1,UK,300+,0,78.41765344488464,83.18725921434809,Cloud,Manufacturing,6.808633139907229,106133.05228964932
6.726542543803092,0,Tier 2,Germany,Top 100,0,76.89053276482817,53.832452919204535,Data Science,Consulting,5.964589554166976,91918.5745877229
7.038260255827747,1,Tier 1,UK,300+,0,82.92921793981385,75.56538059025156,Cybersecurity,Finance,4.5088678912226285,113676.68238029974
6.548643056111611,2,Tier 3,USA,100-300,1,82.58798697630796,61.734542433807945,Cloud,Consulting,5.159253292495266,85736.41784666486
7.054697252774127,0,Tier 3,USA,Top 100,1,73.74576966220282,81.70305903454287,Cybersecurity,Healthcare,6.288276808354364,89530.03874311937
7.26531813370061,0,Tier 2,India,Top 100,4,85.32126930037225,70.16268378297232,Core CS,Tech,1.717614857126726,62959.5038652092
8.368823047352631,0,Tier 2,India,100-300,3,78.68313349824224,85.75066263727331,Data Science,Healthcare,5.544652348567335,43889.9356885149
6.680080007912546,1,Tier 2,UK,Top 100,0,78.14799390435188,65.0014440517541,Cloud,Healthcare,5.942538527744127,110895.72479901678
6.403865783746119,2,Tier 3,UK,Top 100,0,73.01895615109055,91.53305716822138,Cybersecurity,Consulting,5.7119634109463675,80363.80269432833
6.97960469713184,0,Tier 2,USA,100-300,1,55.24143476222446,57.195556955573295,Data Science,Consulting,4.435015519711994,120000
6.8262729542905145,0,Tier 3,USA,100-300,0,73.90509071112079,54.177512475071,Cybersecurity,Other,5.383524103756523,79919.51951363779
6.516912855010436,1,Tier 3,India,100-300,1,67.74323250675616,95.21162467784735,Cloud,Tech,1.765097864706654,38692.32472905726
6.72543525852557,1,Tier 2,Germany,100-300,0,60.24694338558755,64.43954638884719,Data Science,Consulting,3.7441593445868593,84789.84854083385
5.331366048875997,2,Tier 2,India,Top 100,4,86.22101430228506,50.5170190224628,AI/ML,Tech,4.648845851415265,51150.675754960175
7.778980984681894,0,Tier 2,UK,Top 100,2,44.32293415164875,54.20380181227358,Data Science,Other,2.82572201444298,113645.49071631746
7.23903822425741,0,Tier 2,India,300+,2,62.52580474921964,56.97445707820363,Data Science,Other,3.7345660376046785,53969.97045109605
6.381235324773256,1,Tier 3,USA,100-300,1,67.1519856934096,76.36153457236588,Cloud,Other,7.4006317583659955,82985.4359520862
8.518987985084191,0,Tier 3,India,Top 100,1,88.64153129910778,72.50547581111039,AI/ML,Healthcare,5.027289733520513,48138.463984106624
7.069613184313909,1,Tier 2,UK,100-300,3,77.69581781693519,66.05734334480914,Data Science,Finance,5.7014586536397225,112359.53698669108
6.171085142419843,1,Tier 3,Germany,Top 100,0,84.30800450838005,79.18596523589979,Cloud,Tech,3.4510841200632716,70072.07007692626
7.315663988387375,1,Tier 2,UK,Top 100,3,68.44532328068418,59.88659290792075,Core CS,Consulting,6.688118904244026,95832.14014511532
6.659395516278727,0,Tier 2,UK,100-300,1,72.35356169832004,79.66804736377628,Data Science,Tech,4.4603218051675135,110118.0959215286
7.360396579022428,2,Tier 1,Canada,100-300,0,82.34845934472501,80.33334997006521,Data Science,Tech,5.291600706462084,120000
6.790593367823124,2,Tier 2,Germany,300+,3,78.79853562632252,61.62779228665959,Core CS,Consulting,3.8710181873661016,79616.2497139257
7.444753161316674,1,Tier 3,USA,Top 100,0,96.58933896596818,30.161652178984923,Core CS,Healthcare,6.248681035842575,95414.16148259908
5.476044436791489,3,Tier 2,Germany,100-300,1,84.71643603077949,79.37863172315174,Core CS,Other,6.651829959566458,75913.58129620693
6.652901229616648,3,Tier 2,Canada,100-300,1,71.54757979792024,61.86435747514042,Data Science,Tech,8.26740601132956,107718.52250861356
6.64163092924002,0,Tier 1,India,100-300,4,59.50863618142205,75.49496559793624,Cybersecurity,Finance,6.873008290338864,50152.2755919755
6.0281550912890856,0,Tier 1,USA,100-300,3,72.56181055353476,76.60235479038563,AI/ML,Finance,1.9358207525701785,120000
5.2333753790173985,1,Tier 2,Canada,100-300,1,87.44259733762881,80.49378821063063,AI/ML,Tech,4.361908304985173,100021.12246174594
7.1086875392653255,1,Tier 1,India,Top 100,3,75.1448432095069,81.77839682437805,Core CS,Healthcare,7.556349943436135,55258.867820714906
6.9579959451690785,2,Tier 1,UK,Top 100,0,62.175172096834515,60.2382371596207,Data Science,Tech,3.6394714745464016,120000
6.884097150441691,1,Tier 1,USA,Top 100,2,100,49.51376175229432,AI/ML,Consulting,5.203264845370667,120000
7.03443269668031,1,Tier 1,Canada,300+,4,84.59687680279022,72.04333538773483,AI/ML,Other,4.8272036339377316,120000
7.818273177240611,2,Tier 1,UK,300+,2,73.6443236903301,54.22137495154249,Cloud,Manufacturing,4.154853755397239,107424.15079198177
6.847643051256626,2,Tier 2,Germany,100-300,2,81.8769552773338,63.91744199310105,Data Science,Finance,6.8198944568863675,99325.79228159448
6.540733938330185,3,Tier 2,Canada,Top 100,1,63.12099282953061,48.54017719388884,Core CS,Healthcare,5.7173050708971,90689.42328012304
8.129621502834599,0,Tier 2,Canada,300+,1,81.10158456733305,76.42790614761024,Core CS,Finance,4.771207568235677,92852.6568361929
6.497485008664658,0,Tier 1,UK,100-300,1,78.84141294040465,65.91919984543895,AI/ML,Tech,5.501263513963759,120000
7.079147029623107,2,Tier 1,Canada,100-300,1,51.398401573978745,54.36682556932521,Cloud,Consulting,7.884165782193605,103629.7370680306
7.270685953548767,2,Tier 3,India,100-300,2,80.33488355730682,76.70649057724967,AI/ML,Finance,5.584621811324018,39874.50003610028
6.205937594616942,0,Tier 3,UK,Top 100,0,83.61296555643256,86.45997452279721,Data Science,Tech,4.34188006490354,87159.2910233405
7.016333733770335,2,Tier 1,India,Top 100,0,81.85407007460721,50.68750884772304,Cybersecurity,Finance,4.859542042753733,62883.62579659836
7.293397126313805,2,Tier 2,USA,300+,4,93.06966535535103,49.42418597686998,AI/ML,Tech,6.756300598831745,120000
6.692900206935374,0,Tier 2,India,300+,0,89.45363535088373,53.6451841113565,Cybersecurity,Manufacturing,5.159912224008902,45411.09043255665
7.161824326096975,1,Tier 2,USA,300+,1,72.77577360553036,64.75318974892353,Cloud,Other,4.862803313481546,108536.04813545672
6.2188799610689625,1,Tier 1,Germany,Top 100,1,74.93985658550923,90.71935550892717,Core CS,Healthcare,4.66389192136829,100832.47499829374
6.96379655842853,0,Tier 2,Germany,100-300,0,69.16791893349327,52.58367345964194,Data Science,Manufacturing,3.557675920583488,93835.29188188774
8.11277788640112,1,Tier 1,USA,300+,1,59.66943282450215,36.9541702873214,AI/ML,Manufacturing,6.131240876197963,120000
5.915223724112029,3,Tier 3,Germany,Top 100,2,49.4192491781088,71.35040368396254,Cybersecurity,Tech,3.555175826733646,70337.44024670702
6.166182729562201,0,Tier 1,India,300+,2,89.28526103873355,58.57893075746872,Core CS,Tech,4.453037782112486,57144.97701587701
7.4563369386886365,0,Tier 3,Germany,Top 100,2,90.3064085813978,64.99369888606024,AI/ML,Consulting,7.07573622314448,78521.74157306466
6.585066624303032,0,Tier 2,India,300+,5,100,61.172483698765326,Data Science,Tech,6.529509774661515,51026.84919468488
7.682561236041243,2,Tier 2,USA,Top 100,3,94.88746186425372,70.07581633289018,Cybersecurity,Healthcare,6.345505027954491,116810.73548372886
7.023544473342041,2,Tier 1,UK,300+,3,82.3483832376976,100,Data Science,Tech,7.649868547427898,120000
6.214939250786028,1,Tier 2,USA,100-300,1,60.8521401835768,47.13593904982879,Cloud,Healthcare,6.964513822259699,97563.77323383756
7.085766369632107,0,Tier 2,India,300+,3,85.62776563930527,60.84771020470764,Core CS,Tech,3.3906401004770337,35108.730901272225
6.744922915604215,1,Tier 1,UK,300+,1,55.207353291370744,87.2131134379792,Cybersecurity,Healthcare,3.048340449758451,102490.57506493184
6.9360732378699606,0,Tier 3,Germany,Top 100,3,78.63230980616152,69.31696228681079,Cybersecurity,Consulting,5.6169823499869995,71448.89393013135
7.1640602713877035,1,Tier 1,Canada,300+,1,54.991650250621554,43.16502140574205,Cybersecurity,Tech,7.124651032503058,115773.39565721806
8.510749551691406,0,Tier 3,India,100-300,0,68.04452739411313,60.77976733697989,AI/ML,Finance,5.907769496469346,47768.60553151333
6.868606411974374,0,Tier 1,Germany,300+,0,81.91369045198984,100,Data Science,Finance,3.483485318244271,120000
6.331126663824299,1,Tier 2,Germany,100-300,2,51.790099228499734,82.98535721823146,Data Science,Tech,3.9682489689398217,106980.3528105125
7.246407921773873,3,Tier 2,UK,100-300,2,51.69857776669973,60.15521511994615,Data Science,Consulting,5.2153736102950745,106778.11918682313
6.715220732491334,3,Tier 1,Canada,100-300,2,61.446665387681826,88.75409564090627,Cloud,Tech,4.295029313412726,116505.04530085035
7.023352403148454,0,Tier 1,Germany,100-300,0,64.57057840697101,58.746220441398705,Core CS,Other,5.876290997724374,104427.08030171372
7.558379224104078,1,Tier 3,Canada,300+,1,75.47449091860834,64.62440430533778,Cloud,Healthcare,5.766724573798128,70166.39017974064
6.013967751023776,0,Tier 1,USA,100-300,3,70.5873298994161,83.55707752857029,Core CS,Manufacturing,3.935500904691815,117442.2750887959
6.452406615509762,0,Tier 3,UK,300+,2,60.495822133831,67.0790756902783,Cybersecurity,Finance,4.56384824871434,75680.71099961625
6.914422824113216,0,Tier 2,Canada,Top 100,2,68.91217438781,83.73124573413767,Cybersecurity,Consulting,4.216108480593659,89684.25771999519
8.55379647580504,0,Tier 3,India,100-300,5,76.94403057282824,70.95370582340372,Cloud,Consulting,6.313826958576923,50769.822353080235
5.602222666427796,2,Tier 1,Germany,100-300,0,70.14880208063579,66.17307985258032,Data Science,Healthcare,8.373244307995998,109231.31089893392
7.075696835735487,0,Tier 1,Canada,Top 100,1,100,40.17667857586224,Cloud,Manufacturing,6.048654408612712,110742.23337785904
5.699564773150351,3,Tier 2,India,Top 100,1,72.96989249057191,77.12590654210169,AI/ML,Healthcare,4.338985761932455,48209.45706217877
7.237969642494253,1,Tier 2,UK,300+,3,78.53726668771493,72.9695535175381,Data Science,Finance,6.664374159244728,118423.91479332786
7.111598236917967,0,Tier 2,India,Top 100,2,72.94490694322461,59.50061365766584,Cybersecurity,Other,3.806982556668123,46034.125544025774
6.772130449806239,2,Tier 2,Germany,Top 100,2,72.7084001172793,74.3225005465712,Cloud,Tech,4.620907823059169,97546.59677373216
9.478639547257009,0,Tier 2,UK,300+,1,64.71114884632892,42.84826665343907,Core CS,Consulting,5.610558310223483,108212.53501410416
6.480508144308895,0,Tier 2,USA,300+,0,90.16696454331137,70.37447498128411,AI/ML,Tech,5.500632303344204,120000
7.236186060032482,0,Tier 2,Canada,300+,2,73.71513203102754,51.40713782925506,Data Science,Finance,4.61406141061419,101809.8455016623
6.671585213816216,1,Tier 1,Germany,Top 100,3,48.15139698352984,31.146752212247648,AI/ML,Healthcare,4.391899557260895,118408.99585175006
8.455118825760259,2,Tier 1,Germany,Top 100,2,96.49493669910706,65.0460468551621,Cybersecurity,Finance,5.615436579010482,117563.13121440308
7.941747970547471,2,Tier 1,Canada,100-300,1,64.27425583158168,78.31386915326773,Cybersecurity,Tech,4.111490711446925,118670.4559735438
6.711192621397944,0,Tier 2,India,Top 100,1,88.15930310298391,62.925780965965366,Cloud,Healthcare,5.876351944168029,53799.4122353018
9.162422051524068,0,Tier 2,UK,300+,4,45.66346834866344,74.57066026874922,AI/ML,Other,7.952490506989695,118072.78460551052
6.815470666688234,1,Tier 2,Canada,300+,0,53.24667325298765,64.79478975783731,Cloud,Finance,5.219258819217375,93287.61328473274
7.882574057642927,1,Tier 3,Germany,100-300,1,57.68073659315331,92.45889905049884,Cybersecurity,Other,6.483967252901897,70463.75494953831
8.15355392156208,1,Tier 2,Germany,100-300,0,100,61.326931731037384,Cybersecurity,Healthcare,6.567395625100345,88718.57835045765
7.17517113268478,1,Tier 1,Canada,100-300,5,54.82932772310161,30.783790095039436,Cloud,Other,5.535664626209907,105466.8771396225
6.326542694505478,1,Tier 1,Canada,300+,1,62.38911702279009,49.98429064034874,Data Science,Finance,5.48603020454932,119741.57377876766
7.5473305668871635,2,Tier 2,India,100-300,1,83.8836654358987,77.80424187110745,AI/ML,Manufacturing,4.067023754017485,62238.63615299828
6.348195197741162,1,Tier 1,USA,300+,3,100,58.386384542558574,Cybersecurity,Finance,3.370111889428998,120000
6.787809967623838,0,Tier 1,Canada,100-300,0,45.27511456950973,56.51837097429498,Core CS,Tech,4.413245201507324,108084.9062351585
7.026975243920843,0,Tier 3,UK,100-300,0,82.14181951705419,67.75478757877899,Cloud,Healthcare,4.936991972153729,78891.97565619285
7.214874864835438,1,Tier 3,Canada,Top 100,0,75.3487530134954,62.8153099689052,AI/ML,Manufacturing,2.834623384012771,85230.68482792229
7.957528759009082,0,Tier 3,Canada,300+,5,73.86168851097258,73.96105391242135,AI/ML,Consulting,7.6903393117985726,84544.0096112054
6.522484172214423,2,Tier 1,Germany,Top 100,1,76.81647643838976,34.97817566764836,Data Science,Healthcare,4.60067945872832,120000
6.9127812640292285,0,Tier 1,UK,300+,1,45.34643767132172,65.35320848944008,Data Science,Healthcare,7.466707166412051,118473.35184879629
7.027500247221168,2,Tier 1,USA,100-300,1,80.07113389303076,79.19261467058423,Core CS,Manufacturing,6.195947649134729,120000
7.1284715465374084,2,Tier 2,USA,300+,2,76.00935349529797,62.91891305131493,Data Science,Healthcare,4.1823499054211855,117768.08592309464
8.089705922948063,1,Tier 3,USA,100-300,3,77.24755796935534,71.54646709497152,AI/ML,Other,6.094511010379696,103187.0844793009
6.904304300504983,1,Tier 1,UK,300+,2,53.374017878311335,56.02911429143198,AI/ML,Tech,5.381244987381692,120000
6.117452495013525,1,Tier 2,Canada,300+,3,66.96417638099702,59.877067917988185,Cloud,Tech,5.174940986129683,90912.35334189716
6.66397781816467,2,Tier 1,Germany,Top 100,3,78.69237138906425,69.42189920822912,AI/ML,Other,5.560685085858459,105628.29185851329
8.15552975604407,0,Tier 2,India,300+,1,75.38533339194659,65.27967134551562,Data Science,Finance,4.945066794043745,53857.79768757438
6.017856028435154,0,Tier 2,USA,100-300,3,64.95577804164434,68.23456358429495,Data Science,Manufacturing,5.970975074777405,115350.68514406277
6.5269775925042355,0,Tier 1,India,100-300,2,100,47.46902402227997,Cloud,Consulting,3.9736482523049337,58019.74458114907
7.286675608860803,2,Tier 3,Germany,300+,1,74.28872493381257,87.16012488732116,AI/ML,Manufacturing,4.144541051163402,88563.09528409588
5.805192177397485,1,Tier 3,Germany,300+,3,62.7447591284215,63.669888241845875,Cloud,Consulting,5.8236256012386605,57776.10808058787
7.576797562324509,2,Tier 2,USA,100-300,1,68.66850486864509,86.25263650837701,Data Science,Consulting,3.461356653543804,120000
6.563851004218942,1,Tier 2,Canada,100-300,2,86.00863439099409,100,Cloud,Finance,5.097470302490974,93381.60954887843
9.341816073978665,0,Tier 1,USA,300+,1,73.9913409334681,51.21599452866055,AI/ML,Other,6.138475466011594,120000
6.262839181256863,0,Tier 3,UK,Top 100,1,54.84608532621109,67.30672165719997,Cloud,Finance,4.167913017502262,87709.86356245632
7.1945077241107915,1,Tier 3,Germany,Top 100,1,96.441572859703,73.04220295707441,AI/ML,Other,5.8435060263513225,83170.79383998165
7.48986577120201,1,Tier 2,India,300+,0,66.05507115376349,71.69508145931368,Core CS,Healthcare,6.1441756984922336,49497.1341413513
6.217129288009076,2,Tier 2,Germany,300+,3,67.75937295631194,55.211465312546146,Core CS,Healthcare,5.113821988019145,84170.90236246625
6.759215750085422,2,Tier 3,USA,Top 100,4,82.82830145699556,51.48035245990349,Data Science,Tech,4.174564107294886,113387.60798787004
6.494850378013453,2,Tier 2,UK,100-300,4,83.5465410845461,58.406640266625686,Core CS,Manufacturing,3.6166942703252647,84241.79328818011
7.99472463774973,0,Tier 2,Canada,100-300,1,68.80075970784453,52.369786216404435,Cybersecurity,Manufacturing,4.017309884992678,85702.71518902591
7.982424167686508,2,Tier 1,USA,100-300,2,73.45519905173803,100,AI/ML,Manufacturing,5.581165309032488,120000
6.732157610044398,0,Tier 3,Germany,300+,2,90.95008454246866,75.20291736102963,Core CS,Manufacturing,4.964119745229669,66380.80982335465
6.520142884866351,2,Tier 3,Germany,100-300,5,53.60037472519582,93.24761694699482,Cybersecurity,Consulting,5.164562353315442,65433.46190975892
6.441824876881404,0,Tier 2,Germany,300+,1,54.28238465275638,77.21821171114719,Cloud,Manufacturing,3.964033518294888,79997.19814383895
6.477229683420155,0,Tier 3,Germany,300+,2,89.17014875462539,57.546624055865614,AI/ML,Finance,7.444551437310233,84069.24256088094
6.690766707281792,1,Tier 2,Canada,100-300,1,64.26971654307934,56.14685170721861,Core CS,Other,1.6825874565418646,90817.7546724662
6.491567120947555,1,Tier 3,India,100-300,1,45.718820537003324,64.38835377052303,Core CS,Finance,2.5520573102365893,36808.1632815846
7.166658006900474,2,Tier 2,Canada,100-300,3,66.66279546069892,76.41164542699923,Core CS,Finance,4.737072007492623,93284.89555911976
6.271483930254008,1,Tier 3,India,300+,1,85.53591441544626,79.46665219320109,Data Science,Healthcare,3.478651755987732,45834.59254172227
8.016852260805626,0,Tier 1,Canada,Top 100,0,91.97775645741356,75.79638183383707,Core CS,Healthcare,6.1734532171288645,112093.93325191528
7.304622457092042,2,Tier 2,India,Top 100,2,76.01793363388009,67.30354087794946,Data Science,Manufacturing,5.542243593082817,55365.35944129029
6.346073492468528,1,Tier 1,Germany,100-300,4,62.3500888737372,88.27891086892478,Data Science,Manufacturing,6.094572260157839,114843.46122929423
8.113964753186455,1,Tier 1,India,Top 100,4,62.424532077519885,58.119377493216774,Cybersecurity,Consulting,5.3495420917013705,65238.247715819285
7.5378347264323216,0,Tier 3,Germany,300+,1,82.8758458862736,61.98245258688987,AI/ML,Tech,4.083780988517797,87337.59715321101
8.337812723278022,1,Tier 2,Canada,100-300,2,93.21311856823507,70.20573179176827,AI/ML,Manufacturing,6.439646090254035,119948.86567729908
6.410096077201633,1,Tier 3,India,Top 100,2,73.02971095932057,63.25559232795578,Cybersecurity,Consulting,4.778566507976085,38630.99282699761
6.332652121013901,0,Tier 1,USA,300+,1,54.91357684666957,51.742392707613575,AI/ML,Consulting,5.16476304203089,120000
5.187158324680574,3,Tier 2,Canada,100-300,1,75.85464783029171,59.575593607078105,Cybersecurity,Healthcare,4.547930001643157,84699.41694477008
6.817824308131398,1,Tier 3,India,300+,0,64.08688532438808,68.64747513813862,Data Science,Healthcare,5.001832715964565,39125.589686637024
7.572394477415588,2,Tier 1,UK,100-300,3,81.13691083192028,75.52087520526631,Data Science,Manufacturing,5.112988280808905,120000
5.880737257452419,2,Tier 2,Canada,100-300,3,64.28268256116363,41.94398621876148,Core CS,Tech,5.3950011364583945,92022.22287494683
5.7837705662075125,3,Tier 3,Canada,300+,2,64.95793681268083,66.70191716911097,Cybersecurity,Healthcare,5.3310758025764455,78900.26099055003
7.360770107821182,2,Tier 2,India,300+,5,61.10980244700732,48.73628741239735,Core CS,Tech,2.402952127520862,48409.07123488148
7.8053840569816515,0,Tier 3,USA,300+,1,72.97857541693276,66.5698151879158,Data Science,Healthcare,3.610194791991477,103052.13676735296
7.8652112690397935,0,Tier 2,USA,100-300,2,74.44908607924623,53.69867687514366,Core CS,Tech,6.073181371074768,120000
7.873444271259716,2,Tier 1,USA,300+,0,73.70280244831598,69.07035215389759,Data Science,Healthcare,6.025790541924239,120000
6.943823710785907,1,Tier 3,Germany,100-300,3,60.25418760645283,79.66241253801212,Core CS,Finance,7.9207618511985,66512.16498750464
6.878426094147169,1,Tier 3,USA,100-300,1,53.57026574660308,86.71576556128998,Core CS,Healthcare,7.05067373491472,81225.34935736386
7.848115054937016,0,Tier 2,Canada,300+,2,90.02392699545513,48.027141565980145,Data Science,Manufacturing,4.844213515105148,102184.78745658074
6.2850031847330285,0,Tier 2,UK,300+,3,45.81992439870963,58.68007340550197,Core CS,Healthcare,5.71645289108096,86122.10344013917
6.8590931971592175,3,Tier 2,Canada,300+,3,73.88951589379799,71.34640566070433,Cybersecurity,Tech,6.522471608817884,91701.82968418344
8.337078060349981,0,Tier 1,Canada,100-300,2,60.243538659561096,80.45943550785194,Cybersecurity,Manufacturing,4.535624127590208,110977.7807556799
6.278899456082261,1,Tier 1,Canada,300+,3,76.84315051055755,65.40842610119167,Cloud,Consulting,6.073337304278306,100617.81420401076
7.324844897942465,1,Tier 1,India,100-300,4,59.38401518398438,69.66596418425463,Data Science,Consulting,3.989473608966611,61755.84834313508
6.285187925984576,2,Tier 3,UK,300+,2,75.0158948128116,68.32131962473885,Cybersecurity,Consulting,6.842228418400593,63102.26578889366
7.638280561105711,3,Tier 2,India,100-300,0,70.62471862038124,68.50960177109356,AI/ML,Finance,4.445750950156837,60992.60732690458
6.120764198756102,1,Tier 3,India,300+,3,71.06585615031877,72.82631958953169,Cloud,Manufacturing,6.615538510656789,40251.24472416361
8.001826929565311,0,Tier 2,USA,Top 100,3,87.41621659239219,60.37898315068952,Cybersecurity,Manufacturing,5.791584456197946,120000
7.0655910510597755,0,Tier 2,Germany,300+,1,73.24647596637607,81.02078607495298,Cloud,Healthcare,5.156230531935931,80503.50816322863
6.311416669283729,2,Tier 2,USA,100-300,2,94.28219708551433,48.65375304964985,Data Science,Manufacturing,6.174119731204428,118239.2083971398
7.537911470089106,1,Tier 1,Germany,300+,1,60.83164983493789,41.48594951562515,Data Science,Other,3.612993453930871,113436.43077930046
7.133324653887875,0,Tier 2,USA,Top 100,4,48.0607752273164,55.5370404959571,Cybersecurity,Tech,7.793439701057856,120000
7.944791924244537,1,Tier 3,USA,100-300,0,54.309053184142414,44.38779526035452,Cybersecurity,Manufacturing,3.608587628419508,99090.8108598926
6.226638487437873,2,Tier 1,India,300+,2,83.14007593139752,73.2376117547964,AI/ML,Other,5.287292479255794,60209.58563783821
6.363148689823493,1,Tier 1,India,100-300,4,47.84556764410158,78.56206462103344,Data Science,Manufacturing,3.6689984571055634,60304.986743756286
5.148764747199916,1,Tier 1,USA,300+,1,62.02527225959177,55.94933597751094,Cybersecurity,Tech,6.019413300139165,120000
8.338753508498389,1,Tier 1,UK,100-300,1,47.30261371537111,39.68900594114694,AI/ML,Tech,7.644601578386917,120000
7.353397389102046,1,Tier 1,Germany,300+,1,68.05728197028363,80.47680666321693,Data Science,Tech,5.230860144736873,120000
7.995652128284204,0,Tier 3,Canada,100-300,2,100,36.50980306361359,AI/ML,Finance,5.943271993909314,96566.72284977091
8.7851991288222,0,Tier 3,Canada,100-300,0,48.47604437861173,56.11391453080584,Core CS,Healthcare,2.0455638745662443,75258.41791573008
5.943297315698146,1,Tier 1,USA,Top 100,2,73.6615698837435,62.069556622371955,Cloud,Other,4.5390756388883435,119366.58873648058
7.666882563869879,1,Tier 2,India,Top 100,2,88.23307903328048,94.64883462226771,Core CS,Manufacturing,5.467782470110704,58902.36585336019
6.519098757864922,3,Tier 2,UK,Top 100,3,60.65572213445607,74.10926554672741,Core CS,Consulting,5.474683647075782,96910.47887244471
7.932733216204179,0,Tier 3,Germany,300+,5,61.669478611941834,93.31413257419467,Cybersecurity,Manufacturing,4.082503355304005,65863.48983163375
5.666589274568642,4,Tier 3,Canada,300+,1,66.37849119815088,71.71869831127552,Data Science,Finance,6.368208688984388,74030.2738222397
7.109277916471002,1,Tier 1,Germany,300+,3,73.08169801166052,49.95170056427008,Data Science,Consulting,5.324584959586276,112385.31203728044
7.647675548777508,1,Tier 2,India,100-300,3,61.012516484175215,96.9498492725764,Data Science,Finance,6.063859144722911,63600.50095245847
7.686511256747213,2,Tier 3,Germany,Top 100,1,78.3764219965504,87.43042899743946,Core CS,Other,8.297741312406037,70375.20848762886
6.643479757576005,0,Tier 2,Germany,Top 100,1,83.3736897363537,65.668718295258,Cloud,Consulting,4.867863729067208,88020.3389258303
8.643054952069276,0,Tier 2,Canada,300+,1,74.75516967022295,68.45492510625826,Cybersecurity,Finance,5.383969246601538,106000.50318773216
8.68423794356665,0,Tier 2,India,300+,2,80.13764126873662,89.77067698700017,AI/ML,Consulting,6.072448245209046,53012.26133368443
7.0279103576715265,0,Tier 2,USA,300+,1,71.10426029381645,76.06099106687864,Data Science,Healthcare,4.739071302974859,118918.98977283464
8.09446348039088,1,Tier 1,Germany,100-300,1,66.34580256168171,75.77816029606367,Core CS,Healthcare,3.944163511216291,118845.5210734492
7.100721110715967,2,Tier 3,USA,Top 100,2,59.51908448927628,54.771962078055424,Core CS,Other,5.350252046682135,91674.06734828666
7.979084734834075,2,Tier 2,UK,300+,3,85.9204720874049,62.88597583073345,Cloud,Other,4.624669025893447,94398.91383190652
7.27036444331602,0,Tier 3,Germany,300+,0,74.45392049793115,72.75223712304141,Data Science,Finance,5.243550198710789,83020.80003610569
7.7805707021354,0,Tier 3,Canada,Top 100,1,92.13052595445566,70.79553753493595,Cloud,Healthcare,6.056567738504143,78204.56132761153
7.000604405963676,0,Tier 3,Germany,300+,2,100,56.36812525894586,AI/ML,Finance,6.315254624345305,85210.50240098636
7.548686254886735,1,Tier 1,Canada,300+,0,59.28735578220667,78.11545256736568,AI/ML,Healthcare,5.916315846228473,120000
7.357585373607882,0,Tier 2,UK,100-300,3,66.23568750643348,64.62588344444389,Core CS,Consulting,3.5474200207886657,91845.94981642513
6.489131339883976,2,Tier 2,India,Top 100,5,72.26297152518791,34.598987940404925,AI/ML,Healthcare,3.83441147983111,50720.7893423363
8.322647709742824,0,Tier 2,India,300+,3,100,61.41225975309952,Core CS,Tech,6.726857203359204,54767.955488458
7.498469878311276,1,Tier 2,India,Top 100,4,55.31636856361637,46.13785522769583,Cloud,Finance,5.787616605998484,45939.17941423301
7.389047994680177,0,Tier 2,Germany,100-300,2,47.83557180602772,67.37150358569681,Core CS,Consulting,6.441149592380983,90938.23207775864
8.298605352422443,1,Tier 1,UK,Top 100,2,54.66017496340843,60.780433652288004,Data Science,Consulting,4.109329915464797,120000
8.593096334733524,0,Tier 2,Canada,300+,0,56.58016010793722,64.83644814582061,Cloud,Consulting,6.98176013644048,95136.60096692725
7.314330808438573,1,Tier 2,USA,100-300,1,71.10797121198416,60.9271270826716,AI/ML,Tech,7.114166910203143,120000
8.272322854858912,0,Tier 1,UK,300+,0,54.64206058382722,85.38954547980043,Data Science,Tech,4.635355144919891,120000
6.544681441061973,0,Tier 3,USA,300+,5,74.21690416941695,77.90847484912464,AI/ML,Tech,5.9538070566359425,103176.07388360688
6.3623091470200155,0,Tier 2,Canada,100-300,1,90.5516192231851,55.19524249308728,Data Science,Other,6.114539939003271,98596.34555668838
7.032739798983139,0,Tier 3,UK,Top 100,2,91.90878430888246,41.855937885899394,Data Science,Tech,5.2176003566513645,99463.02131373662
7.347952830694319,0,Tier 2,Canada,Top 100,0,81.90420417711339,87.57568869729883,AI/ML,Healthcare,4.811190245672203,114305.98761550094
6.684810655005504,2,Tier 1,Germany,100-300,1,73.46620106686976,71.36500456262986,Cybersecurity,Tech,4.001027102753008,105688.65347232988
7.430214552294787,1,Tier 3,USA,Top 100,5,78.52900842284363,51.88564612067762,Data Science,Consulting,5.35862283034591,107830.55575197682
6.201354579767156,4,Tier 2,Germany,100-300,2,45.98786794838774,62.01898445233317,Cloud,Finance,6.350783907713454,80222.35473330312
7.415034413961377,2,Tier 2,Canada,300+,2,76.37561441495545,65.21996042091463,Cybersecurity,Consulting,6.76063264977927,89825.19179137767
7.690822594017217,1,Tier 1,Canada,100-300,4,49.26225198007909,70.57806958483012,AI/ML,Healthcare,5.134016109803576,120000
7.137175454072313,2,Tier 2,India,300+,2,50.851466996346176,80.60929991564453,Cybersecurity,Tech,5.834064928350454,56685.76594193326
7.922118482609355,0,Tier 1,India,300+,1,64.31160222334279,61.53028610038109,AI/ML,Consulting,5.893925514446214,66240.63586391775
6.026076965202439,0,Tier 2,UK,300+,2,85.74094729597303,55.11392180801024,Core CS,Other,7.0548796969969825,85916.4551645423
7.374360337705482,2,Tier 3,Canada,Top 100,1,48.079447665353555,76.31562230521247,Cloud,Tech,5.11545610845763,80818.80306537774
6.06377543488258,0,Tier 3,USA,300+,0,91.3994859599043,59.26893632818475,Cloud,Other,5.3183342700707374,70350.04101459235
6.10873491341353,2,Tier 1,Canada,100-300,2,55.991297180896936,72.39600996379953,Cloud,Finance,4.532949317610858,101396.5040822014
6.4952553330097675,1,Tier 3,Canada,300+,2,55.58078681037196,59.17619082558225,Core CS,Other,5.795777189745899,67093.0133424803
6.246351853140604,2,Tier 2,Germany,Top 100,0,83.67532728813075,70.41834761828652,AI/ML,Other,4.078168734775543,96170.3143765349
6.828679751431049,0,Tier 3,India,100-300,2,83.07752776668512,73.33839594271807,Data Science,Finance,7.9399065573247745,37205.93496083065
7.669723589065107,1,Tier 2,UK,Top 100,0,48.7356429056198,76.42875476264801,Core CS,Other,4.190952224031916,98437.06892838758
6.743072769035438,1,Tier 1,UK,300+,0,73.93864169793275,75.50014100955838,Data Science,Consulting,3.142132266385463,109439.46763404172
7.912054277196129,0,Tier 2,USA,Top 100,1,47.148810056048745,67.27893327927609,Cloud,Other,5.354939354226215,111617.82537161867
6.3303278931079685,0,Tier 1,Germany,100-300,1,76.00240103330177,63.06755471417537,Cybersecurity,Finance,3.18536942506431,106475.78163758926
7.87534363801718,0,Tier 1,UK,Top 100,1,67.08575003335989,60.158470981671194,Cloud,Finance,5.969149165305347,120000
7.383202514714207,1,Tier 3,Canada,100-300,0,63.38420272325246,52.38376677583167,Cybersecurity,Consulting,5.273587213293469,73373.87069951983
6.3109523362423134,0,Tier 2,Germany,300+,0,65.40486521056789,43.459437093858185,Core CS,Finance,5.744310964642111,84091.14035226486
8.74284973919333,0,Tier 2,UK,300+,2,81.66758313937083,64.04531884141207,AI/ML,Other,4.312734094947508,115768.01118907252
6.882127818702795,0,Tier 1,USA,Top 100,2,65.66069814082624,48.41134241726605,Cloud,Healthcare,3.5135765836556896,120000
7.771140338444457,0,Tier 2,India,100-300,5,52.53713855678956,89.53550123319559,Data Science,Healthcare,5.299394719146792,51093.17647858289
7.199560756744058,0,Tier 2,USA,100-300,1,87.38450096192247,55.30632124478296,Core CS,Other,4.386326532849128,109921.10539004102
7.319382554351462,0,Tier 2,India,100-300,5,76.8441457816675,74.86364154357051,Cloud,Other,3.798428517802791,48390.88372927765
8.99374719888055,1,Tier 1,UK,100-300,1,85.75135094211197,46.68993935047627,Core CS,Finance,6.496657371794786,120000
7.093262809609971,2,Tier 3,UK,300+,0,50.21681147029112,83.39114197998975,Cloud,Tech,4.730905409151066,77415.01453634654
7.857212748464831,1,Tier 2,UK,100-300,0,53.0464222079014,65.72610831473526,AI/ML,Tech,5.318680002167359,117140.81179429898
6.530307783503882,0,Tier 2,USA,Top 100,2,79.2086771562357,79.31957179070154,Cloud,Consulting,4.4677970183232,107954.41622581352
5.69286163275257,1,Tier 2,USA,100-300,2,76.93669709923478,66.90391386298899,Cloud,Finance,3.3078925789148235,97673.5915390291
6.660134921979489,0,Tier 2,India,300+,0,46.34423580000377,61.82313457549779,Cloud,Other,5.758545678382544,39980.77957273939
7.401999756903432,1,Tier 2,USA,300+,2,68.76731059593448,43.29199188843302,AI/ML,Consulting,1.6812286839852324,120000
6.287400909158189,2,Tier 2,Germany,300+,0,88.1981461785877,68.05762315027103,Cybersecurity,Tech,4.608061738450116,92095.77005138856
7.055469729372279,0,Tier 3,Canada,Top 100,2,55.2802580846744,44.89211287928799,Cloud,Healthcare,5.302017019919631,79864.52069479163
7.690034787692136,0,Tier 1,India,Top 100,2,55.306849207067216,81.69798600888137,Data Science,Consulting,4.168144782750398,64606.1701668149
5.64402124918671,2,Tier 1,Germany,100-300,1,67.57356162328269,48.37713303407894,Cloud,Tech,1,99389.5263581589
7.653844962990661,1,Tier 3,Canada,Top 100,2,99.71146758135168,33.05516061297768,Cloud,Consulting,6.6114904516865485,75838.71182779213
7.763268081725302,1,Tier 2,Germany,Top 100,3,55.39690705910885,64.06961754049689,Cloud,Consulting,5.03097749334336,92979.26492364476
7.974784171897349,0,Tier 3,UK,300+,3,63.286061755685274,54.50766800636013,Cloud,Consulting,6.558548169551773,73298.06832117803
8.761611139727693,0,Tier 2,India,300+,1,91.51591136493528,81.17047003003404,Core CS,Other,5.8537079051910315,49780.49648579803
7.087657264062287,0,Tier 2,Germany,100-300,0,100,58.40594828054229,Core CS,Finance,5.725080101765227,88884.62696158668
6.66684925340158,0,Tier 2,Canada,100-300,3,70.09374913848904,86.81355358831934,Cloud,Tech,4.921968901596708,98511.52811196816
7.001581475804649,0,Tier 2,India,100-300,1,81.77409447881854,71.02563757311856,Cybersecurity,Consulting,6.8858499368158075,40608.64480918701
8.22629868450905,0,Tier 1,Germany,300+,1,58.8957776648568,58.59239485843044,AI/ML,Finance,6.328653542871697,120000
8.101744749203649,1,Tier 2,Germany,300+,2,54.26772707268283,54.94522758660929,Core CS,Finance,4.536532241831382,93505.50484649753
7.683521600896576,2,Tier 1,USA,300+,1,68.88988243162662,94.00854924129966,Core CS,Manufacturing,6.75297578228623,120000
7.059607675061418,0,Tier 1,UK,300+,1,62.53200433656804,48.91793741974104,AI/ML,Manufacturing,4.95568214899985,116661.89100551404
7.820505691098066,0,Tier 1,UK,100-300,1,92.29680259186308,80.54716701473973,Cybersecurity,Consulting,5.971840226938632,105201.4997507065
9.113609528394097,1,Tier 3,UK,300+,1,51.84611833419864,61.097232843292986,Data Science,Manufacturing,8.917606654146416,97571.3897955198
7.478479324037973,1,Tier 2,India,100-300,1,55.54754431084216,47.38356681519947,Data Science,Finance,2.9036258248843474,57987.67683875788
6.707775313436892,1,Tier 1,UK,300+,1,70.50563202585754,44.102056315363626,Data Science,Tech,6.163928684971653,120000
8.910374164419785,0,Tier 3,India,100-300,4,73.74834761182758,79.66189881803882,Core CS,Healthcare,5.668926711578047,44646.64484791251
7.144056830156785,1,Tier 2,Germany,Top 100,3,54.73994409470863,52.55479456877909,Cloud,Consulting,4.407409131243264,84739.37686020325
6.78165334381959,2,Tier 3,Germany,Top 100,0,51.17484443722573,67.51961423894363,AI/ML,Finance,4.222413898439043,87930.9875431242
6.331448795983971,1,Tier 1,Canada,Top 100,2,46.951388529311146,84.2526995905093,Cybersecurity,Manufacturing,6.235281647472852,109848.8731060594
7.877776153285151,1,Tier 3,India,300+,2,91.77813649537508,68.87489283183002,Data Science,Healthcare,6.580746132073134,46339.60017936313
7.693749930262191,0,Tier 2,India,100-300,2,46.4997763772174,67.4724996535494,AI/ML,Tech,2.8555468644643858,54137.55253355163
7.147976460058525,1,Tier 1,UK,300+,4,70.22212432156094,69.87410264244764,Data Science,Healthcare,6.053649846609035,120000
7.362205081661355,1,Tier 3,Canada,Top 100,0,50.694733003565815,61.327113994888514,Core CS,Tech,4.346574843988806,79047.46846278706
8.365863847647379,0,Tier 2,USA,300+,0,74.10844137270433,37.873235867289935,Cloud,Manufacturing,9.62559956667452,111353.80953135704
6.383344957817048,2,Tier 2,UK,100-300,2,74.55761238571877,61.97142014588857,Data Science,Manufacturing,4.135153411122436,104578.57417629706
5.977317896958141,1,Tier 1,India,Top 100,4,57.526711125696806,56.106751250218906,Core CS,Finance,3.3939102801577627,59718.23538353926
8.069325886207187,1,Tier 2,India,100-300,2,89.98156963703252,50.66973343115835,Core CS,Other,6.66975975087242,48886.46522631617
8.23891143601923,0,Tier 3,India,300+,0,70.57828754429426,64.16643414225967,Core CS,Other,7.35615286454924,49629.10051760743
7.977035956548119,2,Tier 2,USA,300+,0,74.87746331701183,55.63009627424729,Core CS,Other,4.645730928536197,104751.10728000048
6.923910681839387,1,Tier 3,UK,300+,1,72.60471050970187,86.86660823745846,AI/ML,Other,7.4499686866893535,94267.36801954266
6.73356990475699,1,Tier 1,Canada,100-300,3,57.68621054459238,80.03940738386703,Cloud,Manufacturing,2.9382879047875576,94172.57909028477
6.751687206897947,0,Tier 1,USA,300+,3,62.34283656435454,51.89644354459623,Core CS,Healthcare,7.981421988175141,120000
5.7617587549527745,2,Tier 2,India,100-300,1,83.58126864444272,66.58760259264152,Cloud,Tech,4.433665480114251,39428.61085938395
7.211403810885871,1,Tier 3,Canada,100-300,2,37.220605451368115,70.61621159387172,Core CS,Consulting,4.664709911336145,75042.54383858555
7.596288579262301,2,Tier 3,UK,Top 100,2,70.72913462166841,70.13227492389896,Data Science,Tech,5.293288296893616,95175.94866182577
7.074818797150888,1,Tier 3,Canada,Top 100,4,82.62946966581943,68.11980534616661,Cloud,Tech,4.0620618487297335,85476.62631581882
6.869837038744727,1,Tier 2,Canada,100-300,1,66.06577479768592,78.879301985565,AI/ML,Consulting,5.63211854269687,97992.97961795496
6.303045575993895,1,Tier 1,Canada,100-300,0,81.45000474403503,37.152529887005294,AI/ML,Consulting,4.676714875882327,106777.510906137
7.057722589457409,2,Tier 2,UK,100-300,2,72.55031430139255,60.72072536656671,Cloud,Consulting,3.3893363574109876,100324.54368729716
7.186434361223587,1,Tier 1,UK,100-300,2,74.04846515556625,43.07544317769719,Cloud,Finance,2.6881803908264,119414.52129875346
6.425548173105389,0,Tier 2,India,100-300,2,63.68335892165518,65.27536613632935,Cybersecurity,Manufacturing,6.709259118936195,47173.95129116835
6.5297149560736,0,Tier 2,UK,300+,1,59.50768097478527,41.95716138222452,Cloud,Finance,6.679606646884941,100777.4425324058
7.184488679012971,0,Tier 2,USA,100-300,3,78.59419464278895,55.81868770137588,Cybersecurity,Healthcare,6.461548578508408,106792.04315744786
6.093263185365902,0,Tier 3,India,300+,0,65.68618436302546,56.109713302996894,Core CS,Tech,5.743286291923361,44277.32874862883
7.279938972199514,1,Tier 2,Germany,100-300,2,74.66859862493607,76.56333825032098,AI/ML,Manufacturing,5.794655675004088,93973.11839600462
7.850282954426573,2,Tier 2,Germany,100-300,3,91.0772866206369,66.79861218505913,Core CS,Healthcare,4.2733405940194205,89027.80596843762
8.870262196310641,2,Tier 1,Canada,100-300,2,76.35847321091079,60.19954804678855,Data Science,Other,7.126936966304337,120000
7.832763339038232,2,Tier 1,UK,Top 100,3,52.39675039997568,56.71755921807916,Cloud,Healthcare,3.837116972328774,120000
5.987793272731828,2,Tier 3,India,Top 100,3,63.887407712438915,90.60279929529425,AI/ML,Tech,9.622954253776564,45560.0525026758
6.3016088264885175,1,Tier 1,USA,300+,3,56.913578578169485,79.70422299129677,Data Science,Finance,5.990541387631234,120000
6.834412328721305,0,Tier 2,Canada,300+,0,63.00916763408294,65.19524080181988,Cybersecurity,Finance,5.473450663389012,99003.64281826836
6.33041571644833,2,Tier 2,Germany,Top 100,2,57.30857777995039,75.94188006490748,Cloud,Consulting,6.0032926162294045,87788.59110967598
6.90842210256091,0,Tier 1,Germany,100-300,0,51.088618433195336,64.90405231728379,Cloud,Other,5.439983441535372,95808.61270308592
7.118204725920103,0,Tier 3,USA,300+,2,77.39385701429374,63.81901518471369,Cloud,Tech,6.19752366453991,92089.82008893344
6.390540262672921,2,Tier 1,USA,100-300,1,78.3056598787934,80.1817116314816,Cloud,Consulting,4.808613196197644,120000
8.22426765148353,1,Tier 2,USA,100-300,0,58.51662368259237,62.217659020707565,Core CS,Consulting,4.029054570666398,120000
6.377524171333828,0,Tier 3,Canada,300+,4,55.87060166231294,81.71390379145534,Cybersecurity,Finance,4.640978438847717,67138.3960253148
7.937448114619076,0,Tier 2,Canada,Top 100,1,55.22189652110471,90.48185520337417,AI/ML,Consulting,3.4704234634249307,115290.9782372875
8.198478106790228,0,Tier 2,India,300+,5,77.05711346512469,82.82357834622793,Data Science,Other,4.526906155154662,53750.421873504856
7.241568720137412,1,Tier 1,Canada,100-300,3,53.42737584924377,55.56579186581688,Cloud,Finance,8.637838064569355,116292.41090404328
8.494882575330402,0,Tier 3,UK,100-300,2,61.81452469822701,47.34880355662117,Cloud,Other,1.3430404746381623,80774.35683702049
7.027846032399866,0,Tier 1,India,300+,3,58.82965639071452,99.18980401799502,Cybersecurity,Other,5.520871913148833,52346.30723019236
7.871923967272664,0,Tier 1,India,300+,1,50.148889850848335,58.37025147553483,Core CS,Other,5.017235935982751,47603.148239603535
6.543052820732651,2,Tier 1,Germany,100-300,1,61.54883075467825,83.43459518858968,Cloud,Manufacturing,5.00561347520831,96718.3560924078
7.0350630395683424,1,Tier 3,USA,100-300,0,84.06719426772642,41.873775846791546,Cloud,Manufacturing,3.0031813760694632,101592.42328093995
6.963256937007872,0,Tier 2,USA,100-300,1,79.54428575141714,95.91097642459172,AI/ML,Finance,6.313820852515497,120000
7.546659609212874,1,Tier 2,USA,100-300,2,67.92727132482784,47.62637444864457,Core CS,Tech,3.3226922472898512,120000
7.472595468408261,1,Tier 3,UK,300+,1,89.32692571337836,88.86689538057111,Cybersecurity,Tech,5.881094614421913,83161.89524056943
6.823909014996137,3,Tier 2,USA,Top 100,2,82.73771626143802,51.12356854181678,Cybersecurity,Finance,5.523608685717212,120000
7.050919249197214,1,Tier 2,Canada,100-300,1,78.49236810854414,62.02651057976264,AI/ML,Tech,6.946197678551534,112613.7668454583
6.702576790781209,1,Tier 3,India,100-300,1,61.15824201957744,79.49163854757151,Cloud,Other,5.362374725799049,43532.58642809607
8.513753408666455,0,Tier 2,India,300+,3,47.93184457091086,61.63336043032167,Core CS,Tech,4.606913405042672,49558.72825328956
6.303417782685007,1,Tier 2,USA,100-300,1,67.12030392216975,94.0400049134181,Cybersecurity,Consulting,5.202000847827793,103416.36887216876
7.579673422978498,1,Tier 2,Canada,100-300,4,93.8824002105476,42.05195503532255,Cloud,Manufacturing,5.380043234079343,91345.16460901187
7.358788363357152,0,Tier 3,UK,100-300,2,47.51352421792947,96.91447237958268,AI/ML,Finance,2.0147642484431967,90350.82376614142
6.265584750688828,0,Tier 2,India,300+,1,65.55552871805853,53.94702090483544,Core CS,Consulting,5.796835444838558,43024.372949876575
5.748302298131357,1,Tier 2,Canada,Top 100,4,73.62416263478167,94.15164063091488,Core CS,Other,5.650763763705269,81406.86689609829
7.697219508870347,2,Tier 3,Germany,Top 100,0,38.403856608214,67.2720323342777,AI/ML,Healthcare,5.389199186444728,90153.75829247512
7.908758276755058,3,Tier 3,India,300+,3,37.423957992277394,69.5394054175556,AI/ML,Manufacturing,8.026292357965735,37991.908517771735
6.870436146446938,1,Tier 2,UK,100-300,3,76.2500716494156,58.8754407973932,Core CS,Consulting,4.4785714193502075,84010.30008946866
7.350730159597316,3,Tier 3,USA,Top 100,3,74.18414090179293,66.41604420239024,Core CS,Healthcare,4.570956406618204,88552.69191783342
6.292800914602847,0,Tier 1,Germany,300+,3,51.98299190813101,65.33774190535244,AI/ML,Tech,3.7682977078028297,118223.9076496143
5.9436052452759744,3,Tier 1,Germany,Top 100,2,43.14470578810602,78.6879806408244,Data Science,Consulting,5.833265321196756,114424.63876470603
7.26998565978112,1,Tier 1,Canada,Top 100,2,71.33608815920405,80.66565075093509,Cloud,Other,6.3662420987225845,107224.78345830312
6.789353754497667,1,Tier 2,UK,300+,1,55.76743185812946,50.69738551417911,Cybersecurity,Tech,5.9735969089355,100246.56042949154
6.874380137244234,0,Tier 2,India,300+,2,78.21678582016256,64.39901042131477,AI/ML,Other,6.427068011340889,37545.743777678945
6.031871245268674,2,Tier 1,USA,300+,2,54.62169957459169,37.98445711195109,Cloud,Other,6.127095810222195,114773.15975446328
8.273120294210244,0,Tier 3,Canada,300+,2,77.525083169807,59.48270532911499,Data Science,Manufacturing,5.868560135301931,84286.95921142359
7.701371349108893,0,Tier 2,Germany,300+,0,92.1085712400787,60.997821627465505,Cybersecurity,Consulting,7.224981762622352,87370.7569233396
7.771324707337583,1,Tier 2,UK,300+,2,82.33210340918157,66.68366779582253,Cloud,Tech,5.955589395949482,108361.10627832465
8.562333905991608,0,Tier 3,Canada,Top 100,3,60.27698049348608,60.37262222311397,AI/ML,Other,6.80645561519906,107955.93564023674
6.951121993595305,2,Tier 3,USA,Top 100,2,75.8747493544532,54.11572014275919,Cloud,Finance,5.690560656670286,95416.85215918222
7.3334412595864915,0,Tier 2,Canada,300+,1,55.35993135541482,71.02429526597673,Data Science,Healthcare,5.175318818576901,80866.63344439353
7.933696630402638,1,Tier 3,Germany,300+,2,71.67236830067935,77.07112158488694,AI/ML,Healthcare,4.13041934639045,82086.38624804179
8.0228601343515,1,Tier 1,Germany,100-300,2,74.05475527788113,48.11680004797478,Core CS,Healthcare,7.314747474066297,104921.51817872009
7.866399950813495,0,Tier 3,India,300+,3,88.85726128065255,58.59050735589767,Core CS,Tech,2.90157464594916,44412.97574802552
6.460967915472419,0,Tier 1,Canada,100-300,2,68.51495657365018,63.67008487042588,AI/ML,Tech,3.235585843459568,120000
6.880435445468009,2,Tier 1,Canada,300+,1,72.34314040076944,84.7094000521154,Core CS,Healthcare,6.656360975127359,97990.333464526
6.61875695885318,1,Tier 3,Canada,100-300,2,100,62.35816433351933,Cybersecurity,Healthcare,4.131587089374988,64615.86560427444
6.760943928776637,0,Tier 3,India,Top 100,0,92.268950484824245,62.613180503380256,Core CS,Consulting,4.503992109762455,41894.753876066825
6.713404497673993,1,Tier 2,UK,300+,2,78.684320591437,86.20707497825242,AI/ML,Healthcare,3.997482370764805,107372.3844166741
6.558190998309913,1,Tier 3,UK,100-300,0,59.565921517632525,56.30033443675819,Data Science,Healthcare,7.844280020895299,87804.73287100758
8.83352901345495,0,Tier 2,Canada,Top 100,1,79.07493628957104,88.76535166423916,Cloud,Manufacturing,6.785849531181685,104602.46138404887
8.49396960332908,1,Tier 2,Germany,100-300,1,57.60791674550347,74.56424611125804,Core CS,Consulting,5.558988143133587,92682.61640394643
6.070347343794974,0,Tier 2,Germany,100-300,0,65.07230725324078,56.492149945388846,Cybersecurity,Manufacturing,2.875124799469498,84786.8592432259
8.265693401042853,2,Tier 2,UK,100-300,1,59.14873231444757,83.69478254948135,Core CS,Tech,5.068264688085606,103399.82834254437
7.103349978665368,2,Tier 2,Germany,Top 100,3,75.85158310096531,49.8829654029543,Data Science,Healthcare,4.014293749304059,103719.21348262847
6.9493808320824675,1,Tier 1,UK,300+,2,81.13179496138159,80.48641181381483,Cloud,Manufacturing,7.038803213295591,101679.04499840776
7.787081874884917,1,Tier 1,USA,Top 100,0,61.17435391472912,57.34190451501927,Cybersecurity,Other,5.009788494011297,120000
7.100709224461326,2,Tier 2,Canada,Top 100,0,59.421988167248585,77.01010896004199,AI/ML,Healthcare,6.57978996078676,112270.79017782632
6.618758861424607,1,Tier 1,USA,100-300,1,59.76566119480893,79.67816903949586,Cybersecurity,Consulting,5.34044046497401,120000
6.2851239890247035,2,Tier 3,India,100-300,0,60.44150223362378,80.41002394604564,Cloud,Healthcare,6.539969477092976,38245.97023649948
5.6868959075183225,1,Tier 3,Germany,100-300,1,51.856939787782146,53.48503034374302,Core CS,Manufacturing,6.979523336778354,67928.94334315894
7.009778838732135,1,Tier 1,Germany,Top 100,1,72.73412579362441,42.814500735468116,Cloud,Tech,5.849389653864341,114993.63297721898
8.096081482888296,0,Tier 2,USA,300+,0,86.03631887864674,69.13005574850975,Core CS,Tech,4.972359447403498,118324.92978551876
7.959439658337269,3,Tier 2,Germany,100-300,1,90.24837689404612,75.74430213806298,Core CS,Other,6.639915463901414,97112.25472037237
6.974178484717906,1,Tier 3,India,300+,0,78.9165452989828,64.38376982111684,AI/ML,Consulting,7.223757450749641,33972.233832456346
8.503899639536806,1,Tier 2,USA,100-300,3,80.08425548051392,68.80930025668759,Data Science,Tech,6.351891027064633,120000
6.737754832098782,1,Tier 1,Canada,Top 100,2,75.14341301446458,72.59783371175067,Cybersecurity,Consulting,6.690347554379197,117021.5210171372
5.859185506303638,3,Tier 3,India,Top 100,1,82.26276010961021,84.2488375527322,Data Science,Finance,4.7402382545588315,52226.889700570086
7.315098574531795,0,Tier 2,India,100-300,1,99.92974941550452,72.93755860476766,Cybersecurity,Consulting,7.389495927200872,43653.672571600495
7.66345901806629,0,Tier 3,India,300+,2,79.50403182487055,50.554480589235446,Core CS,Tech,8.941532138708368,48293.427113441576
6.494678780389085,0,Tier 1,India,300+,4,58.94792515894518,83.535681718314,Data Science,Consulting,3.671959767522377,54403.61650167596
7.232962204110426,1,Tier 3,USA,300+,3,42.53971438433419,34.51976717790079,AI/ML,Manufacturing,5.578324032626718,96049.77351593765
6.852774080640798,1,Tier 2,USA,100-300,1,57.47695084934818,62.73590129407864,AI/ML,Consulting,4.687113448211859,120000
6.822574877027091,0,Tier 3,Canada,100-300,1,52.30442162974302,67.7522443540588,Core CS,Consulting,4.397323718536165,66560.6239797888
7.775495441926443,1,Tier 3,Germany,100-300,0,62.19096484955543,88.17442217094637,Cloud,Tech,2.919482333714234,75923.69355193847
6.4948779555467535,3,Tier 2,Germany,100-300,1,81.90818411724057,61.60408029473564,AI/ML,Other,5.974564390903833,93241.3377215088
7.042021094572253,3,Tier 2,UK,100-300,2,39.26640252619788,65.7612630318238,Core CS,Tech,6.159927803630362,103045.9166314682
7.288353341034219,0,Tier 1,Germany,300+,0,49.73260769820555,75.5321823962399,AI/ML,Manufacturing,4.575849811265761,112930.37201956984
6.248606767454395,1,Tier 3,Germany,300+,3,66.00325627580236,30,Data Science,Healthcare,5.8378532399311585,72380.23659683389
8.066041174132103,0,Tier 3,UK,100-300,0,65.50101214012253,64.38284524801671,Cloud,Healthcare,6.827312720170876,75626.07069897284
7.743145610825772,2,Tier 3,USA,100-300,0,57.3325238014064,73.2588951768575,Data Science,Tech,6.018323912819735,106828.22181821482
6.51607458885746,3,Tier 1,Canada,100-300,2,94.49554316116524,87.24234030823483,Cloud,Consulting,3.227122082685576,96055.17742787996
7.398230647534222,1,Tier 3,India,Top 100,1,61.089950119706366,57.95534597714905,Core CS,Finance,4.685604197120955,48323.443279415675
7.429929602256305,1,Tier 2,Germany,Top 100,3,85.44163906831602,80.08222973468082,Core CS,Healthcare,4.856839600936578,91425.27923553946
7.5138409880089405,2,Tier 1,USA,Top 100,5,54.70311584901525,61.79954591225966,Data Science,Manufacturing,4.754600195452859,120000
5.644595283203937,1,Tier 2,Canada,100-300,4,47.13005500608392,81.21130769600552,Cloud,Manufacturing,6.066309746289985,86372.74219885505
7.805285232826103,0,Tier 3,USA,300+,0,81.52207540179967,66.27678673839345,Cybersecurity,Healthcare,7.217781530440292,88366.2083791991
6.544240829659415,0,Tier 1,UK,100-300,2,88.3790690327172,83.07432491129164,AI/ML,Other,6.334829985634873,120000
6.713737653246986,4,Tier 3,USA,300+,3,71.61503283723961,84.85985755102857,AI/ML,Tech,7.037931989034218,110415.08272138191
9.11030540180816,0,Tier 3,Germany,100-300,2,100,62.558398584506826,AI/ML,Manufacturing,5.752779371349805,85776.3269365675
6.690942019642259,1,Tier 3,India,Top 100,0,73.54487857039813,82.58485609927119,Core CS,Consulting,3.190319901293776,42461.3148079699
8.111811307157085,0,Tier 1,Germany,300+,3,62.78242650491106,53.81339676617221,Data Science,Manufacturing,4.129121429607061,120000
8.133129433360233,1,Tier 3,Germany,100-300,0,57.41069664251948,60.491276555244355,AI/ML,Finance,5.086073291068788,85057.95265209413
7.246633650911057,2,Tier 3,UK,100-300,1,93.79004145701364,74.6907497863527,Core CS,Other,4.523839468162818,85782.07149076418
7.111722951652281,1,Tier 2,India,300+,2,76.59082934808823,74.8428664346149,Cloud,Tech,4.41012151889379,54100.91159617978
7.058669395822509,0,Tier 2,Canada,100-300,3,79.714469935214,46.57628069148976,AI/ML,Manufacturing,5.104643055149675,97291.18010923208
7.77374249795116,3,Tier 2,Germany,300+,1,56.71711834797139,55.972453568996855,AI/ML,Finance,6.971841522255919,103575.14419665356
6.710121953963118,1,Tier 1,Germany,300+,1,73.12739448235565,47.603477973415096,AI/ML,Healthcare,4.913952673389829,106684.30552906504
7.593457835512101,0,Tier 1,Canada,100-300,1,80.30692403119309,41.21118424404439,Cybersecurity,Manufacturing,4.532682231661384,115850.92128285732
6.677369766471249,2,Tier 1,India,300+,2,82.50083782737912,64.99795181091525,Data Science,Consulting,4.522032454791155,56138.07891810675
7.0676215870274595,0,Tier 2,Canada,Top 100,1,84.09687457500912,97.1925256888201,AI/ML,Finance,6.865584318970968,114462.83554473634
7.728172626931796,1,Tier 1,USA,Top 100,2,54.13468012179166,94.56574942722284,Cloud,Manufacturing,4.168187927085494,120000
7.045393346637455,0,Tier 2,Canada,300+,0,76.2900891023776,82.66407573420068,Cloud,Healthcare,5.43587591522396,94694.32843415216
7.090764832045242,0,Tier 1,USA,Top 100,0,38.38182928968739,81.40778024497418,AI/ML,Other,4.537480185399672,120000
7.148670103122202,0,Tier 2,USA,300+,2,71.27424995603364,63.799609820430334,Cloud,Consulting,6.016598706693185,108627.49987059348
7.735897212763544,1,Tier 2,Canada,300+,1,83.5557975586864,64.84971423245499,Core CS,Finance,5.180127304688453,95639.88690943332
7.815138592071919,0,Tier 2,USA,300+,0,70.05053512573735,64.1571098392286,Cybersecurity,Tech,6.566605802205351,120000
6.524631302094667,1,Tier 3,Germany,100-300,4,80.21159816029575,64.13893321688329,Cybersecurity,Healthcare,5.335540032470666,56225.81691049109
7.559052536224381,1,Tier 3,Germany,Top 100,1,68.50381283485538,40.515329485522074,Cloud,Other,5.532383261076063,77276.4553212736
6.747934457672861,1,Tier 3,UK,Top 100,2,52.03410725129774,63.762233968685074,AI/ML,Finance,6.121509423958912,94044.38110746082
6.806855548220005,1,Tier 2,UK,100-300,1,46.727714119660774,93.60272325631988,Cloud,Tech,6.322521528682675,94069.0199260674
8.17342604551918,0,Tier 2,India,300+,3,84.1013926097756,69.80184862363993,Cybersecurity,Tech,5.111386589218568,53832.611199876366
7.3489885638408445,0,Tier 3,UK,300+,3,55.783968262738725,79.70586867622629,Cloud,Manufacturing,4.245769932899364,69020.38523645158
6.256690927592193,1,Tier 1,Canada,300+,1,74.04505763220611,72.86971494979423,AI/ML,Tech,7.5283473934793985,120000
6.531365821241048,1,Tier 3,USA,300+,2,69.18098715163164,80.81506210639233,Core CS,Tech,4.677909201215445,91996.42221864835
7.767053045174138,0,Tier 3,India,300+,2,70.98550454653635,60.848315706992445,Data Science,Healthcare,4.493881414270414,44150.60877816259
5.442126020687349,2,Tier 1,USA,300+,3,75.28919927011077,88.15167932977755,Cloud,Manufacturing,5.292176560625256,115366.07915380296
7.78276624453324,1,Tier 2,UK,Top 100,1,81.43281075597616,58.76474679079398,Cybersecurity,Manufacturing,7.256410286917127,98216.96033932596
6.351577096142699,3,Tier 2,India,Top 100,1,64.4551970910657,62.21624367428499,AI/ML,Other,7.891371061875704,52316.822093809205
7.685580429586229,1,Tier 2,UK,100-300,2,91.63005584106952,63.63852809987153,Cloud,Other,6.0159847585681785,94251.13185120864
7.023020451264799,0,Tier 1,India,100-300,0,71.64325818030326,63.909497393123,Cybersecurity,Finance,6.120383041286935,53461.50269742344
6.851921880463025,0,Tier 2,Germany,300+,2,55.133803840242294,83.12083470223311,AI/ML,Tech,4.398960081201892,99568.0993241592
7.969703363386789,1,Tier 2,India,Top 100,2,70.26727571519373,74.53043943901837,Cybersecurity,Manufacturing,5.326898318749782,50622.91507846203
6.008329589979978,1,Tier 3,Germany,300+,2,66.16195359806716,66.02629983762728,Cloud,Finance,7.074535209256751,64905.402041962625
7.573072064432329,1,Tier 2,UK,100-300,3,75.04689924602872,70.20483838832264,Data Science,Consulting,7.6944863452332415,111523.22629631704
8.859759131458734,1,Tier 1,Germany,300+,0,66.50095416232855,65.46028165689332,Cloud,Other,2.080221479468328,101497.88459535406
6.915127491726864,1,Tier 1,UK,100-300,4,74.25097329554112,68.65441319957618,Cloud,Consulting,4.947682236236473,104090.0230399692
7.986724861082136,0,Tier 2,USA,Top 100,0,99.06926566958428,34.12076596494631,Data Science,Healthcare,7.033728819906552,120000
6.993848803422904,1,Tier 1,USA,300+,5,52.807686712290234,88.25503315742448,Cloud,Healthcare,3.2496617073407985,120000
8.044857763097303,0,Tier 3,Canada,300+,4,100,64.38849519610534,Core CS,Manufacturing,6.1391966849507575,73376.87440126637
6.606750448784856,0,Tier 2,Canada,300+,2,83.33533979349933,72.77117908544633,Core CS,Other,5.106052025017504,82649.39259902852
5.869819392879555,2,Tier 2,USA,Top 100,0,72.4087341432481,83.50880607299113,Cloud,Manufacturing,2.2374042161597623,104587.2236555784
6.586522493460937,1,Tier 2,UK,300+,1,54.10928170625576,70.07020274410402,Cybersecurity,Consulting,8.240203411075981,88047.19187637947
8.113631001269674,1,Tier 1,Germany,300+,1,62.94471108842466,80.29679521862336,Cloud,Finance,3.2910888606795417,116843.01453731395
7.08890350023721,1,Tier 2,UK,100-300,3,63.53083385955954,74.82722652327246,Cloud,Manufacturing,6.004361220081671,95576.87660896024
8.05455765378722,1,Tier 2,UK,Top 100,1,95.60685251228767,92.66424438143592,AI/ML,Tech,7.028208235927403,120000
5.913460062817925,2,Tier 2,India,Top 100,2,88.25970258115859,67.99384805367426,AI/ML,Consulting,4.534085899607824,52931.62367105195
6.645389228145678,1,Tier 1,India,100-300,2,72.40249528391534,66.81071627583046,Cloud,Consulting,3.6576016895297,54356.86738298604
6.7691399062767195,1,Tier 1,USA,100-300,4,65.90529592333097,80.4121917582354,AI/ML,Manufacturing,4.271605996060132,120000
7.067275510600157,1,Tier 1,Canada,300+,0,76.98251883755643,58.50453139078749,Cybersecurity,Manufacturing,4.178618254275903,90274.17509551464
7.552728765913754,2,Tier 2,UK,Top 100,4,69.88820680583342,40.460479510624594,Cybersecurity,Healthcare,7.047330077060089,102781.99110350983
7.1112229495625,0,Tier 1,USA,300+,1,30,60.96371956955385,Data Science,Manufacturing,2.6786576662648947,120000
6.9639016877407585,0,Tier 2,Canada,100-300,0,54.2619219857993,80.88438151644426,Cybersecurity,Other,7.382024406095575,94196.87042527618
6.867935547997563,2,Tier 2,UK,100-300,4,60.76493664272881,84.02814033600545,Data Science,Consulting,3.9966543170659152,107299.47681201305
7.02540756526516,0,Tier 2,USA,300+,2,71.73780946428722,94.03930337960747,Data Science,Consulting,5.955846548074503,120000
7.060538832490709,0,Tier 2,USA,100-300,5,93.76991796613903,69.09142671460367,Cybersecurity,Tech,4.390955250006909,118497.23335739784
6.654163856714136,1,Tier 3,India,100-300,2,73.20492185096681,57.90140983624119,AI/ML,Manufacturing,3.865301867164084,40806.10663656333
8.018171787177012,0,Tier 2,Canada,300+,3,79.87140461604622,58.251104066511076,Core CS,Consulting,5.239511590571301,84419.97431187256
6.0644154966375865,2,Tier 2,India,100-300,2,69.65864532156391,61.34470920731727,Data Science,Finance,7.354405015505033,50524.24122755031
6.423223913224083,0,Tier 2,Canada,300+,3,66.8071648043502,54.780911378496825,Cloud,Consulting,5.303754954458497,75981.49166990905
9.223970899378845,0,Tier 2,Germany,100-300,1,65.03250580593506,51.32940935926496,Cybersecurity,Healthcare,7.062879267129686,100231.71506648308
6.169606916008616,1,Tier 1,Canada,Top 100,2,70.53379522579344,68.11512035550581,AI/ML,Finance,4.8735858362350735,120000
7.587581396000974,1,Tier 3,Canada,100-300,0,87.74092847222272,57.69828004801236,Cybersecurity,Tech,5.701163176051752,81482.36489738229
6.811780872022049,3,Tier 2,USA,300+,3,72.42667701972651,63.04400274015549,Data Science,Finance,4.2870270264586825,120000
8.716659940061191,0,Tier 3,USA,100-300,1,81.35171884302912,58.93579711244521,Cloud,Healthcare,6.666336709282218,102342.95014272956
5.4144284114090295,3,Tier 1,Germany,Top 100,3,87.16726613441551,76.2878089001688,AI/ML,Finance,3.5923382681965337,103009.91837013514
7.718687654677589,2,Tier 1,USA,100-300,1,68.48651516095694,73.80367146134854,Cybersecurity,Manufacturing,5.204773449147275,120000
7.89982137598865,2,Tier 2,USA,300+,0,57.73343315468822,74.83538517962778,Cloud,Finance,6.5362527613213235,114548.25138037986
6.589928962417193,2,Tier 2,Germany,100-300,2,61.82214408100684,42.93175055114,Cybersecurity,Other,3.88649765828352,82737.54967341365
7.546569923200855,0,Tier 1,India,100-300,4,48.75326521688103,98.96688880825326,Cloud,Manufacturing,3.8699700767808105,53434.89141764951
8.112204262009591,0,Tier 1,Canada,300+,1,62.86047604379701,34.67066307981347,Core CS,Consulting,4.646527719222632,111453.47872018894
6.802931775056122,2,Tier 1,Canada,300+,3,55.066294169810064,95.6464949117132,Cloud,Healthcare,4.659107391256348,105083.35260512154
6.3432968620722505,1,Tier 3,Canada,100-300,5,60.80717516789114,90.02124420558533,AI/ML,Other,3.6085403422107265,79312.47499082785
6.7928489627372874,0,Tier 3,Germany,100-300,0,70.40033492952482,64.76641851062806,Core CS,Manufacturing,4.925809912733406,73559.73371390525
6.849712479193024,1,Tier 2,Germany,300+,2,71.41015200755464,59.27309739027665,Cloud,Consulting,5.710425382353114,83792.86078646818
8.019542741350065,0,Tier 1,UK,100-300,3,76.68240843905399,74.7204126087133,Core CS,Finance,5.637243891125104,120000
6.8626610768601735,0,Tier 1,India,300+,1,76.79926856864371,59.90145749159033,Data Science,Other,3.7946537016031874,61320.46756951016
7.878787900841455,1,Tier 2,India,300+,1,46.127197927150235,54.24453136405239,Cybersecurity,Finance,3.873737161057773,47842.80150958363
7.0516047782900575,2,Tier 1,USA,300+,3,97.83426335709436,85.01612014454574,Cloud,Consulting,5.938701811178091,120000
7.725235325687971,3,Tier 2,Germany,300+,4,91.22726320569323,48.34625388967777,Core CS,Tech,6.093084246569238,99522.38004342314
7.057801638590333,2,Tier 1,Canada,100-300,1,56.389182367951065,59.59292434963592,Data Science,Healthcare,5.850192091001805,120000
8.64624894167821,0,Tier 2,UK,100-300,4,43.82998818293622,54.25684009103516,Data Science,Manufacturing,6.120670777407109,118063.2614939875
6.89878488243684,0,Tier 1,UK,Top 100,0,70.19772442580884,89.4010029443768,Data Science,Other,3.7321648259412967,120000
8.01436838968247,0,Tier 2,USA,100-300,3,78.80254997762471,69.36646681297637,Cybersecurity,Tech,6.651852438097464,120000
6.9804811462110745,0,Tier 3,USA,100-300,2,100,82.07952122505444,AI/ML,Healthcare,2.7688534031292527,105204.04484578264
7.674011117164003,1,Tier 2,Germany,Top 100,1,70.36981477913898,47.445906268901304,AI/ML,Healthcare,6.42887370543911,100563.34237717817
7.6039670129135715,0,Tier 2,Canada,100-300,3,78.41051774849842,54.20210294119131,Cybersecurity,Healthcare,8.792756116017511,94671.4627098828
6.99695669306336,1,Tier 3,UK,Top 100,1,53.10513056653612,53.98195251185959,Data Science,Finance,3.012058977429501,97658.20059132688
5.727886535455761,1,Tier 1,UK,300+,2,96.06850434421088,71.69856452467253,AI/ML,Healthcare,6.149009367408768,111432.2526096724
6.46827912199835,0,Tier 3,UK,Top 100,3,60.62544777351188,62.479571303945725,Cybersecurity,Consulting,5.5114175112345505,78580.27181428335
6.277752858429761,1,Tier 2,UK,100-300,2,83.62087644997015,91.11139075523693,AI/ML,Healthcare,2.765453218755901,101646.96116944724
7.647411758593589,0,Tier 2,USA,Top 100,2,50.912984630151456,79.74407601897563,Core CS,Healthcare,8.245035975664814,120000
7.093464139337747,1,Tier 1,UK,Top 100,0,52.91826832198286,58.84248527525929,Data Science,Other,4.493462648527485,120000
5.971527199395178,1,Tier 3,UK,100-300,2,100,46.08767800682304,Core CS,Consulting,4.08289360750739,57548.0165073995
7.704052770365874,0,Tier 1,UK,100-300,1,70.31748143996977,68.75911140422076,Data Science,Tech,6.382232923309018,120000
7.264091032376755,2,Tier 3,Canada,100-300,0,94.66831870175218,77.72546438794703,AI/ML,Manufacturing,4.3580269170258665,84657.22763132096
6.348791464566755,0,Tier 2,Canada,300+,3,68.59506108707065,63.73305740226094,Data Science,Finance,5.702202925501901,92352.64966771589
6.707458333975584,2,Tier 2,UK,300+,2,68.46525263162658,71.79589358687497,Cloud,Consulting,3.4278589037576492,87423.55137090106
7.417159519247623,2,Tier 1,Canada,100-300,2,71.31218385400305,76.12229560620354,Cybersecurity,Consulting,7.742048090322468,111536.52965173995
8.069575258844768,0,Tier 3,Germany,100-300,2,70.15702246073047,90.92702068989686,Core CS,Healthcare,7.551256132689714,77915.51269087257
6.934197040262838,0,Tier 1,India,Top 100,1,95.27201600561952,53.83907243338962,AI/ML,Healthcare,4.314201421792928,68691.32159273948
6.64981014207654,1,Tier 1,Germany,100-300,4,62.58653669365427,42.9457224842463,Cybersecurity,Tech,5.158279819281969,98835.52027406912
7.145591906098238,0,Tier 1,UK,300+,1,56.6089717021766,79.03491662867341,AI/ML,Consulting,4.9260194105916035,120000
7.265176717064716,0,Tier 3,Germany,100-300,4,89.15706321352711,78.595379314314,Core CS,Manufacturing,5.54402003688305,71596.35880324252
7.291649181884366,0,Tier 1,USA,300+,3,75.83420144513137,65.64466045122701,AI/ML,Tech,3.875700089220575,120000
8.180703320403172,2,Tier 2,USA,300+,2,61.40497026969298,64.04573373885901,Cybersecurity,Finance,6.232310472131052,114967.4286237038
6.816735175262632,1,Tier 2,UK,100-300,1,54.621950621365194,85.53056428983155,Core CS,Other,1.4732072971755783,95171.0436429634
8.042072317428985,0,Tier 2,Canada,100-300,2,84.98501065627633,67.18631402305107,Core CS,Manufacturing,3.1879754647263168,91086.54924463168
7.110129552694437,1,Tier 1,Canada,300+,4,58.4743590626714,42.33132974900177,Core CS,Manufacturing,4.769505072728795,98990.20347198388
7.407751384979725,4,Tier 1,Germany,300+,1,85.17128714765667,82.44645571513134,Core CS,Tech,3.949568569173504,113238.45591364829
8.200674424224303,1,Tier 2,UK,Top 100,1,76.67861325142415,60.408207782037465,Cloud,Healthcare,5.525563598706001,95304.83725242404
6.497063802375312,0,Tier 2,Germany,100-300,3,63.792903894745926,30.523749238985317,Data Science,Healthcare,4.722033942492413,89353.81896984308
7.1081522727899085,1,Tier 3,India,100-300,4,85.19974423151994,81.98909018503909,Data Science,Manufacturing,4.700894620891348,44688.201664666376
6.739013036446912,0,Tier 3,India,Top 100,2,88.16191869932439,58.19848665508923,Data Science,Finance,8.640462842832783,44199.98481039716
6.775068766028355,0,Tier 3,Canada,100-300,3,91.91172683986476,75.37529018781579,Data Science,Healthcare,5.586353230887798,83483.36708030429
7.404269718117879,0,Tier 1,USA,100-300,2,53.69189674468054,72.05961909772924,Cloud,Other,5.433419547985295,120000
7.42227147993247,1,Tier 1,India,100-300,1,69.6249803589126,49.37258905348929,Cybersecurity,Consulting,6.070718524176298,54768.158435136545
7.721382957712219,2,Tier 1,India,100-300,1,53.9949109916417,85.45079919459216,AI/ML,Tech,4.77299735776226,61721.18294052551
6.2815782189404334,1,Tier 2,UK,100-300,2,95.86645682986472,66.63785731234724,Cloud,Healthcare,4.507755136734373,89346.80230704363
6.630986359601354,0,Tier 3,USA,300+,2,94.29461314876866,70.97687152535093,Core CS,Manufacturing,6.856280316076555,88037.00747048648
5.197765284214928,2,Tier 3,Germany,100-300,3,65.6557546348751,71.41880760051889,Cloud,Consulting,3.2275031112192716,64301.30018255859
7.268774538752461,1,Tier 3,Canada,300+,0,79.52798898806633,57.100360399798745,AI/ML,Other,5.447934723456594,73132.634089095
6.781724362927895,1,Tier 3,India,100-300,3,57.129143721296224,56.69246186514304,Data Science,Tech,5.28743246808614,44107.57898749489
7.776140066054287,1,Tier 2,India,100-300,4,73.31788688710574,67.51082353134042,Data Science,Finance,4.852382524894425,62597.20065117804
6.121272625629958,1,Tier 2,Canada,300+,2,34.3165171590578,75.48689158547236,Core CS,Consulting,6.452467504511988,88360.5134687674
6.504701641400055,2,Tier 2,India,100-300,2,70.03980334054354,50.91619277365706,Data Science,Healthcare,5.641513876046526,51578.43426422596
6.054414403145425,1,Tier 1,India,100-300,1,67.37885858639542,58.90896692877699,AI/ML,Healthcare,8.287184083748453,50846.67755298065
7.796778943077157,0,Tier 2,UK,100-300,2,39.97501526865667,72.5387609780509,Cloud,Manufacturing,8.228274955431548,92938.58564394762
5.98442778718975,1,Tier 1,Germany,300+,3,63.51116834825052,59.68236156094646,Core CS,Healthcare,2.761445130375818,87429.59762418216
6.865359661462686,1,Tier 1,UK,100-300,2,64.76370472164098,67.02831196996614,AI/ML,Manufacturing,6.490391600289537,120000
7.479282665490876,0,Tier 1,Canada,300+,0,85.8284417613263,72.52973516687697,Cybersecurity,Tech,5.989790772616043,114941.81183244105
6.033792485965318,5,Tier 2,Canada,100-300,1,73.42882531152759,62.80033245463584,Cybersecurity,Tech,8.037862712989256,89432.16479703007
7.647290232585103,1,Tier 1,UK,Top 100,0,63.14010266817039,50.38316630893874,Cloud,Tech,6.454907143912894,119825.89466482874
6.613612859141727,1,Tier 3,Canada,300+,1,72.95748363934788,65.92029845918938,AI/ML,Healthcare,6.928110885473339,73581.007552129
7.424546498408038,0,Tier 3,India,Top 100,0,78.40396680556192,84.5379176162854,AI/ML,Tech,5.0329255330949225,52625.62989639552
7.4927736048374705,1,Tier 1,Germany,Top 100,2,92.2994743081401,68.07496799179961,Cybersecurity,Finance,6.1066482241945605,110718.78787064207
7.82974512451924,0,Tier 1,Germany,100-300,1,100,73.2318404576784,Cybersecurity,Healthcare,5.354001416303287,103551.88636653364
7.5545740813269635,0,Tier 2,USA,100-300,3,77.98777043272376,64.75885559820868,Core CS,Consulting,4.823393592416263,105111.42827332256
6.7339364961201,0,Tier 3,Canada,100-300,3,87.84897794014523,68.8346435271061,Data Science,Other,4.735466140426593,88361.77862676955
8.998744386977195,2,Tier 2,Germany,300+,3,68.72020965724845,63.77035416081317,AI/ML,Healthcare,6.692955710668527,93335.23844333962
5.874418030316809,1,Tier 3,Canada,Top 100,2,76.59209574292487,74.41793503880155,Cybersecurity,Healthcare,2.3691740796142207,78151.95167168231
8.056796631632569,3,Tier 2,Germany,300+,2,53.9135738937825,96.0403828522798,Cybersecurity,Tech,4.012107180734557,98292.78071575692
7.0864112967836,1,Tier 1,USA,300+,1,72.3225809435986,61.93625193304535,Data Science,Consulting,5.844723982628309,120000
7.766395153184015,4,Tier 1,India,100-300,0,89.37010789600971,93.87186435296007,Core CS,Finance,5.51781294443646,58173.30493739151
7.530836494798748,1,Tier 2,Canada,100-300,1,59.78034778365716,67.58519784686686,Cybersecurity,Other,3.3107632650215564,90284.29150467557
7.305140494027474,4,Tier 3,UK,Top 100,1,100,47.03792744957658,Cybersecurity,Healthcare,5.413642251104704,82868.00366118032
7.797812454127098,0,Tier 2,Canada,Top 100,1,44.52641726642398,37.08018084905539,AI/ML,Tech,4.13777971542604,120000
6.946840819752436,1,Tier 1,UK,300+,1,77.8789183070614,75.25793417226029,Cybersecurity,Other,5.300586739392571,112520.62654561464
6.713536443056545,1,Tier 3,UK,100-300,0,75.81246515168684,70.79438739389778,Cloud,Consulting,5.222490036749986,68203.04648617719
7.98181905766501,3,Tier 2,Canada,100-300,0,63.32366448083693,48.09545858254359,Data Science,Finance,5.34305567614901,116786.85566319471
6.031871597615292,2,Tier 2,USA,300+,1,90.49863853789708,55.52256828221235,Data Science,Tech,7.336872438197762,120000
7.350863432736804,1,Tier 2,India,100-300,2,68.82095373552465,95.69572589564068,Core CS,Other,7.434982254549083,42013.06023398998
7.852301017807682,2,Tier 1,Canada,100-300,4,74.53911580328746,43.002324415959066,Core CS,Other,6.667645567806631,111068.3591422453
6.793563587511071,0,Tier 2,India,300+,0,39.33174939747562,69.53183908020017,Cybersecurity,Tech,4.888337823186609,48870.99278086225
8.014866588517975,1,Tier 2,UK,300+,2,84.1931095574581,69.67559657916848,AI/ML,Tech,6.377755401172168,120000
7.393130205084422,2,Tier 2,Germany,100-300,1,93.13843092510902,62.459714727531534,Data Science,Healthcare,4.074259908900035,100647.42064224376
8.139702185661795,0,Tier 3,India,100-300,4,73.6162957282746,52.381502217792466,Data Science,Manufacturing,2.9506959261480405,45800.42020823861
7.705829194079373,2,Tier 2,India,300+,5,85.13592370060678,57.37864867915262,AI/ML,Manufacturing,3.913853107935759,52727.056031979206
6.755188836514073,2,Tier 2,Canada,300+,2,83.86286302996939,90.03415202658881,Data Science,Manufacturing,5.096682632262367,96848.04762037352
7.116341773924607,0,Tier 1,Canada,Top 100,1,59.93349983758394,77.91035233370998,Data Science,Tech,3.4249307813580976,120000
6.4370316805348535,0,Tier 3,India,100-300,2,63.806426079950384,64.730684884487,Data Science,Healthcare,3.851729081203695,38654.419569086545
8.353877257970563,0,Tier 2,India,100-300,5,89.82655953886083,44.08588633491523,Core CS,Finance,8.3036024069088,51206.79151166148
7.11546117738083,2,Tier 3,Canada,100-300,1,98.32241489891072,34.133009361450625,Cybersecurity,Finance,3.563071665073018,80125.38068339723
7.271484650204976,0,Tier 2,UK,Top 100,2,78.95569937286439,67.97025220709352,Cybersecurity,Other,3.5243471798229127,93302.4907508966
6.721474082546149,1,Tier 1,UK,100-300,1,84.04732922188613,63.14216242179297,AI/ML,Healthcare,7.025323282534263,120000
6.70510450737144,0,Tier 2,India,100-300,1,92.51232221475207,49.01103804686666,Data Science,Tech,6.6135224193073565,47372.0408923402
7.64563713328535,0,Tier 3,USA,Top 100,2,81.98421870354908,78.40404199592909,Data Science,Consulting,5.837522154367921,105664.5406113178
7.895750222842705,1,Tier 1,USA,300+,3,53.53816677306749,64.28308315185487,Cloud,Tech,5.595614160084571,120000
7.226442529806923,1,Tier 2,India,300+,2,76.30800559943155,58.85072111512106,Cybersecurity,Tech,5.924194234329106,57051.82636082869
6.7285510502894725,2,Tier 3,Canada,100-300,2,74.54861652642187,61.35297135429517,Core CS,Manufacturing,2.248645863401336,74029.24147059208
7.015679693262102,1,Tier 1,UK,300+,1,89.56800400280375,65.4581125394666,Cloud,Healthcare,5.737622818311752,103236.63820635653
6.358055968108131,0,Tier 3,UK,100-300,1,46.53733423394958,55.13677405132944,Cybersecurity,Finance,5.276451359224482,82440.97925108802
7.463142918856988,0,Tier 1,USA,300+,1,81.82909079063774,82.0061478607936,Data Science,Healthcare,3.4914272950935183,120000
7.3680338590883725,1,Tier 3,India,300+,1,100,84.6543215133341,Cybersecurity,Manufacturing,5.261041862916254,36525.16284610332
8.232352991821339,0,Tier 1,USA,Top 100,3,59.17572349869792,57.804066836888055,Cybersecurity,Tech,4.96925731729977,120000
8.00427982423078,0,Tier 3,Canada,Top 100,2,77.93958071015943,61.70744301784522,Core CS,Manufacturing,6.817100559415102,81753.84528363422
7.656238699607172,2,Tier 2,Germany,Top 100,3,75.82744577234739,96.51969607831477,Data Science,Healthcare,5.754246318038793,107341.64225305992
6.239237293524423,0,Tier 1,Canada,Top 100,1,100,80.62294240941947,Data Science,Healthcare,3.676635819630528,113535.74161169844
7.556745680752679,2,Tier 1,UK,Top 100,0,59.81968505225478,54.51219182055469,Core CS,Healthcare,4.67363358065502,115436.80845318246
6.5867086409919136,0,Tier 2,UK,100-300,2,48.079472777071715,90.49640930283692,Cloud,Healthcare,3.6190606394839513,89255.7220233354
6.181397421299533,0,Tier 3,UK,300+,2,83.28880570219654,44.29737120795361,Cloud,Healthcare,4.783351848608006,66813.94310843741
6.858006492980573,1,Tier 3,UK,100-300,2,73.25786955847094,49.58958983605641,Cybersecurity,Tech,4.86605372955916,88830.68090660308
6.704544983873449,1,Tier 1,Canada,100-300,2,77.59322847663458,88.52068916744014,Cybersecurity,Healthcare,6.943109832146226,105975.15344719164
7.312967461789915,4,Tier 3,Germany,Top 100,1,65.84145936540442,46.962140378965785,AI/ML,Healthcare,10,78940.07410596785
7.46542541650269,3,Tier 2,UK,100-300,3,62.687625160933464,69.45307541087112,Cybersecurity,Other,5.264176757305606,101952.7102992591
7.925467024829591,0,Tier 1,USA,300+,0,75.4720437046907,50.65231763868532,Data Science,Consulting,4.63073411308544,120000
7.317917618767387,2,Tier 2,USA,Top 100,1,64.2425797496338,63.77174661292463,Cybersecurity,Finance,6.591557245824943,116027.62128970354
6.775598357270706,0,Tier 3,India,Top 100,1,61.38464061237476,42.67654049719004,AI/ML,Finance,2.720872772306506,41968.42923398834
6.913488807686867,0,Tier 1,UK,100-300,2,48.63028764949351,59.50049071358839,Data Science,Manufacturing,4.942662483059351,120000
7.889680495377071,0,Tier 1,India,Top 100,1,64.08481145842748,65.94740810120919,Cloud,Consulting,4.516335454319763,52450.782150392326
7.548232067768774,2,Tier 1,Germany,Top 100,1,50.180939503238235,70.91928807915701,AI/ML,Healthcare,6.519417262102006,120000
8.121607460735298,1,Tier 2,Canada,100-300,2,56.350825849214715,47.69099968143553,Cloud,Healthcare,5.529275145243619,91728.789337718
6.757691804960806,1,Tier 2,Canada,100-300,2,87.72047678014519,40.92305643352903,Core CS,Finance,4.450459538661431,95056.30569665963
8.076879835611406,0,Tier 1,UK,100-300,3,72.1043042427354,74.06121071143828,Data Science,Other,4.947553676355999,120000
8.177268066055916,0,Tier 2,Germany,100-300,1,57.535477958111045,71.04947794254242,Core CS,Finance,7.050659444870261,92693.80309706484
6.982514602046301,3,Tier 3,Canada,300+,2,69.79564672796921,56.43489819808287,AI/ML,Tech,5.65983681646445,90533.44276350814
7.565785099043421,0,Tier 2,USA,100-300,0,69.31580084679737,75.8931638444105,Cybersecurity,Finance,7.839496476340608,117722.8766055766
8.180089891447885,0,Tier 1,Germany,100-300,0,79.00107857822162,74.86301524583939,Cloud,Finance,3.312735465592811,111011.84987518798
7.17471119003534,0,Tier 2,UK,100-300,2,69.67119033429732,87.91030185043574,AI/ML,Tech,2.361059903073094,117333.6850244828
8.031090740165041,1,Tier 2,Germany,Top 100,2,57.24210007398284,72.06528859472367,Cloud,Tech,4.662161634805944,106671.7372603656
5.943286173995071,1,Tier 3,Germany,100-300,3,59.653388575811626,86.03436933484414,Core CS,Manufacturing,5.637333558780958,60791.74686600924
8.714405643667927,0,Tier 1,India,300+,1,54.14643493468064,60.69945901552225,AI/ML,Tech,6.72965740829992,83304.66068190205
6.6241884285302906,1,Tier 1,Germany,100-300,3,76.18722146657733,54.21593079708978,AI/ML,Consulting,5.377536034852236,113447.0746829554
7.127004840750034,2,Tier 1,India,300+,2,70.43314083774894,63.7385595767887,Core CS,Tech,4.034188054355766,58807.46802579733
7.924805335560902,0,Tier 2,India,100-300,0,65.19207125140228,57.72885582913316,Cybersecurity,Healthcare,7.506701496128818,50667.453922741566
6.193705669422296,0,Tier 2,UK,300+,2,55.418477339309085,73.19761126014131,Cybersecurity,Tech,4.500413723549694,92873.93572637269
7.202989837419866,1,Tier 3,UK,Top 100,0,55.358602440260896,75.3486502249148,Core CS,Tech,7.929122486200252,82808.07573329339
6.769675138505664,0,Tier 2,Germany,100-300,1,79.31313749899725,76.60026720063257,AI/ML,Manufacturing,6.247331847446559,98330.17631061938
8.27534236496321,0,Tier 2,India,300+,1,74.2855920108041,69.58094575476082,Data Science,Consulting,4.449674729523273,55505.60486743277
8.144921694209392,0,Tier 3,Germany,Top 100,2,73.70232651442876,45.047908928967274,AI/ML,Manufacturing,5.332181011715159,91854.05424588472
6.791970999855645,0,Tier 1,USA,300+,2,85.4635498344829,34.53551203537906,AI/ML,Finance,5.276132043470422,120000
6.827370298937424,0,Tier 1,UK,Top 100,1,68.12644702667436,48.33173775736722,AI/ML,Other,5.3638772741423475,120000
6.057790833606914,1,Tier 1,USA,300+,4,64.53123140315616,47.199551203642415,Cybersecurity,Consulting,6.21405547642252,115409.09140008144
5.527786892163546,4,Tier 3,India,100-300,1,81.05650568755887,94.60460125829114,AI/ML,Manufacturing,3.554496266496961,43610.45363925795
8.062532843165867,0,Tier 1,Canada,300+,0,70.77246411293423,55.051330667241025,Core CS,Finance,6.136457502450459,111857.3778121834
8.392753189277592,0,Tier 2,Germany,100-300,1,79.35804585622863,68.2226040058692,Core CS,Other,5.0323458816226,97237.9250104265
5.9684155302322495,3,Tier 3,Canada,100-300,3,84.09125284939897,62.80796843945144,Cloud,Manufacturing,4.094714414870573,65037.767469191625
7.04675958456452,0,Tier 2,UK,Top 100,2,61.52401119463802,71.07643649606158,AI/ML,Tech,6.448333823115362,120000
7.730096258032352,0,Tier 3,USA,100-300,3,75.92227758286944,42.09982544096224,Cloud,Manufacturing,5.1323546230038515,99152.89382958454
7.337373546402477,1,Tier 1,USA,100-300,1,61.3259274768687,35.24371025850276,AI/ML,Healthcare,6.448367362578832,120000
6.952276550406247,0,Tier 1,Canada,100-300,4,48.27973512975681,45.02863771849876,Core CS,Finance,6.574856806170462,116647.20456541926
6.352220131386173,0,Tier 3,Canada,300+,3,61.530980744312814,66.20991197183469,Cybersecurity,Consulting,2.5636856169997873,73291.39296062296
6.370260744010403,1,Tier 2,USA,100-300,3,59.858597938946474,86.6196308296348,Data Science,Tech,6.1482711212292465,118601.94243135172
7.162687567999014,1,Tier 2,Germany,100-300,1,68.31966229831168,88.32988919838199,Cybersecurity,Consulting,4.973349357146079,82136.06281664359
7.545394727052114,1,Tier 1,Germany,100-300,2,53.40413887098947,56.80435168485504,Data Science,Finance,6.699067233141612,120000
8.757316843983164,0,Tier 2,Canada,300+,2,75.86485259325534,69.32764550747997,Core CS,Tech,5.640361208986599,101000.34489274728
7.613983475643304,1,Tier 1,India,100-300,1,76.43170744797978,77.80946877193065,Data Science,Consulting,3.6283614272127127,67239.67241952466
6.998628677064749,1,Tier 1,Canada,300+,3,73.07957145170003,77.29337787828382,Cloud,Tech,4.307843175396086,117099.9841751706
8.89232621759998,3,Tier 1,UK,300+,1,64.07667196301242,56.80613423309939,Data Science,Manufacturing,7.14320381803218,120000
7.15412122611842,0,Tier 1,Germany,300+,1,73.7911232841153,77.81450277586542,AI/ML,Manufacturing,8.236921557919402,110801.9818201914
7.292315393540113,0,Tier 2,Canada,Top 100,0,60.299930049419544,59.99800945339388,Cybersecurity,Other,5.115135979855989,97456.103092986
6.968670307645793,1,Tier 2,USA,100-300,0,74.50262903204859,37.52458793656524,Data Science,Other,6.897583517617273,120000
6.476373143201352,1,Tier 2,India,100-300,0,59.07367170245763,63.51731217944768,Data Science,Tech,8.002499683926247,50941.7353070852
8.16434758713226,0,Tier 1,USA,100-300,2,69.46335614196424,51.86241547751027,Cloud,Consulting,6.163759711019027,120000
6.5271852354132545,1,Tier 3,India,100-300,2,67.85605653960698,65.92052467644535,Cloud,Consulting,3.4884823110933008,41729.27490355095
7.352047943218516,1,Tier 1,UK,100-300,1,82.21335075199718,56.82164631380536,Cybersecurity,Tech,4.122819695559491,120000
7.365770450954011,2,Tier 1,India,Top 100,1,86.59151090191834,74.78302217432984,AI/ML,Healthcare,5.165681393839872,70786.38683515576
6.685294161804275,2,Tier 2,USA,Top 100,1,84.16567400861535,57.22853602688076,Data Science,Healthcare,5.3397558628837984,120000
6.390065639517669,1,Tier 3,Canada,Top 100,0,66.6493761686234,66.92834960437355,Core CS,Manufacturing,3.373466646032528,69653.78429793242
6.391709087027095,1,Tier 1,UK,300+,3,63.43244173939767,66.33934962034644,Cloud,Other,7.345123280063992,108644.08197310324
6.685110734373592,0,Tier 1,Germany,Top 100,2,77.34913704977606,52.45106671277063,Cybersecurity,Finance,4.751829768329712,117413.59502920366
7.305946652554028,2,Tier 2,India,100-300,2,86.35954735749806,63.98932747324022,Cybersecurity,Healthcare,4.44233071603368,59072.60001804559
5.950269439043586,1,Tier 1,UK,300+,0,65.64011628054493,54.5910730886083,Cybersecurity,Manufacturing,7.088268553889327,99152.78859875376
6.682307734745717,1,Tier 3,USA,Top 100,0,95.21321259285102,62.21573601877123,Cybersecurity,Consulting,6.175229914096534,95951.13000869533
6.317203615950927,0,Tier 2,USA,300+,1,56.256501940300595,38.22618470949691,AI/ML,Tech,4.80409643149734,120000
6.217353640142002,2,Tier 2,Canada,100-300,2,87.60188426027514,51.130208489620166,Data Science,Healthcare,6.004248053238171,91406.50609700989
8.438784069710493,2,Tier 2,Canada,300+,3,56.8286557068184,59.904620607695136,Data Science,Consulting,4.401042151676836,107097.80580159024
7.442324182879585,1,Tier 3,India,100-300,0,76.14798126718374,86.14277486237998,AI/ML,Other,5.906688742029699,46569.465901353025
7.884985247087975,1,Tier 3,UK,300+,1,89.67736688907408,71.84210487236432,Core CS,Consulting,7.474759229196931,76083.96730832614
7.160558955431103,0,Tier 2,India,100-300,1,46.80638496347083,78.04214259505706,Core CS,Finance,4.601738870523249,44288.52915616129
7.2058027368892015,2,Tier 2,Germany,300+,1,52.88434955456336,56.147049522671374,AI/ML,Consulting,4.444079498184612,98480.82620496648
6.724418232998038,1,Tier 3,USA,100-300,1,76.28906439748631,67.82191552638832,Cloud,Finance,2.169055692493716,102653.01226023505
6.400467210434421,1,Tier 3,India,300+,1,70.66626930832014,73.6962291801384,Data Science,Other,4.118609444983747,39431.03541928579
7.270212879243681,1,Tier 3,Canada,100-300,1,80.57878703706724,55.18829952619745,Cloud,Consulting,6.550670980809543,75076.26606096314
6.563930216003528,1,Tier 1,Germany,300+,4,55.02946345538405,50.10578973709248,Cybersecurity,Other,7.126322175327309,94832.48470267856
8.453404503660083,0,Tier 3,Canada,300+,1,65.52508799163816,96.0947353448135,Core CS,Finance,2.6469718942221365,84133.6362912352
5.9845671158055165,2,Tier 2,India,100-300,0,83.42183004068485,52.44617695435572,AI/ML,Consulting,3.0134404722527024,50111.99281940567
8.228925418283957,0,Tier 2,India,100-300,1,72.07807137912509,66.18534256272282,Data Science,Consulting,6.135500523286693,58596.156368892545
7.239268587216885,1,Tier 2,Canada,Top 100,1,70.43740861666772,78.8441199703683,Data Science,Finance,8.678543775342492,118286.45298357772
7.6665262133035474,2,Tier 2,USA,Top 100,4,72.93666708181712,34.95264966126903,AI/ML,Finance,6.103604529725552,120000
6.495800563996451,1,Tier 2,USA,100-300,1,69.40278010254731,62.348270420766056,Cybersecurity,Finance,6.572962427789286,119132.51514558312
7.691398707758909,2,Tier 2,Germany,300+,0,96.92512838299038,58.73928829466602,AI/ML,Tech,6.929925417718616,106935.15167263246
6.424008373422449,1,Tier 2,Germany,100-300,2,86.26339164821835,90.41837116224325,AI/ML,Finance,3.712473352322843,96037.47256342284
6.260749754127148,0,Tier 2,Canada,300+,3,89.2616621777005,66.93031536674596,Data Science,Other,8.356618708714592,84987.46627412137
7.308599974545356,1,Tier 2,Canada,300+,1,80.88015873165659,56.837434548834,Cybersecurity,Tech,5.534721059488715,95094.7319682372
7.562127998799444,1,Tier 3,USA,Top 100,0,73.24366182016588,87.55102503210142,Core CS,Consulting,4.686127247830267,91630.06044734753
6.467445228085163,2,Tier 2,UK,300+,4,60.80669359285015,58.644040853216325,Cybersecurity,Manufacturing,5.168083515450746,87958.74826151958
7.295213150260134,1,Tier 1,India,300+,0,67.24187647873026,74.73544643558976,Cloud,Healthcare,5.445254556627695,53086.69820299332
7.621549362345213,0,Tier 1,USA,100-300,5,61.64061520005849,55.67901695339493,Cybersecurity,Healthcare,3.138110555405749,120000
7.024381131136503,2,Tier 3,India,100-300,2,69.37488440208953,49.844050178241105,Core CS,Other,4.930134741879672,30110.35738853499
6.282197595070994,2,Tier 1,India,Top 100,4,99.00093001680212,56.49764138891755,Data Science,Consulting,6.59692634736682,58674.4448079337
6.477639875334336,0,Tier 3,UK,100-300,3,100,65.51487659515924,Cybersecurity,Finance,6.3284284639935,75722.45610184681
6.747786932866996,2,Tier 2,Canada,Top 100,2,59.7708204623831,83.97858649172143,Cybersecurity,Finance,3.1935941004304067,106687.32899383946
7.214440342071803,0,Tier 1,Germany,100-300,2,53.00226827864833,56.060869216346155,Data Science,Finance,6.5136551772705245,120000
7.572139512102447,2,Tier 2,India,100-300,4,100,84.79241613305523,AI/ML,Consulting,8.090613792284282,55293.62038052665
6.959105045587698,1,Tier 1,UK,100-300,2,49.25616778130271,75.25250594211043,Data Science,Tech,6.253474390910854,120000
7.114645044000003,1,Tier 2,Canada,100-300,1,87.86925161025982,87.25126456945515,Data Science,Consulting,6.257357390869737,98968.77719568364
6.587275749494128,2,Tier 3,UK,300+,1,63.623340076911234,40.89135135363246,AI/ML,Finance,7.31429428433172,89711.60265381043
6.443880513538502,0,Tier 1,India,300+,2,59.61958072962528,61.68747266080699,Core CS,Consulting,5.098075850810557,57232.82895071782
7.37851636261423,2,Tier 2,Germany,100-300,2,85.44749002812493,74.12435422475187,AI/ML,Other,5.958044539663517,109868.69093627136
6.437670849568346,2,Tier 3,Germany,300+,1,47.757161715512495,49.205355376856325,Cybersecurity,Tech,3.1424895665201373,74462.2656489858
7.373145029929853,1,Tier 2,Canada,100-300,3,64.35101014720783,59.92001704803742,Core CS,Other,5.312671510210221,88585.01589054223
7.416551597138135,0,Tier 1,Germany,300+,0,87.37129093739775,65.9877587347895,Core CS,Manufacturing,5.51032732367495,101221.000663303
6.136373718267169,0,Tier 1,India,100-300,2,63.755383129108345,93.69164522451256,AI/ML,Finance,4.794218225953317,66969.44537061712
7.901880071484388,0,Tier 2,Canada,100-300,2,73.03244040658578,73.48357895201434,Cloud,Finance,6.732635895142053,101655.05717851194
6.340930504287076,0,Tier 2,India,Top 100,2,91.7464775975664,35.22425293726229,AI/ML,Tech,6.39911161141025,59414.04945911443
7.952872546516954,1,Tier 1,Germany,300+,0,62.90688472796056,64.69626267594272,Cybersecurity,Other,4.800537010936092,104297.86526480026
6.882517182995759,1,Tier 1,USA,Top 100,0,70.14536709649269,73.8593455701765,Data Science,Manufacturing,4.563872933339606,120000
5.880254796213851,1,Tier 2,India,300+,1,71.73694573431854,57.454214680136694,AI/ML,Finance,5.807012716003602,47028.82006122211
6.800504299862015,0,Tier 1,USA,100-300,1,63.22167538950328,54.061735349513235,Core CS,Tech,2.357834941125694,120000
6.069565879772318,0,Tier 2,India,100-300,0,49.376135044123394,91.90699277331214,Data Science,Finance,4.320642607407644,53081.64922684916
6.6692609834908465,2,Tier 2,USA,100-300,3,76.05717061923063,97.96834655805306,AI/ML,Tech,4.558684119601831,120000
7.025916970946863,1,Tier 1,UK,300+,1,67.53029147236835,39.83287829938333,Data Science,Consulting,4.4492091962017275,114971.16972264062
8.169803683227784,0,Tier 3,Canada,100-300,1,68.39483806932114,67.31113767583025,Cloud,Other,5.4576061027945,74129.95303254582
6.767636867017769,2,Tier 2,Germany,300+,0,71.03031684537709,72.7915458789218,AI/ML,Healthcare,3.691364763689773,81872.38592846633
7.858033439658207,1,Tier 1,India,300+,0,86.04567731454944,71.59283548114522,Cloud,Other,6.968833241428975,52520.04719380508
8.143008129629417,0,Tier 2,USA,300+,0,30,76.79613365758681,Data Science,Other,6.831453024385588,120000
8.147447735481661,0,Tier 2,UK,100-300,2,57.59523094006822,71.03630004307998,AI/ML,Healthcare,6.634768299364302,100564.388786822
7.227803674708454,0,Tier 3,USA,100-300,3,80.44177751352989,42.81717880706414,Cloud,Manufacturing,6.347399992756468,84701.99084261847
5.42936868172882,2,Tier 3,UK,100-300,4,78.52031032758383,63.42381240096118,AI/ML,Tech,8.310388796763196,84350.91456634724
7.368659892323092,2,Tier 2,Germany,100-300,1,63.61169349265593,69.31951513330056,Data Science,Tech,5.398714032180494,107451.08695333375
7.838719910250833,0,Tier 1,Canada,300+,0,65.73657035657374,44.74396802412913,Data Science,Other,5.1999662048029,120000
6.935146315651666,2,Tier 3,Canada,Top 100,0,47.594806300377215,48.40025989761445,Cybersecurity,Finance,8.039787087125152,78164.46535341424
8.3956670960602,0,Tier 3,UK,Top 100,0,73.6662341680105,46.719049787223014,Cloud,Consulting,4.914099979882676,93479.679916394
7.687866849173966,1,Tier 1,USA,100-300,2,98.74322662989256,37.67123447393956,Data Science,Manufacturing,4.338305106594337,120000
7.454618701722227,2,Tier 1,Canada,300+,3,70.34639348759316,70.34079216588131,Data Science,Finance,6.291570079289024,120000
7.86910456896467,1,Tier 3,USA,300+,2,82.90269490466292,49.366857086396365,AI/ML,Finance,5.45900984153302,117094.70500186918
6.600688838823707,1,Tier 2,India,300+,3,60.12053309336686,89.51731291950784,Cloud,Consulting,4.3891366372042775,41767.80209727018
7.957734421798283,0,Tier 1,India,100-300,0,79.25064046562184,58.905037144271034,Cybersecurity,Consulting,6.658611208493071,51274.28072272719
6.821221995810449,0,Tier 2,India,300+,0,86.51379545445059,61.0179320709108,Core CS,Consulting,4.227094854201255,46295.35979981861
8.427138076161416,0,Tier 3,Germany,100-300,2,70.92560037607194,44.382743256692855,Cloud,Finance,3.9115070556034905,86892.54784138344
8.345193965934413,0,Tier 2,USA,Top 100,1,61.81951068764073,72.30193430380065,Data Science,Consulting,4.902880475914266,120000
6.292904883887417,1,Tier 1,UK,100-300,2,71.92916191783436,72.81039768210388,Data Science,Healthcare,6.254388508743991,119100.78257936655
7.117838400311268,1,Tier 3,UK,100-300,2,73.80812679931813,48.286583627751575,AI/ML,Tech,6.87899800825933,97038.75971511212
6.455604761788762,0,Tier 1,USA,100-300,3,56.85482393601504,63.42432769407747,AI/ML,Other,6.13812647878939,120000
7.407746461793863,0,Tier 3,Germany,300+,3,88.14711349503744,76.21107962553108,Core CS,Tech,5.716859484956641,66745.43490371796
7.649364457290613,1,Tier 1,UK,100-300,0,65.84174703535956,72.1608178716033,Cloud,Finance,7.0805208844818885,120000
7.26553475816631,0,Tier 1,Canada,Top 100,0,66.46639749926575,52.591067720656696,Cloud,Tech,8.120292344769553,120000
9.348324965110775,0,Tier 3,Germany,Top 100,4,58.30159135074355,70.44691112463667,AI/ML,Healthcare,3.989373950660432,89997.20084466046
6.177660987991409,2,Tier 2,Canada,Top 100,2,80.62233091825544,52.78157126177354,AI/ML,Healthcare,2.866442834233587,101985.25364348828
5.631517316450789,2,Tier 1,Canada,100-300,5,56.55094457167093,82.57231661775043,AI/ML,Tech,5.048909338163121,120000
6.262248875654698,2,Tier 2,Germany,100-300,4,80.66751455015915,58.494683592817445,Cybersecurity,Other,5.5651817465268945,87117.84578644385
6.595048751131731,0,Tier 2,Germany,Top 100,5,50.31051966980195,49.7277288454733,AI/ML,Healthcare,5.274353012055042,105435.57077634455
6.856388340102016,1,Tier 2,Canada,300+,0,69.65740266888959,53.479835738793234,Cybersecurity,Consulting,5.475965163547267,86958.17243207897
7.715386219600748,0,Tier 3,USA,100-300,1,63.7488651922482,70.07721629157602,Cloud,Finance,7.686605321218642,97541.88869917377
6.386941980174859,0,Tier 2,UK,300+,0,81.49746651183438,63.77899295731566,Data Science,Other,5.936047140528456,93108.9372287764
7.292607988874332,0,Tier 1,Germany,Top 100,4,65.7969901211764,64.60586646705679,AI/ML,Finance,5.431476601010522,120000
7.276893863038178,0,Tier 2,UK,100-300,2,59.56557417643726,73.95866811439974,Core CS,Consulting,5.579480878950636,94245.9805822738
7.3936114244535185,0,Tier 3,UK,100-300,1,59.761662214603426,53.45378651124311,Cloud,Healthcare,6.999313577233326,73075.3961950285
8.651376107881928,0,Tier 3,USA,100-300,1,50.06143467490493,74.06046539848576,Cybersecurity,Other,7.9942514478435,101110.44364150472
7.126475900693448,0,Tier 2,Germany,300+,1,64.46537001147674,73.70324048430511,Data Science,Finance,4.668675141072499,101824.4379529632
7.655791773806476,1,Tier 3,Germany,100-300,2,71.64479131740703,64.66340850708059,Cloud,Tech,6.902313753269834,80612.54061564173
7.237781777268069,1,Tier 3,India,100-300,3,61.250966683930216,63.77217087234658,Core CS,Tech,5.567438801004775,44900.68431412344
8.333805473399627,0,Tier 2,Canada,300+,2,73.6474929942655,60.87282432968275,Data Science,Healthcare,6.923863926940551,102255.34409758246
8.708469384061893,0,Tier 2,UK,100-300,0,77.00455313557673,75.9542679205774,Cybersecurity,Finance,3.944177537369935,99484.33506112412
7.225627375367474,3,Tier 2,India,300+,0,78.43813438831867,74.86711200426343,Cloud,Consulting,7.708796011947291,48387.82181383597
8.320458370586278,0,Tier 2,Canada,100-300,2,93.89535321399836,51.64417085785835,AI/ML,Finance,7.90841228081912,107903.0021559311
6.974362004669029,0,Tier 1,India,100-300,4,66.98494171545111,62.03239326320808,Core CS,Consulting,5.745404687101729,64829.42723667047
7.02681976191087,1,Tier 1,Canada,100-300,0,64.94344827150043,72.46816977825833,Cloud,Consulting,4.435642674811215,104299.27037747877
7.657652862426022,2,Tier 3,Canada,100-300,1,83.45818079847476,52.96633677776239,Cybersecurity,Finance,5.407680319593645,78017.2677831628
7.259229154165227,0,Tier 2,India,100-300,0,95.95120411510456,79.15440961467435,Data Science,Consulting,7.333592710928539,58495.666888842345
7.659282317484565,2,Tier 1,Canada,100-300,0,49.680178150139646,89.3794286652813,Cybersecurity,Finance,6.025344326101113,115849.2288657238
6.868680469822581,2,Tier 2,India,100-300,2,76.38606022169873,77.19184961541892,Data Science,Consulting,3.5518268055924636,61453.37306713374
7.961545335631635,0,Tier 2,India,300+,1,56.386649376895946,80.79804301216545,Cloud,Consulting,4.567081479023273,52355.34481773057
7.046291237941405,1,Tier 1,UK,Top 100,1,44.68301271727967,70.82736097745011,Cybersecurity,Manufacturing,6.563711589184121,114276.6136012542
6.787525893390071,4,Tier 1,USA,Top 100,0,79.8074315419989,49.54732119346209,Cybersecurity,Tech,2.4595626933772343,120000
7.7811451017584545,0,Tier 3,India,Top 100,2,85.05614482999133,61.11496834155194,Cybersecurity,Tech,3.024984739261141,51449.079726789285
7.549941404101204,1,Tier 3,Canada,300+,2,45.23228792642833,30.585797760975993,Cybersecurity,Consulting,4.8398651941599855,67016.96624199026
6.92916462833359,0,Tier 3,Germany,100-300,1,74.03159417493693,47.68483354093732,AI/ML,Consulting,4.923747615574929,78992.71607065048
6.636886867077497,1,Tier 3,Germany,100-300,2,72.23351348179597,60.05814900448601,Cybersecurity,Tech,7.0432482007808614,74319.39452641211
7.712046185980368,1,Tier 3,UK,100-300,1,79.71334144748693,74.29980864258583,AI/ML,Healthcare,6.260134322957465,88745.20515810863
6.5141908687311325,0,Tier 3,Germany,Top 100,0,62.70623926738282,68.60943292231661,AI/ML,Other,2.1330598684621025,93288.33716820308
6.839838996559704,0,Tier 2,Canada,300+,2,76.44424602918482,82.21034488516568,Cybersecurity,Tech,3.5774424595821177,102126.78599839853
8.119382360056928,2,Tier 1,USA,100-300,5,56.58865974365591,34.4717342105077,Data Science,Manufacturing,3.0475632208704044,120000
8.231313876648521,1,Tier 3,USA,300+,3,72.150204643568145,75.67881684893023,AI/ML,Healthcare,5.213517793623464,119065.90551074204
8.257918568216262,0,Tier 2,Germany,300+,2,95.61928529724374,69.63771811998745,Cybersecurity,Healthcare,4.229960558894632,94433.39753974792
6.774299378452871,3,Tier 3,India,300+,4,55.43522694731686,63.01876281970851,Cloud,Other,4.610896148439124,37588.27541984614
6.274477700222351,0,Tier 2,Canada,Top 100,1,63.79581138131498,79.10917595506083,Cloud,Manufacturing,5.906725572872394,86246.09627411483
8.338294561518824,0,Tier 1,Germany,300+,2,60.191171592320885,73.3102831379338,Data Science,Other,3.94980738586338,115360.55622459704
6.308816120739137,0,Tier 1,UK,300+,1,69.41192477857865,48.8562176705061,Cloud,Finance,1.206051483949411,103301.2935400474
6.271740526457373,0,Tier 1,Canada,100-300,0,75.69769510532224,70.24167028854384,Cybersecurity,Tech,4.718847847287695,110657.9311370923
7.556132198664113,1,Tier 2,Germany,300+,1,56.32406942850079,58.35717691392385,Data Science,Finance,4.216352682604425,96511.1449705245
6.699493071426128,0,Tier 1,USA,300+,3,58.99265349926171,86.9680382295951,Cybersecurity,Manufacturing,3.18075346232543,113879.6065111704
7.353330051348848,1,Tier 3,India,300+,1,78.45202681257823,71.5967344791198,Data Science,Consulting,4.879852920047265,48770.07199921843
6.330075419747607,0,Tier 2,USA,Top 100,0,84.28826696325575,48.72305322675746,Data Science,Finance,8.182748025083574,120000
6.998104867093754,0,Tier 1,Germany,100-300,0,71.6842776147148,57.83594082474201,Core CS,Tech,2.4993904082637255,109903.83849090336
6.565114483125558,1,Tier 1,UK,Top 100,4,54.89662634847616,73.66692495916048,AI/ML,Tech,2.004706371962959,120000
8.467117236819501,0,Tier 2,UK,100-300,0,38.78751651420059,71.80592931269858,Cybersecurity,Manufacturing,6.269258475297457,100065.89013871417
7.445710094722785,0,Tier 2,India,100-300,1,87.70674859792487,67.17602221780854,Cloud,Tech,3.1121098466406605,47734.66040837069
7.599426045503561,1,Tier 2,Canada,100-300,0,66.84717016700192,49.10877134713414,Cybersecurity,Tech,4.821352017658349,105165.0092315532
5.803566770801437,1,Tier 3,Canada,100-300,1,72.26326659193364,64.74153062202456,Data Science,Tech,4.508837063959056,80138.03119228844
6.990161240553554,0,Tier 2,Canada,300+,1,38.89088207127725,52.130913549395885,Data Science,Tech,3.0164959367633313,114003.22364888647
6.861723460148712,0,Tier 1,India,100-300,2,87.27425398546828,51.10254667720268,AI/ML,Manufacturing,6.305284394024175,60540.918487394854
6.651388402423505,0,Tier 1,Canada,100-300,3,70.60308992639246,73.76392474099057,AI/ML,Consulting,3.2197573831989708,120000
7.353853494531588,2,Tier 3,USA,300+,2,71.2605614239139,62.86340538441499,Data Science,Healthcare,4.397785030430231,101915.16464315556
6.399416314395521,0,Tier 3,Canada,Top 100,1,49.25570782007128,81.34997333597107,Cybersecurity,Consulting,6.874521349428894,79125.0969264879
7.0872663762798656,0,Tier 2,Canada,100-300,0,85.52168472005025,68.31526209455956,Data Science,Finance,6.455550554021604,104996.93252300587
7.308776074055101,1,Tier 2,Canada,Top 100,2,87.3855635751816,71.85413466515746,AI/ML,Tech,4.9473717896726175,120000
6.058684044879957,2,Tier 2,India,100-300,1,72.81118952409378,85.3532197536973,AI/ML,Consulting,6.296719497880495,46306.04885075532
7.742472488792865,1,Tier 3,India,300+,0,97.03680501707092,71.75230248407388,Data Science,Consulting,5.92029276506235,38484.443971948174
6.537509233027485,0,Tier 1,USA,300+,2,49.06534720223534,60.149816987234885,Core CS,Consulting,2.528945087002789,120000
6.793593171041913,0,Tier 1,USA,100-300,4,88.04095254372258,72.73384972270891,Core CS,Tech,3.4612712304744644,120000
8.496859585846492,1,Tier 1,Canada,Top 100,2,93.80539368427452,69.86333904216261,Core CS,Manufacturing,7.219243541396243,120000
8.95297737797753,0,Tier 2,USA,300+,1,91.59004915612675,61.08193719916067,Cybersecurity,Healthcare,5.381641252020891,119110.34454190268
7.3497014237848415,0,Tier 2,Canada,100-300,2,69.42565189091408,71.24008950089075,Cloud,Manufacturing,5.332857499322499,90517.38524351984
7.073644109849593,2,Tier 2,USA,100-300,3,61.45331953849384,76.3005434226515,Core CS,Other,7.265366800141555,113994.56361193676
9.023942199401562,0,Tier 2,USA,100-300,3,76.4242794805903,50.780495130216,Cybersecurity,Tech,6.980138477512517,120000
6.1036656648508885,1,Tier 2,India,300+,1,62.65005474558424,81.85275966156041,Cybersecurity,Finance,8.979299980517201,39666.086628674515
6.396107042742463,2,Tier 2,India,Top 100,0,54.79723703389352,51.626703910902634,Data Science,Healthcare,6.5347598254909505,56037.48040528385
7.0257145175716484,2,Tier 3,Germany,100-300,2,69.51080779136026,86.39974137602616,Cloud,Other,5.612134036235788,66641.2024565239
7.017871391454887,0,Tier 3,India,Top 100,0,50.276750553136814,60.42920902149669,Core CS,Manufacturing,6.049344572277741,34850.3603998914
8.354837706730937,1,Tier 2,UK,300+,4,67.33312404270272,75.41619027561866,Core CS,Other,4.082293978862328,100106.53713573515
7.718809363641252,1,Tier 1,Germany,Top 100,1,88.09362200288665,66.22800992178652,Cloud,Consulting,3.2467420795769315,113429.02088550763
8.477116736479399,0,Tier 2,UK,300+,1,76.87303359294633,40.78821464907122,Cloud,Consulting,6.299897321057261,98330.99139621848
8.546687798171487,0,Tier 2,India,300+,1,76.36487717940041,62.38470212151486,Data Science,Tech,6.572650957830145,53541.222281155555
6.990787929538684,1,Tier 2,Germany,300+,2,76.18941772569325,70.02125918540618,AI/ML,Finance,2.842166178323846,110166.30397145032
7.824527846593248,0,Tier 3,India,300+,1,59.050208785642795,86.76285837860257,AI/ML,Consulting,7.123293349509641,49432.45126587544
7.87583880178186,0,Tier 2,Canada,100-300,2,80.53272510884344,96.64144733524378,Data Science,Other,6.719229691076672,95982.73833272932
6.3552066151524675,1,Tier 1,UK,Top 100,2,46.11944304641929,55.456979374359214,Core CS,Healthcare,5.069533736639657,100825.85902864268
6.578755893490638,1,Tier 1,Canada,300+,3,88.95332905289459,61.054026126926054,Data Science,Healthcare,8.767032046529762,115109.040106192
7.533302306765512,2,Tier 1,India,Top 100,1,72.3398581093272,95.81036297570276,Cloud,Finance,4.050975076916999,64097.30626857936
5.920059489710981,2,Tier 2,India,Top 100,5,67.63067606016632,69.9419448513287,Cybersecurity,Tech,4.217499688392677,46022.951357145546
6.635840876147073,1,Tier 1,Canada,300+,2,76.40062056623631,51.0069323781702,Data Science,Tech,2.780781635956605,120000
6.28096015180493,0,Tier 1,USA,Top 100,2,52.97672637363008,44.6883405687977,Cybersecurity,Healthcare,7.415943839569219,120000
7.44081364818104,2,Tier 1,UK,300+,2,76.83603060050191,76.24678487369823,Data Science,Tech,5.443508143819221,120000
6.4132143466573766,2,Tier 1,Canada,100-300,0,86.45716860894092,71.02621749433321,Core CS,Finance,5.768923757235602,101203.23189059796
6.759339235174161,1,Tier 3,UK,300+,2,62.47817798380662,78.49767266659867,Core CS,Consulting,2.2391193731875,82692.57107458575
5.698150617642147,3,Tier 3,UK,100-300,3,62.20872423426772,82.1687044304443,Cloud,Tech,7.40068299738981,84906.56141484139
7.149592167779732,1,Tier 2,USA,100-300,2,67.06515024176987,76.52594949114466,Data Science,Tech,6.18961315394238,120000
6.964581344124281,0,Tier 1,Germany,300+,1,55.84436970264393,73.5048374635549,Cloud,Tech,4.5488480990212405,102096.37170434302
6.41683259997347,0,Tier 2,Germany,Top 100,1,37.578759354293474,76.66640584155434,Data Science,Healthcare,7.377382627691709,103597.39054805788
7.1442359044027555,2,Tier 1,UK,100-300,1,93.4057513472112,82.96250725933409,Core CS,Other,8.808500653766783,105684.96801406628
8.444459546149453,0,Tier 3,Germany,Top 100,3,95.02358096636311,71.36586468932272,Core CS,Healthcare,4.34367081390869,81708.43747925462
6.922591917450489,3,Tier 1,USA,300+,2,69.72780491453895,81.77721996617777,Data Science,Consulting,6.462789790337997,120000
9.823244150056388,2,Tier 1,India,300+,0,70.31166615390985,78.4631930855454,Cybersecurity,Tech,2.424515435352647,72171.10623162499
6.004410840088907,1,Tier 1,Canada,300+,5,41.038995493563895,94.98068314488084,Core CS,Healthcare,2.182128579916207,93616.03740933014
6.433958171764715,1,Tier 3,Canada,300+,3,82.25270226864113,42.70174742605485,Cloud,Finance,6.37954228522585,78131.6727206271
7.757446053209496,0,Tier 2,UK,100-300,3,50.42211039750451,75.15162820419108,Cloud,Tech,4.249199854926648,107870.4524792682
7.0440023488267,0,Tier 1,UK,300+,1,67.2664843546898,87.74584502059568,Data Science,Finance,4.025616720647345,120000
7.337947978321152,1,Tier 2,Germany,300+,2,100,61.90761304574375,Cloud,Other,7.926406908879607,87441.15249406917
6.627049110443021,1,Tier 2,India,300+,0,64.58833629714648,45.38274922956971,Cloud,Healthcare,4.103186557013406,45967.81428226085
6.706236852630601,2,Tier 3,Canada,300+,1,55.619879550993126,72.20457257549441,Cybersecurity,Tech,7.52459450950378,80468.71133338498
6.06875949407534,1,Tier 2,India,300+,2,69.82638057042068,55.58485398276792,AI/ML,Other,5.752510692364157,45911.769882377186
6.7136076524693316,0,Tier 1,UK,Top 100,0,88.43762136150045,47.16289257893827,Cybersecurity,Tech,6.661353957062224,120000
6.3123091888972365,1,Tier 2,Canada,300+,0,41.356543432821766,47.196587062630336,AI/ML,Other,4.862279696626067,95993.90405612683
7.93070084413084,4,Tier 2,Germany,300+,0,68.50977917394123,68.25263909957133,Data Science,Consulting,6.5726316897387305,96840.86789196236
7.8550338571154334,0,Tier 3,USA,100-300,2,100,72.83283653083377,Data Science,Manufacturing,4.2584806095389816,103042.33920379877
9.048402367484549,0,Tier 1,India,300+,2,89.89884929212077,33.08716759613845,Cybersecurity,Other,5.597825820329352,53041.40493634784
8.400740753541715,0,Tier 2,Canada,100-300,0,63.17726145715123,63.31283661567696,Cloud,Manufacturing,5.979675887285881,95947.10838791008
6.974785189337517,1,Tier 2,India,100-300,2,78.63060729686076,81.73055585130177,Data Science,Consulting,3.241845405202276,49876.36127570265
6.495322877642249,0,Tier 3,UK,100-300,1,88.30594585347086,48.61281285343967,Cybersecurity,Healthcare,5.457763385963474,70090.1183453165
7.345882171360272,1,Tier 1,Germany,300+,1,73.59707723127563,62.35967895435754,Core CS,Consulting,8.434486187964296,96259.8406354325
6.426254479422023,0,Tier 3,India,Top 100,1,70.04767243088841,88.2872108591508,AI/ML,Consulting,5.7489862093356345,36577.9508049622
6.9461780280691725,1,Tier 1,Canada,100-300,2,66.13086245338837,60.65598921378427,Cloud,Tech,5.35096062286264,112026.9189734852
7.682532245130553,1,Tier 1,Germany,Top 100,4,82.853830557278,50.66977680924827,Cybersecurity,Finance,7.362641709540918,114493.26275725225
7.384486874677878,0,Tier 3,Germany,300+,1,54.661857715980595,46.185811179781865,AI/ML,Finance,5.475970836250891,79887.06389503385
6.656292017177993,1,Tier 2,Germany,100-300,1,82.81700533439896,54.284772479128385,Core CS,Manufacturing,6.658588806193555,75749.3858829429
7.771815915441957,1,Tier 1,Canada,300+,0,82.18225774200795,52.368374548941105,Data Science,Manufacturing,5.82550699584622,120000
8.039989897809708,0,Tier 2,USA,Top 100,1,70.82174124592542,30.14603353402807,Cybersecurity,Finance,3.497199359138296,120000
7.7682441344693345,2,Tier 1,UK,100-300,3,49.42232150816682,69.98010229664806,AI/ML,Other,7.589853096256958,120000
7.8665161701285875,0,Tier 2,UK,300+,2,68.24136822496358,81.66506701702819,Data Science,Other,6.760583957077693,103943.48723335778
7.718493859297878,0,Tier 1,India,300+,2,79.51268020372262,82.7147172384918,AI/ML,Manufacturing,4.048881790775176,59126.1853726371
6.705772378743156,1,Tier 1,Canada,300+,2,85.21038038792369,73.53795318805993,AI/ML,Finance,4.545740566024714,120000
7.562026651147084,0,Tier 2,India,300+,0,58.217615881909126,85.83461872160998,Cloud,Manufacturing,5.249837481532704,36241.71274869569
7.936934106164918,2,Tier 2,UK,100-300,1,71.46048306754206,44.20725010385685,Cybersecurity,Manufacturing,6.621084160361635,88153.91695883663
5.596572117742001,1,Tier 3,USA,300+,5,79.58286350823197,59.7107246731868,Cybersecurity,Consulting,5.1695993995200205,80806.78302494217
7.075622054070775,1,Tier 2,Germany,300+,2,61.58356079360325,67.19918095244205,AI/ML,Finance,6.446484427047288,101399.6266739058
9.133524177856009,1,Tier 3,Germany,300+,0,69.24064907760771,66.87500095263748,Data Science,Healthcare,6.96819532999278,82579.55914264181
7.077724629668999,0,Tier 2,USA,100-300,2,54.960762022255494,51.85840313168644,Data Science,Finance,4.553234394080143,120000
7.893345020054018,1,Tier 1,Germany,Top 100,2,52.12914378182092,50.22845904553578,Cloud,Other,6.18096566478088,106415.11901084991
7.39910655581457,1,Tier 1,USA,Top 100,0,67.6403248827361,68.54443791766069,Cybersecurity,Healthcare,5.941227201974666,120000
6.726281079098209,2,Tier 2,Germany,Top 100,4,68.07970111412249,68.04987422302857,Cloud,Consulting,7.243423569456345,85246.44821862924
7.429982963685143,0,Tier 2,Germany,Top 100,1,43.53215831298374,65.30593067170854,Core CS,Manufacturing,5.072923721546778,88595.25346096494
6.537232216898935,0,Tier 2,USA,300+,2,78.800772608243,58.21774992348483,Core CS,Consulting,6.689273622298106,107221.57361171904
6.95325590480201,0,Tier 3,Germany,300+,4,48.88190894069507,73.58051739213053,AI/ML,Consulting,6.905875625892226,70987.86877258908
7.661122653864419,2,Tier 3,Germany,Top 100,1,77.59122204390468,69.31149993285018,Data Science,Finance,5.614103344559954,103392.08221829087
8.529604375242158,0,Tier 1,India,Top 100,2,79.78556030283826,35.52717870652995,AI/ML,Tech,5.251208243856151,72537.95704237433
8.079343239110964,1,Tier 3,Canada,300+,2,60.93715320251327,66.60266910454816,Core CS,Manufacturing,6.643846216565769,77341.4545164561
7.019545472142427,0,Tier 2,USA,100-300,1,84.36537315202015,45.724721412873485,Data Science,Consulting,4.8379043696863375,120000
7.8017889333623405,1,Tier 2,UK,100-300,0,70.07226477732631,65.33934420816304,Core CS,Finance,5.230344437034598,114344.27677713928
8.248204423624745,0,Tier 1,India,Top 100,3,71.54379890052343,69.66310855227402,AI/ML,Manufacturing,2.7819265933581767,73969.32492385081
5.947646954360123,3,Tier 2,UK,100-300,4,63.45080068667006,75.38357213835341,Core CS,Manufacturing,2.777249489344658,90060.60461919848
6.778488515384957,1,Tier 1,Germany,100-300,1,61.26737430611651,53.488670792112536,Core CS,Healthcare,7.541147339633986,105112.0723548018
6.555986638764712,1,Tier 1,Canada,100-300,3,69.44124160176904,72.73199715534025,Cybersecurity,Finance,5.279414840131684,106310.65826076404
8.672875418185981,0,Tier 3,Canada,300+,1,36.02304452255081,59.9606848523448,AI/ML,Consulting,5.948778496482475,86320.92512648368
6.982051158415541,0,Tier 3,UK,300+,1,88.91872936613794,55.475707140871776,AI/ML,Consulting,6.837016153147829,87089.68212171874
7.470461340134266,0,Tier 3,UK,Top 100,1,45.449688438059894,55.63845645411379,AI/ML,Consulting,4.933595508132503,90899.19222176846
7.769876135413256,0,Tier 1,USA,Top 100,3,51.918906057103136,58.02882758822032,Cybersecurity,Healthcare,6.383209493963732,120000
7.756710525243712,0,Tier 1,USA,300+,2,72.87291305519454,83.65071011447567,Core CS,Other,3.8380800299978666,120000
7.858897555126058,1,Tier 2,Canada,100-300,1,65.83316145902604,47.79514208965026,Cybersecurity,Consulting,5.192589916243733,86162.52198296072
6.495323559367315,1,Tier 3,UK,300+,1,77.94278128363415,64.3618949182554,Data Science,Tech,6.197638854606537,90467.1831732117
6.761706556034511,0,Tier 2,Canada,300+,2,94.31519654167806,89.89367095289607,Cybersecurity,Other,1.9759352150692924,83980.72783125375
7.615225324353821,1,Tier 2,Germany,300+,3,71.98788316191116,34.472699350184826,AI/ML,Finance,5.582022458005963,101424.3197939146
6.99591469437822,1,Tier 2,UK,300+,2,80.93304106376777,68.55593068257718,Cybersecurity,Other,6.488030231561514,92292.59786916236
7.3190110115398515,1,Tier 3,UK,Top 100,3,84.51168175938636,93.21965938609702,Core CS,Other,7.848986417983115,72485.97102116937
7.571796519911156,0,Tier 2,Canada,Top 100,2,61.51524864410925,54.29867084860047,Cybersecurity,Consulting,4.118161037235091,90871.18792888928
6.81302075371862,2,Tier 3,USA,Top 100,0,72.89304702416874,93.45034716310988,Cybersecurity,Finance,5.8294252563612625,92878.43621647234
7.565966168691505,0,Tier 2,India,100-300,1,61.47407363901838,60.56196675354164,Cloud,Consulting,5.067664565499714,41104.92217741257
7.621545353883863,0,Tier 2,India,Top 100,1,71.29710263306642,53.8189745842615,Cloud,Healthcare,7.525573509852428,55599.04524373141
8.286332048895327,0,Tier 2,UK,Top 100,4,64.80197761754046,64.58942908928911,Core CS,Manufacturing,3.3261254680228345,100056.73828376546
8.082762918096963,0,Tier 1,UK,300+,0,97.72052095266564,73.85087098062421,AI/ML,Healthcare,3.9931201975275745,120000
8.077257330088237,0,Tier 3,USA,300+,1,41.142878426510435,87.88803385243223,Cloud,Healthcare,8.112803582130375,88685.14073262665
8.154936255332991,0,Tier 3,India,Top 100,1,63.65894142444307,49.31940247501714,Data Science,Finance,5.136562355117406,46654.489901340814
7.233103187852757,1,Tier 2,UK,100-300,0,96.39009838417196,80.12597836618033,Cybersecurity,Consulting,8.15234796410739,97745.05345208132
7.025748069629472,1,Tier 1,Germany,300+,0,92.2559709942184,69.84506916350641,Cybersecurity,Finance,6.181195207873276,97718.46845604302
7.6982536665426675,2,Tier 2,India,Top 100,0,69.0557179845592,74.29126396832244,Core CS,Consulting,5.465996538915134,35546.326727923544
7.585664761146418,0,Tier 2,Germany,300+,2,50.70110374738199,46.324850830979344,Cloud,Finance,6.094226861125206,91946.20415558472
6.9719228265723245,2,Tier 3,India,100-300,1,76.47833352502134,55.47792351844222,AI/ML,Consulting,5.489603070341091,52083.90820820621
8.03236859310108,0,Tier 3,India,100-300,3,71.84800468385632,72.45790199533506,Cybersecurity,Tech,5.366665690292212,35944.39230755001
7.044159394024072,1,Tier 2,Germany,300+,2,64.9464499015071,56.99415655381938,Cybersecurity,Tech,4.649256371177743,92846.30163434992
8.63896660615908,0,Tier 3,Canada,300+,1,64.64784227649741,35.00720595876366,Core CS,Manufacturing,7.194544608753209,82675.13007298495
5.6996061838401335,3,Tier 2,Germany,300+,2,82.21393814808235,58.633181846721,AI/ML,Other,3.5803785310517573,88075.87558596753
6.554576981725307,1,Tier 2,Germany,Top 100,4,52.36173794588,50.2339217985739,Core CS,Finance,5.495624916332717,96477.01185644166
7.026111069352697,1,Tier 3,Germany,300+,1,81.2422263074611,88.28517920684536,Core CS,Other,3.9824950194493423,66556.77297619649
7.248378203344601,0,Tier 3,UK,100-300,3,88.54056075277533,80.3902561207222,Cloud,Finance,4.881268172991986,76443.23867212304
6.098188965956682,1,Tier 3,UK,Top 100,1,44.39970098772152,67.7907352520241,AI/ML,Consulting,4.167481342523732,81113.28951996173
6.074446882216423,1,Tier 2,Germany,100-300,3,65.27145436947062,53.66452426002198,Core CS,Tech,5.284907396019449,90538.5453434648
7.258003728231924,1,Tier 3,USA,100-300,0,85.60019323862015,56.12939732376198,Cloud,Manufacturing,4.375545854145995,88523.91262293825
5.908715204945313,1,Tier 2,India,100-300,3,67.54462695795293,86.12339689859256,AI/ML,Manufacturing,3.044600202453456,47852.15317355659
6.574497799768537,3,Tier 1,USA,Top 100,1,74.5257916006157,76.90257566824715,Data Science,Consulting,4.439357123107786,120000
6.21414058217858,2,Tier 3,India,300+,1,88.41440200906713,49.87247729695207,Cloud,Other,4.625362882298425,41291.389969848206
7.979149075390312,1,Tier 3,Germany,100-300,3,82.93409020130619,73.85282238394701,Cybersecurity,Manufacturing,5.79872812916359,71959.8298782006
5.74286400132936,4,Tier 1,UK,100-300,1,73.64030034547127,65.95716476386316,Data Science,Tech,5.209096749812031,120000
6.25410300545441,0,Tier 3,India,100-300,4,80.14796316678134,75.11794669552542,Data Science,Finance,6.617324588510087,49406.10253130681
7.61311078125792,3,Tier 3,India,100-300,0,85.53846608908827,55.98821819937395,Core CS,Finance,2.6536448374725716,50522.22947537256
7.368637794892774,1,Tier 3,UK,100-300,1,68.92312924814173,37.096586164957806,Core CS,Tech,4.018210878449848,78920.8794458218
5.782132545374605,2,Tier 3,Canada,Top 100,2,61.66192632134616,48.67255590414183,Core CS,Finance,3.786441757663228,70582.02447771217
7.638380203665524,1,Tier 1,Canada,100-300,2,51.96094277780245,98.78262803362476,Data Science,Consulting,7.621051702454563,120000
7.009735745826324,2,Tier 3,UK,Top 100,1,72.79347153629176,86.03126476785691,AI/ML,Tech,5.714795654565859,98255.93101148069
6.925700398885557,0,Tier 3,USA,100-300,5,69.47618621548756,63.95230400000229,Cybersecurity,Finance,4.989264581169335,102396.88542322157
6.077532534608174,2,Tier 1,USA,300+,1,73.96267776354513,80.80356467807688,AI/ML,Tech,3.069405852245571,120000
7.7742355752027406,1,Tier 2,India,Top 100,0,65.44042704838746,63.87884059677841,Data Science,Tech,2.9978496867373345,65452.58043338675
7.259726588402015,0,Tier 1,USA,300+,1,36.93459765766592,57.570213288508704,Data Science,Finance,4.479760544568263,120000
7.1143925078473735,0,Tier 1,India,100-300,4,83.04646432696867,85.68530766231301,Cloud,Healthcare,4.77167267689629,44536.7601961782
5.619191505066587,5,Tier 3,India,Top 100,2,44.901156224825954,55.60524787595531,Data Science,Finance,5.525156578769663,42342.152833853645
8.56248575861806,0,Tier 2,UK,100-300,1,49.96598121218062,73.47593623859623,Cybersecurity,Tech,6.235652711233559,112171.83466888889
8.228848945367623,0,Tier 1,Canada,100-300,1,71.61262249945531,52.67834852531587,Cloud,Manufacturing,6.271235398626777,115534.4647883424
6.430957418440417,1,Tier 2,Canada,300+,1,82.10472601360244,79.76680187298297,Cloud,Other,4.476573268769,90471.31364779251
7.1889789170113865,3,Tier 2,USA,300+,3,61.91591672663876,95.73500219919536,Core CS,Tech,4.376838908112009,114776.36714463602
6.248675544183454,2,Tier 1,Canada,300+,3,92.34285241869104,61.885002605186216,Cybersecurity,Tech,4.901935966310116,108586.17960910167
6.6924900987256635,0,Tier 3,USA,300+,2,100,95.08220997952816,Core CS,Other,6.504769676795531,83836.55545390077
6.835386405058262,1,Tier 1,USA,100-300,2,61.12538353554232,54.18951988568696,AI/ML,Healthcare,4.492838749717681,120000
7.964654736572834,0,Tier 2,India,100-300,2,72.77553913832139,44.78382184053214,Core CS,Tech,4.1826855338041895,54740.74304565771
5.902336650184308,1,Tier 2,India,100-300,4,96.8149107519616,63.87741903990051,Cybersecurity,Consulting,4.704531794734397,52365.66979269359
7.943953704030771,0,Tier 2,India,100-300,0,98.76093111579256,87.32006747158664,Cybersecurity,Consulting,7.143826552862805,53350.60716633662
8.003614961904951,0,Tier 1,Germany,300+,1,84.37019201889478,48.84898966016899,AI/ML,Consulting,5.7621433474726915,120000
7.640561558036461,1,Tier 3,USA,300+,4,75.99387211214562,63.573810635538216,Data Science,Consulting,4.331438613229081,98970.05737645114
8.647876001389921,0,Tier 3,UK,300+,2,97.62254233107085,49.512115202412005,Core CS,Finance,6.55403405866023,82195.42003023533
7.274341101857074,0,Tier 2,USA,300+,1,87.8614280695822,60.531362526464235,Core CS,Finance,6.573143280622383,112715.82776391484
7.994775302676771,0,Tier 1,USA,100-300,5,44.49619904225053,65.9504638455985,Core CS,Manufacturing,5.178995601085221,120000
6.478489133974895,2,Tier 1,India,100-300,2,66.0121883799544,60.86281485001479,Cybersecurity,Other,4.746187543385691,52270.890913709976
7.1104627267340375,0,Tier 2,India,100-300,1,67.8891707562721,81.399416383781,AI/ML,Consulting,4.402650107979026,53510.99547186207
7.042447450346096,1,Tier 1,USA,100-300,0,66.77567189156076,60.03027706572581,AI/ML,Tech,6.453623171310008,120000
8.341692696149497,0,Tier 1,Canada,300+,4,52.104766671878814,40.29811747290918,Cloud,Other,2.159162467317779,108139.03752375116
7.953008545305466,2,Tier 3,Canada,300+,1,68.62128608907877,81.48016828020157,Core CS,Healthcare,3.0044937051009875,75415.31133671431
7.540109645125536,1,Tier 2,Germany,100-300,4,80.39835442460206,71.34994467409335,AI/ML,Manufacturing,5.3855749550169465,101647.75141914506
9.168635439232428,2,Tier 2,India,100-300,2,71.9439629173768,85.0928581359857,Cloud,Consulting,6.619756959728231,58716.42140179989
6.898074502088032,2,Tier 2,USA,100-300,1,83.72181874204212,88.42832105206963,Cybersecurity,Consulting,6.0228521698464546,102866.13054075428
6.7617630750208315,1,Tier 3,USA,100-300,2,53.20503291987281,75.3795462152406,Cybersecurity,Manufacturing,4.210157058571089,85772.76951364656
7.506580248092075,1,Tier 1,UK,Top 100,2,63.92525221183821,59.661913450734275,Data Science,Manufacturing,6.268251860107272,120000
6.689896133869403,0,Tier 1,UK,300+,2,76.60062121945424,66.17490333337533,Core CS,Consulting,2.4469600909254563,98074.3023561079
7.283016504713111,2,Tier 3,USA,100-300,1,53.00420347298787,64.04151550941887,Cybersecurity,Manufacturing,1.7607863478614425,88708.34730606829
8.051259985219684,0,Tier 1,UK,Top 100,2,80.213591673576,50.74540550887957,Cybersecurity,Healthcare,4.608223693858353,120000
6.2410010437856,0,Tier 1,USA,100-300,1,70.053792225836,66.6643774852365,AI/ML,Healthcare,6.159130599282088,120000
7.849005006809694,1,Tier 1,UK,100-300,3,60.15937508087812,97.19039308286028,Cybersecurity,Finance,4.913373690292301,120000
6.6532883466510775,0,Tier 3,USA,Top 100,1,67.12915599150261,66.23182704029247,Cybersecurity,Manufacturing,5.7766083366518535,85374.04711519925
8.402555841652468,1,Tier 3,India,Top 100,0,74.67365626851873,47.69308529961513,Core CS,Tech,4.24126140819882,45547.68939110889
6.327605611594647,2,Tier 3,India,100-300,0,59.96018038241969,67.78319693792811,Cybersecurity,Manufacturing,6.857561175850887,36578.13325245736
7.549790760316231,1,Tier 1,UK,300+,0,38.008695691923755,85.67602341460855,Cybersecurity,Consulting,4.439034303414648,109451.3120519632
6.651368216301091,1,Tier 2,Canada,100-300,2,57.70307044252233,88.17385925491861,Data Science,Consulting,5.5928337152355185,107097.64639380752
6.326840388696793,0,Tier 1,Germany,300+,1,75.59801494140888,68.83241704961536,Core CS,Healthcare,4.392938172351071,90262.13719724916
6.617728119436967,1,Tier 1,UK,Top 100,1,86.1205639179524,86.29401660981374,Core CS,Manufacturing,5.071852358067951,113415.3084152519
6.964314774253599,0,Tier 3,Canada,300+,2,73.64071630655175,47.00483115445141,Cloud,Manufacturing,5.680331721010832,70253.99722767725
7.0184645271603365,0,Tier 2,USA,300+,3,85.64136009676926,56.11468981217659,Cybersecurity,Finance,4.054104119448559,110835.15295662456
7.499922875723234,0,Tier 1,India,300+,1,78.7910125103289,41.30786464664116,Core CS,Finance,6.160012802387673,58620.60726034528
7.154758859993437,0,Tier 3,India,100-300,0,90.6887954335054,53.70542393394669,Data Science,Healthcare,6.457957351006947,41247.1337421911
8.047892135546828,0,Tier 3,USA,Top 100,1,60.36442730065447,75.47735859960278,Cybersecurity,Manufacturing,7.884467497753006,102376.46796285787
7.473863637610675,0,Tier 2,India,100-300,2,81.41888605487965,45.06272079753886,Cloud,Consulting,5.319750538154983,50487.76834984192
6.687673009375623,1,Tier 2,Canada,100-300,4,75.54507665435885,99.29203369914768,Cybersecurity,Consulting,6.339517970868305,89910.86544268006
7.412915231669103,2,Tier 2,Canada,Top 100,2,41.13186866075252,63.73223002914643,Data Science,Finance,3.6831340872751688,109940.70620490804
6.511058278384539,0,Tier 2,India,300+,3,69.08508092883967,65.14813375973915,AI/ML,Finance,2.7785841479750664,60886.54897702441
8.082455328133126,0,Tier 2,India,100-300,2,76.11491058178281,65.04903373407957,Cloud,Healthcare,4.837690723988672,50326.80094449671
7.316479067810354,1,Tier 2,Germany,300+,1,49.4635568434888,68.6607811395657,Core CS,Consulting,3.511535012024551,81985.64805929968
7.0274174513601775,2,Tier 2,Canada,100-300,1,84.4665577266413,72.17028742634479,Cybersecurity,Tech,7.235779990486922,93153.74646696958
5.655303632609503,2,Tier 2,Canada,Top 100,2,78.13959475542678,61.71148626734478,Cybersecurity,Consulting,4.1189317359284505,81673.02100446394
7.247781423308802,2,Tier 2,UK,300+,1,60.22702532826899,36.69132484573618,Core CS,Consulting,5.5635352249093035,90282.11388491506
7.47171138508592,1,Tier 2,India,300+,4,61.96508596596274,74.6936812974015,Data Science,Other,4.282500739068904,37469.16615665091
8.09311152948355,0,Tier 3,UK,100-300,3,81.05855719846146,70.35545666255165,Cloud,Healthcare,4.470981228391717,88855.92517692762
7.549254197402541,1,Tier 2,India,Top 100,2,65.0301899636111,71.72392829265446,Core CS,Consulting,3.6446162594947222,53034.35148152986
7.592859024545829,0,Tier 1,Canada,300+,0,89.17374730691371,78.87771224482313,Cloud,Manufacturing,5.956764485981846,111368.69256560905
6.298642331504565,1,Tier 2,UK,Top 100,2,76.15511416184475,74.88861191020543,AI/ML,Consulting,1,105302.13231666996
7.528367961881241,1,Tier 1,USA,100-300,1,77.36822676908668,85.95405158960533,Cloud,Manufacturing,5.094200445930574,120000
6.691605407270114,1,Tier 3,India,100-300,0,93.90863886152292,76.6553606399008,Cloud,Other,5.826456414680005,40729.68993787631
7.934193540422223,1,Tier 3,Germany,Top 100,1,65.31541328155673,83.61701371633814,Cybersecurity,Other,3.027783013447716,77743.83681295892
6.677547305570622,0,Tier 3,India,300+,1,84.42314176727155,79.90982554388806,Cloud,Tech,8.321524078950993,38126.402454373216
7.438453539765736,1,Tier 2,UK,300+,2,73.44494005728379,86.3896047769423,Core CS,Other,7.396856797566113,94658.88006152998
6.406090903655413,0,Tier 1,USA,100-300,1,52.026042114253315,35.78883365317477,Data Science,Other,7.791078487391318,120000
6.9072023421427735,0,Tier 1,UK,300+,2,70.15874786745252,56.05659529800194,Core CS,Tech,7.707313097978215,119735.70199825094
7.030844135027454,1,Tier 1,UK,300+,2,71.58271189619383,92.78311832087932,Data Science,Consulting,6.408541744702789,120000
6.8026204607084475,0,Tier 2,Germany,100-300,3,71.17463848243733,75.81009216887165,Cybersecurity,Other,7.949564446644132,81572.59926076511
7.482916591168591,0,Tier 2,UK,300+,3,50.356465412412504,61.90771261707209,Data Science,Healthcare,4.844470335014267,106765.244828884
7.287744678149057,1,Tier 1,UK,100-300,1,60.42513291575105,71.16909979764525,Cloud,Healthcare,4.912981645902819,112743.7576786614
6.420557972633866,0,Tier 1,Germany,300+,1,38.99525628015882,95.95429257316997,Data Science,Finance,2.893979671422668,118114.89972306191
7.583818349627356,1,Tier 3,Canada,Top 100,2,77.41673764965546,34.9716989561152,Data Science,Other,3.5115076758801083,84472.40808101007
6.255198630694046,2,Tier 1,India,100-300,5,66.90802447094593,91.73087017388674,Cybersecurity,Healthcare,4.252866305124111,46297.604537423205
7.0344247786570255,0,Tier 2,Canada,Top 100,2,40.37489043869108,60.01185630173037,Cloud,Other,6.459477652308875,91261.7199719371
7.549486328809805,3,Tier 2,UK,300+,1,46.03221995274812,65.34820907272903,Cloud,Tech,3.451830207045496,100863.76203709526
5.347757779967512,2,Tier 2,Canada,100-300,1,86.66879828394077,55.99601629217628,Cloud,Tech,5.04597802131278,87041.22729757972
8.697305045864162,0,Tier 2,Germany,100-300,0,74.49251023481868,55.445662102964576,AI/ML,Manufacturing,6.853114365213387,117448.76272996416
7.126475118861428,1,Tier 2,UK,300+,1,100,40.166710712342045,Data Science,Healthcare,7.765845864859175,112042.24467417382
6.934484496342006,2,Tier 2,Germany,Top 100,2,64.4914585140277,51.09283399373663,Cloud,Finance,5.825121648344452,95269.13414511242
7.792952890341333,2,Tier 3,USA,100-300,1,75.50773089393964,75.71711017875208,Cybersecurity,Other,4.48730415869224,89399.83584460725
7.238300952819076,3,Tier 1,Germany,100-300,3,45.34623133674691,52.63115167016537,Core CS,Other,1.9968475914342352,104984.06522500384
6.916513240449531,2,Tier 3,India,100-300,1,67.80188824172473,39.7031952307436,Cloud,Manufacturing,6.389982147174554,35852.88232133086
5.8166431853137865,3,Tier 3,Canada,300+,1,80.48050798779943,89.91857602451486,Cybersecurity,Other,7.658490383054282,66641.62898655716
7.111721339372718,1,Tier 2,Germany,100-300,0,90.82819952201936,74.88404263696732,Data Science,Consulting,4.444834907066015,98165.7773471887
7.052019704951024,0,Tier 1,Canada,Top 100,0,82.78514017588807,64.83505678343718,Cybersecurity,Healthcare,2.4570699435819123,105736.4186672847
7.650624324851674,1,Tier 2,Canada,100-300,2,71.6934125000663,63.705604138564574,Cybersecurity,Tech,6.327598583719666,92012.84305311288
7.1254584128785545,1,Tier 2,USA,300+,0,98.24277536168294,82.5175619622791,AI/ML,Consulting,6.679904570177992,113211.07317158768
7.224984393774883,1,Tier 2,USA,300+,0,82.22641433131847,57.61907938783369,Core CS,Healthcare,4.324732876177652,109382.06083436563
7.923755013373376,2,Tier 2,Germany,Top 100,0,58.70175629645082,60.56803733559694,Cloud,Finance,5.429348487684536,98211.85751228825
8.893931491221696,0,Tier 2,USA,300+,2,86.68617401020276,69.8814791297303,Core CS,Finance,7.045539332404255,120000
6.697788089982018,1,Tier 1,Germany,Top 100,1,45.14136468713039,100,AI/ML,Finance,6.402250974677885,120000
7.011203973897104,0,Tier 1,USA,100-300,1,63.19919993191107,59.54470359747489,Cybersecurity,Other,2.49792382388393,120000
8.244158827317873,0,Tier 2,USA,Top 100,4,85.28797564063998,100,AI/ML,Consulting,4.57577986509884,120000
9.494144903366438,1,Tier 3,USA,300+,3,70.43488752140087,37.642384737681155,Core CS,Finance,8.505219878868225,102602.33240378209
6.990365157632055,0,Tier 1,Canada,100-300,1,69.80874335925277,72.4010838357626,Core CS,Tech,5.934452043953187,109982.80165684182
6.954082028970565,1,Tier 3,India,100-300,3,92.49035449677233,62.88188056919928,Data Science,Other,4.355720791275952,44317.16680248416
7.529810385727696,1,Tier 1,Canada,300+,3,67.50577893591282,100,AI/ML,Finance,4.330713441699636,120000
8.350038444189435,0,Tier 2,UK,300+,1,65.82429001810024,64.67334201467042,Cloud,Other,8.679543830868676,95726.77618635148
7.196091427498095,0,Tier 1,USA,Top 100,4,57.417423780283094,69.91327284922014,Cybersecurity,Healthcare,4.72418690603024,120000
7.581435237121443,1,Tier 2,UK,300+,1,92.76818356367,71.62139044800142,Cybersecurity,Finance,4.282448952197688,98089.58735506414
8.029105709596427,0,Tier 2,Canada,300+,2,48.89212445753888,67.9266562108775,Data Science,Finance,4.355156027793978,117330.1502249602
7.2220420107948256,0,Tier 1,India,300+,1,80.30586655578097,52.11230033269702,Cloud,Manufacturing,4.953687487565482,53902.58960542469
6.253515138250313,0,Tier 3,Germany,300+,2,74.99342320655344,79.29964281564904,Cybersecurity,Healthcare,4.590857438703225,64491.874261695826
7.550564245162306,0,Tier 3,UK,100-300,2,75.46389217168976,53.085694472372175,Cybersecurity,Tech,3.897290021000305,88110.4182879858
6.645114535834091,0,Tier 3,Germany,300+,3,59.77247410190346,76.61471069390979,AI/ML,Healthcare,4.223401820731865,84606.85165521808
6.485453326378376,2,Tier 3,India,100-300,2,88.60176267745722,30,AI/ML,Healthcare,8.427796583400028,42352.162788505746
7.559162457373937,1,Tier 2,India,100-300,4,68.12583116862851,74.33968083431176,AI/ML,Tech,6.450681428763293,57824.15336835012
6.496769711037111,1,Tier 3,Canada,Top 100,1,74.99298022437773,62.30619580484859,AI/ML,Manufacturing,4.4785554320610235,85466.49261189562
6.905876054718269,2,Tier 2,Canada,300+,5,67.41302342273754,90.62838454413512,Core CS,Other,3.405398671113892,84335.42486022778
7.012022200229677,2,Tier 1,UK,300+,1,65.73768026942545,72.54213135145893,Core CS,Other,4.6236840626927815,99829.33859424717
5.4661208911917605,1,Tier 1,Canada,300+,3,84.37533096009469,68.84270778957232,Core CS,Healthcare,7.316530072959766,96160.59346600316
7.26902231139805,1,Tier 1,Germany,300+,1,80.54848464011407,56.927039843673064,Cloud,Tech,6.2476254696795035,100597.95753468944
7.845379929024335,1,Tier 2,UK,300+,1,48.78035729663655,65.315231164429,Cybersecurity,Consulting,5.795421684296532,89467.22559260402
7.7734456834004355,0,Tier 3,Germany,100-300,1,59.08584358346781,58.5967017056945,Data Science,Manufacturing,6.384486892766621,81028.88715643805
7.57533493308435,0,Tier 2,India,300+,0,34.81479933581602,76.27073570288607,AI/ML,Manufacturing,4.7992215007766,58089.56851739669
8.455817429850079,0,Tier 2,Germany,300+,2,72.08009350574602,72.83659931530354,Cybersecurity,Healthcare,3.1829465145744398,91808.40969168177
6.933528537805453,2,Tier 1,Canada,100-300,2,53.279715480906376,57.97989912482127,Core CS,Other,4.683643650734359,111698.00684465008
6.532479218723175,1,Tier 2,Canada,100-300,3,63.542307807306955,55.67842717692174,Core CS,Finance,5.959773132714355,92909.65912292192
8.961895930294979,0,Tier 3,Canada,Top 100,1,60.32357576967064,72.04995447268459,Core CS,Manufacturing,4.908731649125595,82967.16587043843
8.586906921948815,1,Tier 2,UK,100-300,2,48.39827977525826,41.18162901447264,Cloud,Finance,6.504853544474832,98052.35918795408
7.009504347614233,2,Tier 2,UK,300+,1,77.154586275385185,66.73673340817538,Cybersecurity,Consulting,5.029577400124948,88220.98797479231
7.309268983924154,2,Tier 3,India,300+,0,79.66335584451019,53.63631832524461,AI/ML,Consulting,7.476459986183156,46233.1425457547
8.087438079491845,0,Tier 1,Germany,Top 100,0,78.39548208299053,49.777226530460105,Cybersecurity,Finance,6.294938473583701,110184.81754113465
6.882288396148715,0,Tier 2,USA,Top 100,2,65.71433310897957,48.914145832747664,Cloud,Finance,7.1104340387189415,119288.96520200318
7.699191800805506,1,Tier 2,India,300+,0,50.62206969310257,68.85446096349034,Cloud,Tech,3.894313715151936,52226.24087181395
7.72396963319536,1,Tier 1,Germany,300+,0,65.45262610455345,83.95173621646904,Core CS,Other,4.835017329659464,100754.07182835764
6.8193546007391665,1,Tier 1,UK,300+,4,79.47287938730761,99.0129879846504,Core CS,Manufacturing,6.846050020249665,104174.34031416869
8.149143615647093,0,Tier 1,Germany,300+,0,91.78219869822634,55.14242443476687,Core CS,Other,5.099540724809301,101225.95913142776
6.933925939718968,1,Tier 2,Canada,300+,2,75.63087698841737,49.26133863773036,AI/ML,Tech,6.748319765349498,101828.01586464646
7.615974985068178,0,Tier 3,Germany,100-300,2,43.52891639674243,68.63045422913183,Core CS,Healthcare,4.396175203874858,57240.99885321606
8.094475389451919,0,Tier 2,India,300+,1,75.24683255061699,74.00385926084581,Data Science,Consulting,7.52426109052303,60591.661200644994
8.573533570006603,1,Tier 3,USA,300+,1,53.61241457451257,30,AI/ML,Tech,6.288323531668371,119586.04360409292
6.9686847784253265,0,Tier 3,Canada,300+,3,68.89915366762747,66.4763443341913,Data Science,Healthcare,4.153731096902497,83503.07055943988
7.999768336147455,1,Tier 3,Germany,Top 100,0,79.563106475065,52.09544775203817,Cloud,Other,3.331356250984864,78365.11628008702
6.154802343499792,2,Tier 3,Canada,100-300,2,79.72944092799675,31.66301065457646,AI/ML,Healthcare,8.75450402713033,81038.59627632593
7.837821126847571,2,Tier 3,Germany,300+,1,52.03501142778118,58.46050805482956,Cloud,Manufacturing,6.229736350703537,82381.27524920714
7.690749824151903,1,Tier 2,Germany,100-300,2,62.23894951621329,92.93959610204,Cybersecurity,Manufacturing,8.413278612531192,90008.69301916071
6.987549528903765,0,Tier 3,UK,Top 100,1,83.86268157845352,54.918698382315064,Data Science,Tech,7.121331707390705,104816.55832577412
6.499267185852318,0,Tier 3,USA,300+,3,70.60791879078708,99.86714833481211,AI/ML,Manufacturing,4.8269810485671005,91808.49484863614
6.217396049551618,0,Tier 3,Canada,Top 100,3,71.14055129777837,99.7080628560868,AI/ML,Manufacturing,7.102902293151313,84748.70263997813
6.340310392187982,2,Tier 2,Canada,100-300,4,68.49674162763723,69.23445886303826,Cloud,Tech,2.091087705648311,104085.34401865292
6.427589611611817,0,Tier 1,Germany,300+,2,73.95405968449813,92.41306336867484,Core CS,Manufacturing,4.860079849907915,96276.99011290696
7.897199369479942,2,Tier 2,India,100-300,2,35.756212531516525,90.2085951186698,AI/ML,Manufacturing,7.704496738539458,54389.95725285902
6.471179956298005,2,Tier 2,India,300+,4,66.39945073237392,52.22231796218222,AI/ML,Other,4.990024250102834,49972.9393060622
6.588049034853382,1,Tier 1,USA,100-300,2,48.42147387261309,63.6943969904431,Core CS,Other,4.627265217625929,115382.72773723926
7.271194811047536,1,Tier 2,Canada,Top 100,0,84.13340892331402,59.42150928341664,AI/ML,Tech,6.916772950844856,113932.3947855268
7.364999590822826,1,Tier 3,USA,Top 100,3,41.278964880726136,66.44625308084842,Core CS,Healthcare,5.759353931419399,96473.09330624103
7.817308171062087,1,Tier 1,Canada,100-300,2,71.14818403393733,80.20986380595978,Data Science,Manufacturing,7.788646041120501,120000
8.149094427395003,0,Tier 3,Germany,Top 100,2,79.49705956769351,88.02247798264162,AI/ML,Manufacturing,3.2507785239076363,90688.09355381876
6.159850770110665,1,Tier 1,Germany,Top 100,2,84.76816874918589,80.2024056310838,AI/ML,Tech,7.139328167741972,120000
6.222161404212132,1,Tier 2,UK,100-300,0,65.16157473786593,51.98363687092053,Data Science,Other,2.7169512842183,102637.41891639188
6.395196784434717,1,Tier 3,UK,Top 100,3,69.88684871324587,67.00754563839723,AI/ML,Consulting,6.063306090432727,94245.35559501004
5.442779770912908,2,Tier 3,Canada,100-300,2,81.395209443540125,52.84645378715716,Data Science,Tech,5.422308312780315,75240.67478490001
6.257424026121585,0,Tier 1,India,100-300,4,56.846177338806235,56.71772780308977,Core CS,Other,5.899044425735114,50971.56585066536
7.99474262248234,0,Tier 2,Canada,100-300,1,61.63039075184066,87.41712587215964,Data Science,Consulting,7.371598814076131,105923.61374445527
7.284270556472109,1,Tier 3,Canada,300+,1,71.00809804905327,90.0542196909268,Data Science,Finance,4.983442611642464,87918.05553223094
6.9058661582457175,2,Tier 2,Canada,100-300,2,74.99463995001496,82.21970697753638,Cloud,Finance,7.869331503539979,87257.07926338588
6.635626355000207,0,Tier 1,India,Top 100,2,79.87507479098853,64.61349029815219,Data Science,Other,4.14378952013643,59478.50152671655
7.379706788453434,0,Tier 3,India,100-300,3,83.43367600414307,36.483368227762625,AI/ML,Finance,3.7243491993362534,49569.05177977234
7.942602278038402,1,Tier 1,UK,100-300,1,35.00001939048201,69.93199788895947,Core CS,Consulting,10,113167.6971208622
7.326508730222685,0,Tier 2,Canada,100-300,1,54.86794216028372,50.87440143513025,Cybersecurity,Consulting,8.464309820126076,93959.66521888982
6.6210836338790475,0,Tier 2,Germany,100-300,0,58.832842601426805,49.99300926031504,Cybersecurity,Healthcare,3.6462968062286913,84782.08741526293
9.354438668214897,1,Tier 1,India,300+,1,60.29392062515544,43.11655234206033,Cloud,Healthcare,5.613499279941224,64775.77158365656
7.579592848305382,2,Tier 3,UK,300+,3,46.63706253526814,77.0748503076671,AI/ML,Tech,5.585024320619021,91038.94453257936
8.895429840649198,0,Tier 2,Germany,300+,2,74.20027512674595,68.85238724579588,Cloud,Consulting,3.144122196207137,98361.08609499317
8.116347265759348,2,Tier 3,Canada,300+,1,70.00719874914438,65.45278998513774,Core CS,Tech,5.583505536194627,84204.41472213514
7.241125655824894,1,Tier 2,India,100-300,1,100,79.51486573572127,Cloud,Manufacturing,4.013577656872344,51772.08604200595
6.9707359680985235,0,Tier 3,Germany,300+,0,89.34940361719686,50.70529334965602,Cloud,Tech,4.776955220151695,66974.16648030985
5.6097563073228,1,Tier 2,USA,100-300,2,80.57895355115355,73.45884178828018,Cloud,Tech,5.843302762218052,108223.54049136674
7.968539642033757,3,Tier 1,UK,300+,1,66.23694492702066,59.96470248426879,AI/ML,Consulting,4.329576199978692,120000
6.520288004143037,1,Tier 3,Germany,300+,0,75.5646518582125,72.81082667504005,Data Science,Healthcare,5.092482610175671,77602.69136095002
7.329562399249448,3,Tier 1,Germany,100-300,1,77.83280777792514,61.58635737145715,Data Science,Manufacturing,7.470511925861517,120000
7.681272836714558,0,Tier 3,Canada,Top 100,2,52.39280503586253,69.4844050012128,Cybersecurity,Other,7.607338655103326,76667.5936574877
6.272255648550019,0,Tier 2,Canada,Top 100,1,77.41273253407618,76.65849563378389,Core CS,Consulting,3.324343276527529,81046.74568146474
6.342267514648475,0,Tier 3,UK,300+,3,91.22706398031175,48.02839614040906,AI/ML,Consulting,5.49628825046157,71278.42836212921
5.969915773077551,1,Tier 3,USA,100-300,1,49.5492519399596,59.1676850705513,Core CS,Other,6.012268499583914,81373.49461403978
6.279641230897578,3,Tier 2,USA,100-300,0,78.64809829497477,94.47342587466515,Cybersecurity,Healthcare,2.598892268560359,106742.64952940113
8.135564544638271,0,Tier 2,Canada,300+,3,73.16289549413304,49.98152083103412,Cybersecurity,Other,5.8768703527239445,94220.94389628289
6.267618376727766,0,Tier 1,Germany,100-300,4,85.03630503177563,50.829764599109154,Core CS,Tech,6.764852453843004,105325.35572286122
7.1011673752485525,2,Tier 2,USA,100-300,2,72.83866949449146,31.03674894337098,AI/ML,Other,5.351153187360104,120000
7.691255985711157,1,Tier 3,Canada,100-300,1,65.6506886077434,47.09484255890565,Core CS,Consulting,5.349040392056773,84539.48682292264
7.244907642482204,0,Tier 1,UK,100-300,1,79.7173398449971,53.29939112836216,AI/ML,Manufacturing,5.673406689608956,120000
6.815152370527281,1,Tier 1,India,300+,1,78.86518634821759,47.82355298757427,Cloud,Healthcare,5.710303985776376,58838.60948693391
8.554823104897757,0,Tier 2,UK,300+,2,92.2675551490039,66.8763694538608,Cybersecurity,Manufacturing,7.1462701636802075,101638.96174087896
6.392261585797957,0,Tier 2,Germany,Top 100,1,68.0186190256788,63.97317457977943,Cloud,Other,3.843092832214017,81744.97688594912
7.847652458098718,1,Tier 2,India,300+,1,49.98297979977511,49.95821848781823,Data Science,Finance,5.327609937038361,66836.20719616595
6.5557756024757365,0,Tier 1,Germany,100-300,4,76.98062902001375,75.46365092484395,Data Science,Manufacturing,6.21150438022012,118292.32018658226
7.611370562671084,0,Tier 1,Canada,Top 100,1,65.32878608032894,78.86469096552624,Core CS,Other,4.821848083306497,113765.887848269
8.382371068305412,0,Tier 1,India,100-300,0,78.62229722546284,92.40067045919184,AI/ML,Tech,4.04439082331448,69397.75712771807
6.624522826858631,0,Tier 1,USA,300+,1,73.07666790915243,58.50856114100916,AI/ML,Healthcare,4.342171108991328,120000
6.595608195644391,2,Tier 1,India,300+,2,78.24716896366807,100,Cybersecurity,Healthcare,4.9845882672493005,56484.704334946095
7.1670828340274655,2,Tier 3,UK,300+,3,61.038292154959905,73.82013985375046,Cybersecurity,Other,2.5087673333879716,74463.06597151225
7.046570181668045,2,Tier 2,India,100-300,4,96.33822547473262,41.24373841306195,Cybersecurity,Manufacturing,5.975439693052589,38992.0584876749
7.376386396903285,2,Tier 3,Germany,100-300,1,77.41974650489648,58.97160151860378,Core CS,Manufacturing,5.212312999478767,68635.82240556549
8.57787558326576,0,Tier 2,UK,100-300,3,58.359944516351774,52.89194754531227,Data Science,Other,7.1639626281054065,118341.63916697873
7.487308415242811,1,Tier 1,USA,300+,1,78.7773350805295,73.69536613469795,AI/ML,Healthcare,7.927304031957616,120000
7.457956244924081,1,Tier 3,Germany,100-300,1,91.9144730374932,75.13401744173333,AI/ML,Manufacturing,5.638377677201416,82116.01100233245
7.31763733590592,0,Tier 1,UK,100-300,0,65.7686243842381,46.10770500643821,AI/ML,Manufacturing,4.075710016538933,120000
6.80082107577546,1,Tier 3,Canada,Top 100,0,69.15241745109351,60.03518722135333,Core CS,Consulting,4.159382333609155,63538.535375789776
7.251303597160533,1,Tier 2,UK,100-300,1,84.76999593319343,59.86210765383457,Cybersecurity,Other,4.250112182191516,103631.58925976433
7.251470946505145,2,Tier 2,UK,300+,3,54.46795796722407,80.68314665541799,Cloud,Manufacturing,4.06338862874671,91243.8756601239
7.351320106960334,3,Tier 3,India,Top 100,3,54.430670391125275,77.15309480289869,Cybersecurity,Manufacturing,4.672973625979235,36463.84329860757
7.666543545016145,0,Tier 2,India,100-300,1,89.9018158419771,61.969655483725525,Data Science,Finance,6.575380254072665,48822.15356763202
8.026235975071184,0,Tier 1,Germany,100-300,1,94.56929915752634,59.87652266377816,Data Science,Other,2.780605847589983,119710.1382496367
7.062405934783086,0,Tier 3,Canada,100-300,2,98.7861452858767,62.527216424853535,Cybersecurity,Other,5.341926236411634,80485.30868974036
5.953778747881872,4,Tier 3,USA,300+,1,89.75986358483325,58.37657648795354,Cloud,Finance,5.658021021965923,78243.52046612038
6.723916722544648,2,Tier 3,USA,100-300,2,74.27336293954373,53.99903990257278,Core CS,Healthcare,6.715167023482055,91325.3872353416
7.03525005392528,0,Tier 3,Canada,300+,4,69.7160792315248,30.387483899866066,Core CS,Healthcare,5.159026335088078,65921.58216566348
8.110931616081986,0,Tier 1,Canada,100-300,2,67.4220182101851,92.34752869484502,Data Science,Finance,3.52698712183451,120000
7.113902330008373,1,Tier 1,USA,100-300,0,92.8663808708947,52.447510607476815,Cybersecurity,Tech,4.363953361095419,120000
7.305082267664228,4,Tier 1,India,100-300,1,78.51060072088976,63.48708146304886,AI/ML,Finance,6.588402642044268,60706.47709793833
8.092421170021012,0,Tier 1,Canada,100-300,0,65.592036532623,66.64119118349402,Data Science,Finance,3.797438751287082,120000
6.912108701518451,2,Tier 2,Germany,100-300,1,68.03357732431377,58.56475402626232,Cybersecurity,Finance,4.579272983156378,90114.16132050836
6.852730506387265,2,Tier 2,Germany,100-300,2,80.32092184386157,48.234371442705864,Cybersecurity,Finance,6.370628355367987,89796.83462925465
8.332482570949221,0,Tier 2,Germany,100-300,1,71.52853059795385,83.10176533808514,AI/ML,Manufacturing,5.355416781841967,104881.25388381
6.699599967939543,0,Tier 3,UK,300+,3,100,64.50114575548736,Cybersecurity,Consulting,4.111743348951238,75257.71974068864
7.559571397516562,0,Tier 2,Canada,300+,2,82.31953076813772,65.4597578065774,AI/ML,Manufacturing,5.757586912725279,101394.16147232192
5.499994090022451,1,Tier 1,USA,100-300,3,78.48439846301426,82.06077301998496,Cybersecurity,Other,4.76006807232859,108611.0354758836
7.943990823751829,0,Tier 2,UK,100-300,1,60.49482981308969,53.04731850998678,Cybersecurity,Consulting,6.352430961593484,97107.8138836222
7.841768924765647,1,Tier 3,India,100-300,2,42.988962547542016,68.60572055673329,AI/ML,Tech,4.91649287783646,59762.635764944294
7.0779472882378425,0,Tier 2,Canada,300+,3,100,40.57428514285931,Data Science,Tech,6.602767383753908,108478.11551394605
7.320000004490853,0,Tier 1,USA,100-300,0,50.821666046687014,64.12235145942769,Core CS,Other,6.4552778815634495,120000
8.831032528704231,2,Tier 1,Canada,100-300,2,67.96832370292043,52.04260883185579,AI/ML,Healthcare,7.416622651165763,120000
7.625621910059302,0,Tier 3,USA,300+,1,77.27511057911681,53.81103426696147,Cybersecurity,Other,3.8841586424478662,102130.54963060524
6.991627896757817,2,Tier 3,USA,300+,2,91.12841916659173,74.9376733840646,Cloud,Tech,8.311291040652279,85356.0969466216
7.823344348902374,1,Tier 1,USA,300+,1,54.68579129166832,73.18549281326261,Cybersecurity,Tech,3.104614092440035,120000
5.56468519104112,2,Tier 2,UK,100-300,1,81.28774628425731,60.43579117514887,Core CS,Manufacturing,3.666049022811307,82040.18644839605
7.431811610262674,1,Tier 2,UK,300+,0,72.21328192443387,79.96517861662426,Cloud,Manufacturing,6.5845596589108135,89760.47283116615
6.738771317972343,1,Tier 2,USA,100-300,2,77.89845934113308,58.66201427804583,Cloud,Tech,5.293916605873758,112391.78537458056
6.063260084954037,3,Tier 2,India,100-300,2,71.38359488805919,90.77663146361454,Data Science,Consulting,5.760202748566245,50300.85127810392
7.161906696478956,1,Tier 2,India,Top 100,2,57.19742113083751,75.39760659161009,Core CS,Finance,7.851089865694628,46989.95803864915
5.754439130634817,2,Tier 3,India,300+,1,77.1455540247616,99.23575856512193,Core CS,Other,4.522968262038531,28649.195341665265
7.031771057375708,1,Tier 1,USA,300+,2,71.20990697786685,50.12093543817747,Cloud,Manufacturing,7.263424038361059,111096.1278101842
6.639204786376553,1,Tier 1,USA,300+,2,61.921869112354926,50.58161829628216,Data Science,Manufacturing,5.224147681445085,120000
7.23515951035453,0,Tier 3,Canada,300+,0,93.22992230201214,75.01530976121325,Cybersecurity,Other,7.078927567759837,72732.70929567397
6.381966310526211,1,Tier 3,UK,Top 100,0,50.79452796822658,72.16530739821778,Data Science,Consulting,4.543776557270588,94144.36654684442
6.953628800265358,0,Tier 1,Germany,100-300,0,39.39440434400995,58.68634779676695,Cybersecurity,Healthcare,2.2313778052480786,95531.35900041075
7.504700482876925,0,Tier 2,Germany,300+,1,53.01410376028858,95.16154032886594,Data Science,Finance,5.949216429537035,105391.64140956564
8.411931044440617,0,Tier 1,India,100-300,2,76.9804823237254,62.663595709036514,Core CS,Consulting,4.632883987222928,58199.61938035012
9.23376709432797,1,Tier 3,India,100-300,0,82.83308661376276,52.12516397879218,Core CS,Other,2.934232386690349,40023.655474787585
7.0729345173331515,0,Tier 2,UK,300+,0,61.41968354407844,55.9421161025258,Cloud,Tech,5.786884122672945,97280.19655005152
7.630563312637749,1,Tier 3,USA,300+,1,86.90516555557281,69.6522534834244,AI/ML,Other,6.40092035047865,97271.38728560704
8.20218746104447,0,Tier 2,Germany,Top 100,2,78.66251636315391,58.086066723385514,Cloud,Other,5.141753200823211,90030.19259474435
7.620982803779285,1,Tier 2,Germany,100-300,0,31.547333410232103,74.26844407679572,Core CS,Healthcare,6.3462574866978185,85089.48677894172
6.612853244039013,0,Tier 1,UK,Top 100,2,67.4062349488352,60.80285532428941,Data Science,Other,4.6232246027619315,120000
7.989744640231208,3,Tier 3,India,100-300,1,68.5164078199882,40.33935872026764,Cybersecurity,Manufacturing,4.772951175179068,34212.675733280324
6.796419138683727,1,Tier 2,Canada,300+,0,73.8391229050673,76.4387789430822,AI/ML,Consulting,3.205185369328624,98374.14632268164
6.633579853588355,1,Tier 3,India,100-300,1,73.25774077757228,53.424257469083045,Cloud,Manufacturing,2.8675777390919452,33706.84587768266
7.380267940341993,1,Tier 3,UK,100-300,2,100,59.19248165366817,Cybersecurity,Tech,5.157218988774578,87138.63459380822
6.149316400135745,0,Tier 2,India,Top 100,1,92.80033050053012,54.01627491779353,Cloud,Consulting,3.549643149957558,50408.89571498388
6.2722481692733325,0,Tier 3,Germany,300+,2,91.50582581182746,82.01713241915492,Cybersecurity,Consulting,5.168019880732732,65533.72577127265
7.607600030012898,0,Tier 2,India,300+,2,76.87353894359651,84.95549103034615,Cloud,Manufacturing,4.99548648953212,34624.26797685698
6.506579710784234,0,Tier 1,Germany,100-300,1,67.70879403068416,50.53401396371305,Cybersecurity,Other,5.494446132914757,94515.14408229612
6.97436610345561,1,Tier 3,USA,100-300,2,66.23232582980751,65.19886334689873,Cybersecurity,Consulting,5.388044255209913,85110.45849361447
6.055222013068492,2,Tier 1,UK,100-300,4,67.59544488806958,58.08938086071284,Data Science,Manufacturing,7.741322227805455,118414.54187804127
8.689037067279667,0,Tier 2,India,100-300,0,68.43270829606969,77.42325968367672,AI/ML,Consulting,4.88210283558635,55764.16699490189
6.311547676948891,2,Tier 2,UK,Top 100,0,53.76704456155662,76.70470368487693,Data Science,Healthcare,2.866192310638546,105215.31694299947
6.741566104981595,1,Tier 3,USA,Top 100,2,63.88179625393767,62.086081454475874,Cybersecurity,Manufacturing,6.820294856708644,90156.86907349872
6.662914553783646,1,Tier 1,USA,100-300,4,74.80600419441106,53.52712248923817,Data Science,Finance,2.600445971995188,120000
7.75851436037764,2,Tier 2,India,Top 100,2,64.75936379262696,48.86459526176451,AI/ML,Other,3.895423840991339,55417.09757294115
6.010817370726121,1,Tier 1,UK,Top 100,1,91.98525040974738,59.79285966292716,Core CS,Consulting,4.914554666133639,95589.4506054178
8.019552182279122,0,Tier 3,UK,300+,0,71.10992550921216,30,Core CS,Other,5.00946059299201,81248.63900100949
6.923727127042654,0,Tier 3,Canada,Top 100,0,77.36156217745815,86.05282275213406,Cloud,Tech,3.8656486724699226,82690.18926447637
8.384257451885734,1,Tier 1,USA,300+,1,58.62807344915916,45.879261486904475,Data Science,Consulting,5.432630618073727,120000
7.156322577026656,2,Tier 2,Germany,300+,1,59.87389264443364,93.08831494033306,Cybersecurity,Healthcare,7.054095325854823,78198.0338665335
8.534885067100966,0,Tier 3,UK,100-300,3,68.64554469491416,61.731170292007526,Core CS,Tech,5.694199118427826,91248.90172028376
6.819605261332291,0,Tier 3,India,100-300,0,75.12625037292167,77.20324270209478,Cybersecurity,Tech,3.8796762395038975,38921.39970382317
7.236409353272271,0,Tier 2,Germany,300+,3,30.69817715432297,46.190981125574034,Cloud,Healthcare,7.586148939257143,92789.12151810832
6.552963344892034,1,Tier 2,Canada,100-300,0,100,69.0592073687199,Cloud,Consulting,4.557763654469312,90685.4839758668
6.729747924646878,1,Tier 1,Canada,Top 100,2,65.68218486150751,52.50763253802168,Data Science,Healthcare,5.249184568410718,120000
7.983085240160448,1,Tier 3,Germany,100-300,1,79.86347178569054,49.72319088152515,Data Science,Manufacturing,4.488214075550717,89390.89309272199
7.368862425837148,2,Tier 2,India,300+,3,60.18340783407359,55.573959800555386,Cybersecurity,Healthcare,6.326137513674366,46653.210499576875
7.200502585682641,0,Tier 2,UK,100-300,1,64.03565596371664,57.42338131692543,AI/ML,Tech,3.2642501910583652,115574.60972775436
7.646856805512093,0,Tier 2,Canada,Top 100,0,48.61123354672865,67.18859582102625,Cloud,Tech,4.074039972357244,99842.69557598232
6.788515333437227,1,Tier 1,Canada,300+,1,66.31328400431796,69.95996398831257,Core CS,Consulting,5.462339844109102,105721.87890652186
6.380636945317679,0,Tier 2,India,300+,1,62.12460162145362,83.74271939545261,Cybersecurity,Tech,4.377402351919936,44189.25572324871
7.0014264328836875,2,Tier 2,Germany,100-300,1,57.93601277929196,67.60594084776872,Cloud,Healthcare,5.797564778795198,90272.0221656776
6.599791186730659,1,Tier 3,USA,300+,1,61.38910587420725,59.91920007898285,Core CS,Finance,5.012399470114476,91318.34063475343
6.587106686502852,0,Tier 2,USA,300+,2,54.4950995726374,92.90801001887512,Core CS,Manufacturing,7.646077640628787,103498.27982663688
8.69964498386321,0,Tier 2,Canada,100-300,1,75.68815329798092,80.4015428482725,Cybersecurity,Healthcare,2.516605950004217,99771.58949593666
6.856304222875494,1,Tier 3,USA,Top 100,1,47.19681216099984,43.147836546422226,AI/ML,Consulting,4.673464417652626,102451.0820371884
8.380555034251817,0,Tier 2,India,100-300,3,69.4644131358463,60.898981662395634,Cloud,Consulting,6.829583562997728,49840.915302706904
7.097475571305964,0,Tier 1,Canada,100-300,0,79.68136080394082,40.216111805160594,Data Science,Healthcare,6.168452435725359,119753.94603904408
7.079861052079814,2,Tier 2,India,300+,3,67.74055687327989,98.99190859700984,Core CS,Healthcare,6.702293807720027,45109.258127367575
7.164364549629043,1,Tier 3,USA,Top 100,4,88.34521109759639,61.770455702704425,Data Science,Consulting,4.238648598293532,101442.2612832213
6.379514716318087,0,Tier 2,India,300+,1,56.844488467869,82.42450181276024,Core CS,Other,5.733272272751311,45568.588633447456
6.359731675067757,2,Tier 2,UK,100-300,2,78.63741424833023,47.82238151004802,Core CS,Other,5.421756823369519,94767.15460928064
6.60081019521671,0,Tier 1,Germany,100-300,1,65.66755553600382,64.48978249547582,Cloud,Consulting,4.710713473709337,98556.53996898036
8.395889125298794,1,Tier 2,USA,300+,1,69.41665202053764,45.1695519713475,AI/ML,Consulting,7.862387785967553,120000
8.923870033803178,0,Tier 1,Canada,300+,1,86.23108895506924,85.89870424484667,AI/ML,Other,9.038545637137892,120000
6.628186220870618,1,Tier 2,UK,Top 100,0,62.92830332117909,72.68929590682248,Core CS,Consulting,2.4554202773082454,101515.85812264025
6.058218866039032,1,Tier 2,Canada,300+,2,56.90220172036011,72.77316031461666,Data Science,Tech,5.505345809993521,100938.0518091873
7.374832129236856,1,Tier 2,Canada,100-300,2,84.70337554393865,42.74282016271299,Cloud,Other,3.988656776526446,84805.16598110233
8.426324480052115,0,Tier 2,India,Top 100,2,60.58889869831694,45.466859192232235,Data Science,Consulting,5.923367314887122,65318.2739986199
7.536039737452419,0,Tier 1,UK,100-300,0,73.84384328065438,70.7445579589394,AI/ML,Other,3.617690384948893,120000
7.78831976916004,0,Tier 1,India,100-300,2,60.64979091015978,76.26812376547707,Data Science,Consulting,3.0785901655488255,67105.05164193611
7.141187346930362,0,Tier 3,Canada,Top 100,2,62.93452145626407,57.10198032788919,Core CS,Finance,4.896328055449075,72913.68043565616
7.812749778850845,0,Tier 3,Canada,100-300,2,69.6944295432881,41.0264837686741,Cybersecurity,Other,2.340491121366498,77023.93630469717
6.677296203225054,2,Tier 2,India,Top 100,4,74.32697576417674,48.24763341130365,Data Science,Tech,5.619869408860007,57920.81790829697
8.008679615999448,0,Tier 1,Germany,Top 100,2,88.0455576861803,82.81878432530777,Cloud,Consulting,5.045133855734129,114791.10331685668
7.070378837703335,1,Tier 2,UK,100-300,3,47.99663796524074,45.2731820823105,Cybersecurity,Tech,6.099975303833037,105904.88111866212
6.576801268637499,1,Tier 3,USA,100-300,2,55.16041539007062,60.47129598043803,Cybersecurity,Other,3.0312813764553943,84176.88339690912
6.654835484352092,0,Tier 2,UK,Top 100,2,75.7986291140244,79.57998059831986,Cybersecurity,Finance,5.688504395992711,94963.16737435586
7.487904037752335,3,Tier 3,India,100-300,2,59.53183490264172,74.83056139014376,Core CS,Other,3.8007894775174256,34365.688759416524
6.968058829301309,1,Tier 2,Germany,300+,5,81.53669004948091,67.48694579697627,Data Science,Tech,3.7521983994803927,101322.1405615756
7.635938491100447,1,Tier 1,USA,100-300,2,63.18656811445041,56.94725418533619,Cloud,Healthcare,4.74095151372119,120000
8.079308084090744,0,Tier 1,India,100-300,0,46.0131007827473,47.45849649095264,Core CS,Consulting,9.592281562149806,57043.316196816224
7.846536075059282,0,Tier 2,USA,300+,2,63.81837970657457,46.34629257109421,Core CS,Other,5.5786160208227,101423.90923080475
7.376407877902846,1,Tier 1,Germany,100-300,2,71.44132476860554,71.97865632304661,Data Science,Consulting,3.886351676708542,120000
7.009490143344627,0,Tier 2,India,100-300,2,62.20020652051855,71.63783245238642,Cloud,Healthcare,3.8136343534215422,39265.59331101691
8.343797905777222,0,Tier 1,Germany,100-300,4,79.72754201444353,86.91562861626079,Core CS,Manufacturing,5.3419860297572965,103404.4154802524
8.533807318740898,0,Tier 2,Germany,Top 100,2,88.40945116969834,60.07723513973803,AI/ML,Tech,3.659243403912955,119682.94383177171
6.0766692921763665,0,Tier 2,UK,100-300,1,71.1126329179476,70.60452142431808,AI/ML,Healthcare,7.838116081904004,97185.0656097786
7.68416120619861,1,Tier 2,Canada,300+,1,76.07730047697959,54.73465118031839,Cybersecurity,Tech,5.033283221190824,96958.96186326524
7.211432168122601,1,Tier 3,India,300+,3,81.58776632636138,54.403402787537345,AI/ML,Finance,4.923436404802436,45118.126467506205
8.051025741257446,0,Tier 3,Germany,Top 100,1,58.226374817655845,58.87934706001475,AI/ML,Finance,6.227663248972807,91788.82829527452
6.987622687418608,1,Tier 1,India,100-300,2,70.9168833045519,71.30186853374695,Cloud,Tech,4.986568982641336,54039.83842345633
6.305619661977334,1,Tier 1,USA,100-300,1,61.25554299086744,67.56523255626351,Data Science,Tech,3.475742808155068,120000
6.829125406235966,1,Tier 2,USA,100-300,0,62.99475821852541,87.24916017103735,AI/ML,Tech,4.2398896835985544,120000
6.097127461522373,0,Tier 3,UK,300+,2,56.24643111543354,44.550837541340606,Cybersecurity,Consulting,5.976090493608463,63298.821766015215
7.290403427844861,2,Tier 2,India,Top 100,0,68.72521883983931,75.86490039990474,Cloud,Healthcare,6.801724379317957,41380.27615004227
6.713277139589689,1,Tier 1,Germany,300+,1,58.86905653413389,54.62795951964982,Cloud,Finance,5.364825185049131,97447.27852734056
6.020000089071959,1,Tier 3,UK,100-300,1,72.86706767224739,56.47299512008049,Cloud,Tech,3.6645018569616874,76452.7777500133
7.941226603030213,1,Tier 1,USA,100-300,1,100,69.84262689165367,AI/ML,Finance,1.546040679108536,120000
6.533022293149919,2,Tier 3,Germany,100-300,0,91.77360349530711,47.29546344496232,Core CS,Tech,8.199331490100784,78241.25151171446
6.1314018313747605,0,Tier 1,Germany,100-300,2,60.15316403111221,51.363966583671406,AI/ML,Finance,8.219199413333424,119101.7231643506
7.023836932097139,1,Tier 3,Germany,100-300,2,35.528119975224314,67.77966666935122,Data Science,Healthcare,5.226367857318659,77931.39561430435
6.4878764345323106,0,Tier 1,UK,100-300,2,40.29043817731204,77.52063295621042,Cloud,Tech,5.093241267412151,120000
8.186995128162966,0,Tier 2,USA,100-300,3,38.428983347913714,59.66252535509883,Cloud,Consulting,4.179399645253392,117432.00149734475
6.5504559089136585,0,Tier 2,Canada,300+,1,65.2577677235787,70.47456653163829,Cloud,Healthcare,5.380193155793272,86196.75362405997
7.9513811690046285,2,Tier 3,India,Top 100,4,93.72059676164416,41.14650227605792,Cloud,Healthcare,6.500136736262734,43554.611835302305
7.533796117943393,0,Tier 1,India,100-300,2,77.10785855069985,48.155560345264654,Cloud,Consulting,6.908126671764245,60888.471541476065
6.977425696850216,1,Tier 1,USA,300+,1,67.43255306190835,68.75495803429298,AI/ML,Tech,5.0146255148436385,120000
8.091460995336693,0,Tier 2,Germany,300+,0,50.062380107197384,67.66580228778075,Cloud,Consulting,4.979244397573782,88798.1916457397
7.53002882671889,3,Tier 3,India,300+,2,79.64791808794976,68.19951145816867,AI/ML,Other,5.0530274804810995,48466.53559573193
6.341715278785254,1,Tier 3,Canada,100-300,2,39.37715423265863,65.0630693520032,Cloud,Other,7.485345194912492,69362.77368389002
7.317093565173881,0,Tier 3,Germany,100-300,2,77.30004514106868,70.27911434540643,AI/ML,Manufacturing,8.009836262891733,70343.5742214871
7.4863580536046035,0,Tier 2,India,300+,2,67.04184143423937,69.00702308801323,Core CS,Manufacturing,5.289471918212732,47568.38224314609
6.3956008934928406,1,Tier 1,Canada,100-300,0,84.93894464074992,89.45504949405964,AI/ML,Healthcare,5.854943203890789,105820.26794927107
8.157555317109583,0,Tier 2,Germany,100-300,0,58.26614570325975,43.13227720952656,AI/ML,Manufacturing,6.1131701705169155,102365.14732748362
7.203784909904168,4,Tier 2,Germany,100-300,2,85.70307722252853,60.3412242251588,Data Science,Manufacturing,3.6002578489863604,100399.17127245586
6.8968980970489975,0,Tier 3,UK,300+,2,74.66266537046472,60.51096923284329,Cloud,Manufacturing,4.261087707916228,74643.67092415175
6.592724955750745,2,Tier 1,Germany,100-300,2,61.543681859737745,76.95641386834181,Cloud,Finance,5.3909130569566965,99621.73248158676
6.320716119207821,2,Tier 2,Germany,100-300,1,87.06820256276383,90.2926372816286,AI/ML,Finance,1.969038893813111,89700.02401722273
6.4149963449496346,1,Tier 1,UK,300+,2,85.00875610010239,71.21545947435767,Cloud,Healthcare,5.217440060971149,96611.0783061159
6.281872491779957,2,Tier 3,Canada,300+,2,65.83775623995707,71.04279215178067,Cloud,Healthcare,5.920650204163207,56247.319646691496
6.960936131253037,2,Tier 1,India,Top 100,1,57.69508840011381,86.9416082692285,Core CS,Consulting,6.113739064586352,49553.80575081337
7.188364636088892,0,Tier 2,India,300+,2,90.92741064082898,78.84791002289712,Cloud,Finance,3.2546039671887828,43407.567656129126
8.204049630886665,0,Tier 2,UK,Top 100,4,83.2882846427631,62.21410830633349,Core CS,Manufacturing,3.633823350637236,101990.88832759274
8.196024247788671,0,Tier 2,USA,300+,0,48.263334175940045,67.82754620088608,AI/ML,Tech,6.052694597543607,120000
6.5962930061686125,0,Tier 2,Germany,Top 100,2,61.48939623443819,66.42051843527173,Data Science,Consulting,6.428701435164379,96753.48264668851
9.177529718325196,2,Tier 1,USA,300+,1,91.6787612859504,64.47582248930787,Core CS,Tech,4.4163266190882515,120000
7.675564697657332,2,Tier 1,Germany,100-300,5,74.58500607037251,66.87326842142596,Data Science,Finance,5.47865750636666,120000
7.881390289428968,1,Tier 2,USA,Top 100,0,81.70599693636288,44.86070513605842,AI/ML,Manufacturing,5.477049401658481,120000
7.393594789469197,0,Tier 1,Canada,Top 100,1,100,49.735400767327675,Core CS,Consulting,5.61945158659684,104178.67970473628
5.714994569278433,2,Tier 2,UK,100-300,0,66.04381577838653,44.228334348153965,Cloud,Finance,6.7709787100755365,100147.50241279315
7.315966376258646,1,Tier 2,India,100-300,5,39.32618451722236,60.45165676391956,Cybersecurity,Tech,6.178509437747974,47773.3000650595
7.858343691605877,1,Tier 1,Canada,Top 100,2,55.6623262026921,62.62888674354195,Cybersecurity,Healthcare,4.078756533718804,117232.35889681296
7.772261333728901,2,Tier 1,India,100-300,0,55.92935662347972,85.47560169891675,Cybersecurity,Consulting,5.646781773504745,53420.78611509604
8.481632035850936,0,Tier 2,UK,Top 100,2,52.6034053341311,67.12198913162578,Cybersecurity,Other,8.738273811948487,101171.96649870864
6.665773589989105,1,Tier 2,USA,300+,1,52.533552082598824,41.675311559492,Cybersecurity,Consulting,2.886744667523948,103254.60848670572
6.710697512501963,0,Tier 1,Germany,100-300,1,100,62.6265247470404,Core CS,Healthcare,4.162759644643998,93016.64788594308
8.1484567945309,0,Tier 3,USA,Top 100,1,66.86147024747638,47.16634995966655,Core CS,Manufacturing,7.980601033408872,97190.09606729654
7.071516223145291,2,Tier 1,USA,Top 100,0,79.75104142411304,62.07173875187048,AI/ML,Other,8.791789016742442,120000
6.645928565780675,1,Tier 3,UK,Top 100,1,92.0165865334593,53.550943043487074,Core CS,Manufacturing,5.627527921236217,65831.44278372354
7.006182314540547,0,Tier 1,USA,Top 100,0,98.72744661463284,89.66128971190152,Core CS,Consulting,3.875883136505869,120000
6.5579445231049185,1,Tier 1,USA,100-300,3,77.59284398596981,76.70434717994826,Core CS,Healthcare,3.439524944479869,120000
5.501595335255503,2,Tier 1,Germany,Top 100,2,63.279217776749555,87.37244333482776,Cloud,Manufacturing,3.5606736941316988,105731.10336245404
8.635585245759955,1,Tier 2,India,100-300,3,84.31210347289237,47.75717924980961,Cybersecurity,Other,4.4223684392781974,46221.37669159968
6.202217370048979,2,Tier 3,UK,300+,1,89.35631778606547,54.70873337857061,Cloud,Finance,8.38301818323413,74566.7808817656
7.882976010978077,2,Tier 2,India,300+,2,66.83315244292855,61.332660310961224,Cloud,Tech,5.485753772211011,57072.93401589951
6.692408703166786,0,Tier 3,India,300+,1,88.11607564892455,68.18593633929788,Cloud,Healthcare,5.559266641701128,33299.869987950115
6.949288118372151,0,Tier 3,Canada,100-300,4,30,63.85255487898818,Cybersecurity,Other,5.584602028249972,68689.8995763182
7.866866482487996,3,Tier 2,UK,Top 100,3,58.8863752112545,66.58939819982598,Core CS,Healthcare,3.08455300285755,102212.25880371366
6.7332314454545825,1,Tier 1,USA,300+,1,58.419088630087224,59.0306274199214,Core CS,Finance,2.9949546419638065,120000
8.21596160473144,0,Tier 2,India,300+,2,58.458225363495046,79.35884437872917,Cybersecurity,Finance,3.9816735541400528,53923.83980872628
7.607829789562462,1,Tier 2,Canada,Top 100,2,65.71947617180078,55.99441591737421,Data Science,Finance,5.993604106552347,119759.12860529548
6.328377953585874,0,Tier 3,USA,300+,0,81.9169841895058,43.84922086172539,Core CS,Other,7.747560269774508,83206.36822171278
8.097817053286393,0,Tier 3,Germany,300+,1,57.29793220990847,63.48593085478627,Core CS,Consulting,2.4610136133403993,76851.04760750274
7.113635583064436,2,Tier 3,India,Top 100,1,71.92892023669049,72.37203064000184,Core CS,Consulting,5.945068877675574,43905.57906886256
6.461675734392479,1,Tier 1,India,100-300,2,51.881058891214224,59.872466261405314,Core CS,Tech,5.533361742513007,53723.39444531979
7.530272874417306,3,Tier 1,Canada,300+,3,41.002723867146656,55.200969767906344,Data Science,Finance,2.708127354165818,115645.31569914408
7.714550677765802,0,Tier 1,UK,Top 100,5,30,47.91867593792743,Cloud,Manufacturing,5.888220656925284,105947.30999761756
6.612786301102332,1,Tier 2,USA,Top 100,1,76.39636640835914,71.81066147716936,Cybersecurity,Consulting,5.673861041738552,112539.6608173112
6.966992277879951,2,Tier 1,Germany,100-300,3,93.47343271034696,92.99333827645457,Cloud,Other,6.089951270621176,96256.74539230374
7.5997963803506785,0,Tier 1,Canada,100-300,2,80.861391149317555,55.66551783704996,Data Science,Consulting,6.9614806425698195,120000
7.267461643642803,2,Tier 2,Germany,100-300,0,85.26448515156866,67.29111543423076,AI/ML,Consulting,6.469472974236991,104230.4117199632
6.768014916450688,0,Tier 3,India,100-300,3,80.13647957643805,64.73742809785524,Core CS,Manufacturing,2.7401973733730056,35153.03895487798
6.329199506892838,3,Tier 2,India,300+,1,65.60734151391804,54.35673569200879,Core CS,Consulting,4.9762303766019125,41370.21911327448
6.828369868385629,0,Tier 2,USA,300+,1,77.43085548367802,48.94634423699033,Cybersecurity,Tech,4.416404987138725,112215.68618171652
6.43896834336676,2,Tier 3,UK,100-300,2,73.25811715108254,89.73722522139722,Cloud,Consulting,7.3009189974399344,69187.24973555714
6.827908959863608,1,Tier 1,Canada,300+,1,76.04836098767443,61.02072787120533,Cybersecurity,Finance,7.509296693497605,103224.4978562299
8.23382130212904,3,Tier 2,USA,300+,2,66.9873780070095,76.37359465430328,Core CS,Tech,6.886689654498594,120000
7.795481215852339,0,Tier 2,Canada,300+,2,35.22981781153979,97.42018416588554,AI/ML,Tech,5.835676717053791,109192.09280217676
7.721817119954762,2,Tier 2,Canada,100-300,4,68.40547104013513,44.51566675772653,Cybersecurity,Finance,7.040045659353253,98723.95253717688
6.84312543145845,0,Tier 2,Germany,100-300,2,58.06274641129407,87.0039535290903,Cybersecurity,Other,5.4357773105488,87802.16740242853
7.32774827499724,2,Tier 1,Canada,100-300,3,89.33417142043393,64.49686571718505,Cloud,Consulting,6.384346268623326,112594.42270161028
8.194402483554562,1,Tier 2,India,Top 100,2,67.7100957249176,84.62105195697956,Data Science,Manufacturing,4.774882979744943,67172.7860025404
6.87189588832165,2,Tier 1,Canada,300+,2,78.63241956620328,80.11617628969904,Cloud,Consulting,5.112562985317885,99822.09437711518
8.164480383405838,1,Tier 3,India,100-300,1,70.13250695994415,64.16065949806037,AI/ML,Finance,4.3845401786610525,51670.30272328852
5.87286471784758,2,Tier 1,India,300+,2,78.87767964955503,82.49411764493948,Cybersecurity,Finance,6.628102258261886,53492.792368401584
7.355916716007908,1,Tier 2,UK,300+,3,85.66319113095942,61.92261254229527,Data Science,Healthcare,8.656542069839434,112210.7368909146
7.680575515568518,3,Tier 2,Germany,300+,3,77.75370292838784,79.88114482670585,AI/ML,Consulting,4.114994418071749,98265.16654974475
7.713490417728599,1,Tier 2,Germany,Top 100,2,83.13717297066641,56.91045808722934,Cybersecurity,Manufacturing,6.837222113453876,99158.88461327636
6.109364132708295,0,Tier 2,USA,100-300,2,85.94309593688843,83.01510340306938,Data Science,Tech,5.305647547509096,120000
6.474371810386141,0,Tier 1,USA,100-300,1,86.48921146657547,84.70381273890848,Cloud,Other,4.441353729021818,120000
7.795646588593297,2,Tier 2,Germany,100-300,2,69.51564302579163,55.30742692775197,Data Science,Other,6.554985791229013,97415.70610068948
6.390591703453883,3,Tier 1,India,Top 100,1,90.7229089876149,40.12040656585218,Cybersecurity,Finance,4.910202124768347,55352.1821074938
6.760243154668548,2,Tier 2,USA,100-300,3,65.6036246250984,69.03551881716363,Cloud,Consulting,4.799438673163734,104837.08157728436
8.260700647601576,0,Tier 3,UK,300+,0,90.4961671654862,71.05451573093485,Cloud,Consulting,5.300332676220189,72963.20641096681
6.961760599692168,0,Tier 3,UK,100-300,1,94.21495964434692,80.8198874548705,Cloud,Healthcare,3.933538932876635,75797.00246939274
6.418580689732925,1,Tier 3,Germany,100-300,2,83.24921129488406,83.49009091561726,AI/ML,Consulting,6.728551128500691,76535.22512373253
6.297906114509676,2,Tier 3,USA,100-300,2,85.8594908322051,73.76017079457802,Data Science,Finance,5.030160810343496,94882.89131638044
6.802131228882866,1,Tier 1,USA,100-300,2,78.88458060551889,68.39605786942815,Cloud,Finance,3.600707607188374,120000
7.266584427992018,1,Tier 3,Germany,300+,3,94.43519395046062,68.0446923867948,Cybersecurity,Healthcare,8.83314353278182,70680.26190701217
8.039319856438134,1,Tier 3,USA,300+,3,55.1106304523302,53.74439348513431,Cloud,Consulting,5.460020673114015,92766.62311501557
7.534038464295996,1,Tier 2,USA,300+,1,89.44113573292587,45.5700301638265,Cybersecurity,Manufacturing,5.823726426662479,105394.02232972247
6.428747905614257,3,Tier 2,UK,100-300,0,34.23460796146078,58.592314143673896,Core CS,Tech,6.014909776325957,93867.25035052204
6.862366912587622,0,Tier 3,Germany,100-300,2,85.44033190216689,75.47098059862907,AI/ML,Consulting,5.144805154985501,83049.30635973095
8.150535360916562,0,Tier 1,Canada,100-300,1,47.03950545895593,88.90212424470448,Cloud,Finance,4.135525094070944,112977.62092217823
7.010017491463829,1,Tier 1,UK,300+,3,57.48347396250384,70.88286909475721,AI/ML,Tech,6.735591862344512,120000
8.309769315762283,0,Tier 3,India,100-300,0,83.8370195316877,86.81484932333312,Core CS,Manufacturing,3.7516909391509623,48050.60631604902
7.298118549184044,0,Tier 3,Germany,100-300,3,59.62936878282484,76.50351479137144,Cloud,Consulting,4.825132659816104,75109.9122853517
7.1331945016921,2,Tier 1,UK,Top 100,2,69.78102543689052,53.917933527620946,AI/ML,Manufacturing,8.46638420697925,120000
8.23418909382382,0,Tier 3,Germany,100-300,0,68.2582336122437,56.03981797458793,AI/ML,Consulting,5.656429172713891,81369.98416255202
6.676674272416558,1,Tier 1,Canada,100-300,3,68.68966805804583,67.91375298092036,Data Science,Consulting,4.694512592854442,115676.99195386458
7.094165934768767,1,Tier 2,UK,300+,1,77.47150838668064,82.25852306252956,Cybersecurity,Other,6.051138774633766,90705.8582264545
9.168265315467917,0,Tier 2,Germany,100-300,1,67.92685572300219,37.614930468602864,Cloud,Tech,7.760027374102665,105923.14672273112
7.415896814481529,1,Tier 3,UK,100-300,4,83.55500200121483,55.07592371428176,Cybersecurity,Consulting,3.39977968624205,72351.00599498254
7.168006646418071,0,Tier 3,UK,300+,2,60.60296267789902,90.88827852080772,Cybersecurity,Tech,7.063425353245146,86490.71580561348
7.492131187422864,0,Tier 2,India,300+,1,70.87983867138564,54.791735093375536,Cybersecurity,Healthcare,5.496108238763874,49229.92901885795
7.567528784469284,1,Tier 2,India,300+,5,32.437020280657165,38.25899548798502,Core CS,Tech,3.989046416944992,50328.59020423858
6.495007091007439,1,Tier 2,USA,100-300,4,89.56397144866429,47.034210312973414,Core CS,Tech,3.625798307771107,112809.49127629543
7.479560549057363,0,Tier 1,Canada,Top 100,3,64.86240761202245,35.29043898856638,AI/ML,Consulting,6.93724429235699,120000
6.352087920728474,0,Tier 3,Canada,Top 100,2,76.27190138900154,60.77487899172593,Cloud,Finance,3.6037623944259622,74837.00206481415
8.13522848909381,0,Tier 1,UK,300+,0,37.256315327554816,82.63944601551884,Core CS,Tech,4.508355238615584,120000
7.234681629058387,0,Tier 3,Germany,Top 100,1,57.777136337443864,68.2134747189166,AI/ML,Tech,3.8871289159090545,93401.95949484762
7.583855489814105,1,Tier 3,USA,300+,3,78.09271199873044,80.76636628907767,Cybersecurity,Healthcare,7.48134834584676,84475.00644691134
8.113536710143935,0,Tier 3,Canada,300+,2,62.260401768419456,62.2739933102674,AI/ML,Manufacturing,3.6415498830258417,96977.4475704482
7.017511056931868,0,Tier 2,UK,300+,5,62.51027930406993,41.72775629490256,Data Science,Consulting,4.903084340285455,100294.0957570597
7.253561605587293,0,Tier 3,India,300+,2,76.21270884014353,75.2773597242891,Cybersecurity,Other,5.461957090816807,34300.656231896704
7.648021790804893,0,Tier 2,Germany,300+,1,84.22188535281344,79.71507838524465,Core CS,Finance,4.5335097885410525,84168.04697407516
7.043241330276801,1,Tier 1,India,Top 100,1,99.19410644092312,47.69615116579373,AI/ML,Finance,8.152864956880778,67588.00047583513
7.100438869320919,1,Tier 1,Germany,100-300,2,67.7346663510614,53.48836948149896,Core CS,Healthcare,4.542223553722916,108195.3481662236
6.235153158653285,0,Tier 1,UK,300+,0,69.45826953649501,71.36494387978082,AI/ML,Consulting,2.8020544609394467,111565.62361378364
8.854109430939102,0,Tier 1,India,Top 100,1,68.44798045606677,39.283016882171054,Cybersecurity,Manufacturing,4.389488962303476,63642.71779153014
5.874165245206078,3,Tier 3,UK,100-300,2,50.97018038000911,51.84010049184939,AI/ML,Tech,4.842641929534192,94359.82992958486
8.051381260562863,0,Tier 3,Canada,300+,2,47.95360066040326,69.35337217821693,Core CS,Healthcare,3.2115536448176103,67863.23378245662
8.174280355997848,0,Tier 2,India,100-300,2,56.68378107893828,89.1649794676687,Core CS,Finance,5.935717119695502,52749.73132801978
6.975789553922412,2,Tier 2,India,100-300,0,62.21204294030486,76.75227099655672,Cybersecurity,Consulting,4.54149784404553,47956.84254853462
9.079058320059666,0,Tier 3,Canada,100-300,0,71.44116861737106,35.97941186514236,Cloud,Manufacturing,10,87770.1238871729
7.555058763087282,0,Tier 3,Germany,100-300,3,69.26674547697965,57.90537159597519,Cybersecurity,Other,4.98615359846983,72226.71240410733
7.933222668976803,2,Tier 3,USA,300+,3,94.25661298653353,82.31445497745538,Data Science,Consulting,7.626347611301155,105852.42000718284
7.355316136869806,0,Tier 3,India,300+,2,84.21378870618562,58.8246588873081,Cloud,Healthcare,6.613926644612207,29465.487780134055
6.184904034346612,1,Tier 3,USA,300+,5,81.29593112985648,60.40419987595506,Cloud,Finance,3.728676129066814,89313.8125374404
6.817783216701092,0,Tier 1,UK,Top 100,4,59.923684113753055,54.45888120363931,Cybersecurity,Healthcare,7.1721075180349745,120000
6.247987254300996,0,Tier 3,Canada,100-300,1,74.05906819219128,87.25979021877683,Cybersecurity,Healthcare,3.643674961725332,74433.32197417453
7.812176713451445,2,Tier 2,UK,300+,2,93.98570339881792,66.50560839260297,Cloud,Other,5.366362009236429,92641.06664604908
7.086387136580183,1,Tier 2,Canada,300+,1,87.5728077685778,55.788880910452384,Data Science,Tech,3.9324065670769786,108698.97004493582
9.085487330519816,0,Tier 2,USA,300+,3,75.98304303738618,76.97483955660412,AI/ML,Finance,2.995577369073907,120000
7.047753504463789,1,Tier 3,Canada,300+,2,66.04761009057218,69.84421873435896,Cybersecurity,Consulting,4.129741950656563,80532.4562881283
6.489753045712051,0,Tier 2,Germany,300+,0,71.19888863730263,78.23920175223606,Cybersecurity,Finance,4.409282098567823,91368.55847099796
6.953730710097925,3,Tier 2,USA,100-300,1,81.74780031135082,75.63669025779173,Data Science,Consulting,4.778283209694768,119887.613318349
6.639838486667325,0,Tier 3,Canada,300+,3,76.53866401254349,48.08182922005034,AI/ML,Consulting,6.228151022606519,74880.37985814763
7.95486922838101,2,Tier 3,UK,300+,2,68.65201660173605,60.64041153396965,Core CS,Manufacturing,6.594363118258418,83399.677716877
5.92760908690685,2,Tier 2,USA,Top 100,2,57.21608580497529,83.28121940037853,Cloud,Tech,4.186260782724792,114386.50557546336
6.744138977688995,3,Tier 1,India,300+,2,64.32436656703865,89.98707222692136,AI/ML,Consulting,3.928238473193718,62321.45125705274
7.115448015548063,1,Tier 1,Germany,100-300,1,77.11560376860933,73.82895033812363,Cloud,Other,4.35839325464578,102610.58807914596
5.5330353858964525,2,Tier 2,UK,300+,3,70.08551903064406,74.84865727405192,Cloud,Tech,5.242848032993764,97561.43570104292
6.3331213736268746,0,Tier 2,USA,100-300,0,83.22187673396363,55.49949306132915,Core CS,Other,5.432623414131008,98356.2023996424
6.363223700919601,2,Tier 2,India,Top 100,5,52.29028848106296,81.29603517320615,Core CS,Other,3.5636682473619623,48370.58360121056
6.8715523123985625,1,Tier 3,USA,100-300,3,72.13326952353903,94.0952168883994,Cybersecurity,Manufacturing,1.4463468689358543,94948.888437366
6.555771117919171,0,Tier 3,USA,100-300,1,64.98322516070998,68.853358870976,Core CS,Manufacturing,6.72683280398787,97341.64326671389
7.342370101242108,2,Tier 3,India,100-300,2,66.59899679394263,52.83512658539748,Core CS,Healthcare,5.556083979105277,41389.58000825539
8.378459774117,1,Tier 3,USA,100-300,4,69.74346231502382,61.54472912701945,AI/ML,Other,7.290460945170695,105989.31665708411
8.311405213393401,0,Tier 2,Canada,100-300,3,58.09452392823751,47.00509122296498,Data Science,Consulting,6.888830147395425,109240.5402974746
7.461657747068112,1,Tier 1,India,300+,0,74.32277091502979,44.28926243154662,Cybersecurity,Finance,4.419942834593752,55572.350787834264
7.124124274292285,0,Tier 2,Canada,300+,2,74.18070523330178,77.00542974367488,Core CS,Other,3.555617265987713,92286.21775673352
7.094070903909762,1,Tier 3,UK,Top 100,1,65.26777398777128,74.21392748725515,Cloud,Manufacturing,5.286082041225378,81847.91837551884
7.121125916857615,2,Tier 1,Canada,Top 100,1,64.89010793947776,49.435215512019255,Cloud,Tech,5.7698431442483535,120000
6.282905961739855,0,Tier 2,Germany,100-300,0,73.7822638770002,61.675169089646985,AI/ML,Healthcare,6.502289733408622,93987.79027426292
7.187407411565412,1,Tier 1,Canada,300+,0,70.37770705407945,65.0307538259027,Cloud,Tech,3.6318614161084266,114783.35477108024
7.479197073347411,1,Tier 2,India,100-300,2,60.62494740011587,54.92476863906917,Cloud,Consulting,7.414915723168894,47037.99774827025
7.7700020735626385,3,Tier 1,India,100-300,0,89.82499904672835,42.88550845730897,Cloud,Finance,4.590228747145474,59397.62778354338
7.932475916115303,2,Tier 2,Germany,100-300,3,79.67868219529133,50.79656889477417,Cloud,Consulting,2.006877055887823,81571.19995142527
6.952933716694782,0,Tier 3,Canada,100-300,1,79.49891988142963,62.72475411353286,Data Science,Healthcare,3.5886453146379944,83628.36213645844
7.152899387069114,2,Tier 3,Germany,300+,2,68.62213751937765,74.3975022547292,AI/ML,Tech,6.0193046889744,90058.2747882119
6.080234021682076,2,Tier 2,Canada,300+,4,69.6725690167308,82.97936300012763,AI/ML,Healthcare,4.694195932621104,96886.65524239358
6.845112391171593,0,Tier 2,Canada,100-300,3,68.36260718537049,83.22258539288924,Core CS,Consulting,3.6542987353657415,88903.46408675853
6.783785916508889,1,Tier 2,Canada,100-300,2,54.52680300977839,71.69821593762094,Data Science,Consulting,1.9353867507194191,100608.59731418925
7.174174560869734,3,Tier 2,Canada,Top 100,2,62.06699669622242,78.22943323142073,Core CS,Tech,6.367051282231833,99470.25270341532
6.34027972776745,1,Tier 3,India,300+,3,100,65.0174284514611,Cybersecurity,Tech,4.121078133793815,37471.74083771911
7.56279371858002,0,Tier 1,Germany,300+,1,84.6644607429749,53.38065120707196,Cybersecurity,Finance,6.269381426755341,111244.86336566076
6.937742851090822,0,Tier 2,Canada,100-300,0,61.50585926113697,73.254218371726,Cybersecurity,Tech,3.8256075824409943,100154.97065335664
6.7792388386430895,1,Tier 2,Germany,100-300,1,41.386486270956496,73.91238242332696,Cybersecurity,Tech,3.797083356886531,91941.58121657035
6.710620931125291,1,Tier 2,UK,100-300,2,77.7731903282184,73.6509509451482,Data Science,Healthcare,3.0918418971764963,109459.63877302832
6.949684906480114,1,Tier 3,USA,300+,2,80.91142827954306,73.70596474740435,Cloud,Manufacturing,5.268736046489182,93042.33819554871
6.641697884054433,0,Tier 2,India,100-300,1,89.97294197764276,87.34569880549628,Core CS,Finance,5.919769443611081,50850.45153179892
6.683773161587055,3,Tier 2,Germany,300+,3,66.17211992878028,49.57852156130965,AI/ML,Other,7.11669635448265,96041.2453428266
8.274371276821904,1,Tier 3,Canada,100-300,1,83.70983226998983,65.59645195935204,AI/ML,Consulting,6.163404114500322,86044.50902851114
8.172168402785104,1,Tier 1,Germany,Top 100,1,81.36394561273038,51.95997643618862,Cybersecurity,Consulting,3.8343579644236754,114986.8275598563
6.286765208116396,0,Tier 3,USA,300+,2,82.85957613654581,74.6959100276214,Cybersecurity,Finance,6.708504694998189,86246.06510129651
7.055763415543424,1,Tier 1,India,Top 100,1,51.42747232420528,82.86004834547319,Data Science,Finance,5.245876105637432,68272.91934401059
6.479474702931044,1,Tier 2,India,300+,2,89.29446894207094,75.45169558338822,Cloud,Manufacturing,6.168846293350691,48254.55233392243
6.738681949449111,0,Tier 2,USA,100-300,2,73.41758689696908,45.92549713104668,AI/ML,Healthcare,4.308683489969834,120000
6.75394286630736,2,Tier 1,India,100-300,0,62.7585156889494,100,Cloud,Healthcare,5.131549478783624,49196.92672896057
7.288180829661943,0,Tier 1,Canada,100-300,2,88.96889337559142,58.175687715387085,Data Science,Other,3.440700459509545,120000
6.315923620472637,0,Tier 3,UK,Top 100,3,48.99476115440862,70.00505617232032,Cloud,Manufacturing,6.987141313491219,76545.41010014042
6.485778893680042,0,Tier 2,USA,Top 100,1,56.37145525904672,88.7135482016114,Cloud,Healthcare,4.812005292615914,105160.9475220924
6.6328985239800025,0,Tier 1,Canada,300+,3,99.31498384791873,68.40207278026047,Cybersecurity,Tech,5.540908586547909,109624.05332086014
6.185932178229299,0,Tier 1,Canada,Top 100,2,61.19082116286418,61.73576828445126,Cybersecurity,Finance,4.656456695558088,110626.46900206585
7.648208035500267,0,Tier 2,Germany,Top 100,0,72.10352846807079,66.52196544268077,AI/ML,Manufacturing,4.262277147707867,100895.77674119332
6.075638564945872,1,Tier 2,Germany,300+,1,63.968355022619875,64.70991596336951,AI/ML,Other,6.498905729482604,88377.05074354484
7.580064835558006,0,Tier 1,UK,Top 100,0,58.5538810869651,79.56205644957947,Data Science,Healthcare,5.34163390717336,120000
8.221450130861813,0,Tier 2,Canada,100-300,0,79.5191834407459,72.61526925420728,Cloud,Finance,6.864815717072087,89768.40513167821
8.522046564183647,0,Tier 2,Germany,Top 100,5,69.1803508299476,79.61715670031796,Data Science,Tech,6.2716619050187985,120000
9.29216961846877,0,Tier 2,USA,100-300,3,60.392701171997075,65.85688666824767,AI/ML,Other,7.066667017253697,120000
6.278405880445442,1,Tier 1,UK,Top 100,2,58.79185293448206,82.27143065199778,Cloud,Finance,6.165832060776709,114846.63016218891
9.259376341116162,0,Tier 2,USA,100-300,3,55.50070653397938,72.4143431904448,Cloud,Healthcare,6.065656203174437,120000
6.526027635695589,0,Tier 3,Canada,Top 100,3,66.50986318290776,48.47900376260395,Core CS,Manufacturing,5.501421329390173,74597.92141559116
7.261657899902276,1,Tier 3,Germany,100-300,3,62.579760130675496,72.82668869802208,Core CS,Consulting,8.103556537016262,65861.57194231651
7.319235312517221,3,Tier 1,UK,100-300,3,53.47915123464995,65.16052844815499,Core CS,Tech,5.6879698699874535,120000
8.028465787489344,0,Tier 1,UK,300+,2,100,56.49281880085558,Core CS,Finance,6.627729232662835,114171.1475005472
7.1132766293919065,1,Tier 1,India,Top 100,1,65.79417233060467,63.689321007548074,Core CS,Consulting,4.381045003756499,47806.61951458534
7.467619241469948,1,Tier 1,Canada,100-300,2,81.85052068232532,61.58745373552884,Core CS,Other,5.20526394585181,107295.23944051372
7.133310316249471,0,Tier 1,India,300+,1,62.934383189698515,78.71479578430161,AI/ML,Tech,5.8082843872461165,66826.62661826257
7.847960135809901,1,Tier 1,Canada,100-300,1,59.90650399674465,60.18999769086464,Cloud,Tech,5.2369154498552035,120000
5.451656032228955,2,Tier 3,Canada,300+,1,56.23658813447683,72.44209786771805,Core CS,Tech,2.818199288037085,67087.8908056498
8.064345875503053,4,Tier 2,Germany,100-300,0,68.69936760346778,42.57479000790117,Cloud,Tech,5.594936581052375,98002.37287760589
6.611457004339963,0,Tier 3,Germany,100-300,4,69.0414213180829,95.05547652002176,Core CS,Manufacturing,8.44042175683273,66002.79533203333
6.099851118615071,0,Tier 1,Canada,300+,2,71.45508712082216,60.8083890330251,Cybersecurity,Manufacturing,5.199281732371359,93362.10788000838
6.060901338955177,0,Tier 2,India,100-300,4,59.12188239221841,65.45227953535073,Cloud,Manufacturing,5.721654422138737,39351.32523733144
7.890107444162641,1,Tier 3,Germany,300+,0,87.3991409816205,57.29309274531141,Cloud,Tech,5.959314778564026,74492.5294439405
7.068475763155621,1,Tier 1,Germany,300+,0,76.50920934665083,69.00132485571777,Cybersecurity,Manufacturing,3.395032185772806,98852.73118105171
6.777301625913685,1,Tier 1,Canada,Top 100,1,66.01458083591181,30,Core CS,Healthcare,4.197666320544609,103205.6435368862
7.618278270834979,0,Tier 3,UK,100-300,2,43.365616725151725,80.50025720778461,Data Science,Finance,4.740418569078423,106071.54058285264
7.626527910221609,3,Tier 2,Canada,Top 100,2,81.45763086806642,45.497218134374144,Cybersecurity,Consulting,3.4429400095512435,94685.76639078968
7.2680434815297374,3,Tier 2,Germany,300+,1,47.40869928507617,83.76419210062642,Core CS,Finance,6.554706875716513,99815.06632427665
7.4518312847261186,3,Tier 2,UK,100-300,5,72.46439266116491,30,Cloud,Finance,7.164434046495367,96693.92735864944
6.83032826406366,1,Tier 1,UK,300+,2,54.89334299081902,60.06184942875489,Cybersecurity,Tech,3.8572309670716263,106662.31717574743
7.0017852977299215,1,Tier 2,Canada,300+,1,73.15990118602002,79.02927416262584,AI/ML,Finance,2.74500011469131,106423.47009055722
6.780285000506962,1,Tier 2,Germany,100-300,3,44.03359477449448,81.91224931871163,Data Science,Finance,5.844523015228713,97876.1466533796
6.634225168544643,0,Tier 2,India,100-300,0,49.86780766661829,63.78686815620539,Cloud,Manufacturing,3.8150166247826802,40954.017402158155
6.448710561822568,0,Tier 1,Germany,300+,3,56.65362569997306,81.41824260020844,Core CS,Healthcare,2.44587807169939,85753.39045659234
7.374152083087108,0,Tier 1,India,300+,1,73.25149668154789,50.807530675379525,AI/ML,Manufacturing,3.283190196147597,60771.118510395514
8.04848473025077,0,Tier 1,USA,100-300,2,81.83730309338604,40.37146206987904,Core CS,Healthcare,3.2186660158300326,120000
7.936881577335647,3,Tier 3,India,300+,1,64.83215923909141,92.97398112419262,Core CS,Finance,6.383402254063509,41560.396847267315
8.031362441125498,2,Tier 1,Germany,100-300,3,61.74771105150316,48.1047121600953,Core CS,Manufacturing,5.059789585436889,105637.89474993372
7.480586412116473,1,Tier 1,Germany,100-300,0,82.94123554324436,53.70199668716931,Cloud,Finance,3.449584320774339,106667.04537638818
7.113583931099204,0,Tier 2,USA,100-300,2,68.09805353242457,58.79906653717632,Cybersecurity,Finance,4.660504214689565,120000
7.250978546317525,0,Tier 2,Canada,300+,2,85.73160033955863,62.690346804304575,Cybersecurity,Healthcare,6.889493855385312,86241.72035688361
7.486613733075352,4,Tier 2,Germany,100-300,3,79.860256102534,84.90769762917057,Cybersecurity,Manufacturing,8.024940900488064,82508.29475185974
6.860281643454698,2,Tier 2,India,300+,3,34.154322285409904,59.91843218020354,Cloud,Tech,3.366510597661459,47747.551231925536
8.93502222345077,0,Tier 2,UK,Top 100,0,59.342749924729425,95.86566361084854,AI/ML,Healthcare,4.406395907385287,120000
8.196366596194366,0,Tier 1,UK,100-300,1,78.15308796280829,40.63939856407511,Data Science,Finance,7.70335467830884,120000
6.7722995965970565,0,Tier 1,India,300+,2,45.628450261534674,49.906431493763904,Data Science,Consulting,4.066154179081617,49136.78511219807
5.422328778684945,2,Tier 2,India,300+,2,87.18605920807155,40.60899289903962,Data Science,Other,5.708900870080067,45315.48335131619
7.230422694644392,1,Tier 2,USA,100-300,1,89.47095760243161,69.37481584747854,Cloud,Consulting,4.849768112375025,112589.70971477142
7.3292525753314255,1,Tier 2,Germany,Top 100,2,61.36340047225623,71.05494739095901,Cloud,Finance,5.872555360075182,91592.94876798795
6.24687746479838,0,Tier 3,Germany,Top 100,0,74.67319846983104,73.20030847686576,Data Science,Healthcare,4.04776160121768,76564.99539806986
7.896773618891502,0,Tier 2,USA,100-300,0,63.07001128324376,46.47285988176034,Core CS,Healthcare,5.591158494236666,117886.51278279176
7.644459762244939,1,Tier 1,India,300+,2,72.07652545938477,60.151101091882985,Cloud,Manufacturing,4.611617039349724,58809.77189728558
7.780658669830851,2,Tier 3,UK,300+,0,73.46766735939715,89.37014640737036,Data Science,Other,3.3772186711598455,86719.62868417942
7.007086162935116,1,Tier 3,USA,300+,4,50.4813543972047,50.314539351249465,Data Science,Healthcare,3.452920711565787,96204.39221089565
5.867580746469034,3,Tier 2,USA,300+,3,95.15884086011432,54.654571450470854,Cloud,Finance,3.855060043035953,94977.0137535713
7.78229781776891,1,Tier 1,UK,100-300,1,84.22792506829228,61.684231751227784,Cloud,Manufacturing,5.534924468486881,115290.38745579288
6.783702880691367,4,Tier 1,Canada,100-300,2,67.92788197881114,69.92406029222012,Core CS,Consulting,5.7755543034528,101609.06365314763
8.081631492779461,0,Tier 1,USA,300+,3,73.53547937501838,68.48972582244319,Data Science,Consulting,7.703147741067664,120000
8.679526016402008,0,Tier 2,Germany,Top 100,2,88.25124894966372,68.78167862598478,Data Science,Tech,4.508336406279917,120000
6.967001496816637,1,Tier 2,UK,300+,1,42.438488813762405,77.70008281214427,AI/ML,Finance,7.066635718706824,113899.38460574986
8.727296923682633,0,Tier 1,USA,300+,1,59.10533507671653,76.93262124909741,AI/ML,Other,3.7573051037984384,120000
7.073051782889079,2,Tier 3,USA,300+,1,70.76633364485605,39.85773955742453,AI/ML,Finance,5.102267039891835,105827.06426720232
6.695635276666919,2,Tier 3,Canada,300+,2,92.4157893975842,69.80575859988159,Cloud,Finance,3.1250863451587594,72807.95559532719
6.495633236651618,1,Tier 2,UK,100-300,1,70.51154118964523,57.82071573843632,Cybersecurity,Healthcare,3.7733354127864818,87061.9416776929
8.309665926394194,0,Tier 2,USA,300+,0,66.4521261617921,43.652221405555395,Data Science,Finance,3.256990425006803,120000
6.375884894889783,1,Tier 3,Canada,300+,3,74.65236700471814,83.41860521428762,AI/ML,Manufacturing,4.8362274581598985,67911.52426168445
7.824199755175654,0,Tier 1,India,100-300,2,82.59599828071993,61.41638348349922,Data Science,Healthcare,4.418945549573298,71902.89609647631
6.695970522968517,1,Tier 3,USA,300+,0,83.19691757479313,57.86853165886988,Data Science,Consulting,5.911179562625812,88316.72901474494
6.676163696463766,0,Tier 2,Canada,100-300,1,94.1959383860233,100,Cloud,Finance,6.667515762041232,91744.18189844818
7.906243757739846,1,Tier 2,UK,300+,3,73.97691772989829,59.481403102419065,Cloud,Consulting,3.417560034838731,97733.82498804232
8.277917834577298,0,Tier 3,Germany,100-300,0,64.86766143284524,47.069656678579534,Cloud,Manufacturing,5.375854645995869,80806.66193418366
7.515751842627386,2,Tier 2,USA,300+,2,61.77621721870998,73.59685525159033,Core CS,Manufacturing,5.595908584527731,116173.29465692754
7.06393221099203,1,Tier 1,Canada,Top 100,1,73.46998685570478,82.63975796561459,Data Science,Consulting,4.681865241409166,120000
7.578430351663891,2,Tier 2,India,300+,1,50.82387692528566,100,AI/ML,Tech,5.437763588613356,60401.25990948499
7.0684106637116795,1,Tier 3,USA,100-300,1,76.61147777668727,57.07894138547541,Core CS,Healthcare,5.641263102794491,96398.82896281226
6.256858814031416,0,Tier 3,India,300+,4,65.60370454990449,71.65792698932886,AI/ML,Manufacturing,5.017076303605226,38339.86228994824
6.941713848927156,1,Tier 3,Germany,100-300,1,95.84179296662072,54.72274319448727,Data Science,Healthcare,7.86110530166205,76339.1691637935
8.511423036403198,0,Tier 2,USA,300+,3,81.21378013222908,51.66383766064785,Data Science,Other,7.418472878866227,120000
7.176504643445731,1,Tier 1,USA,100-300,1,76.71407036664195,75.82921081060582,AI/ML,Consulting,4.81401496458267,120000
6.718329802036895,2,Tier 1,USA,Top 100,1,69.40669962559458,65.28055485711668,Cybersecurity,Healthcare,4.766340261986449,120000
7.259806591626833,0,Tier 3,Canada,100-300,1,89.54528034999912,85.92065657102734,AI/ML,Finance,6.449961797904373,91118.73833998428
7.464454149628492,0,Tier 3,Canada,Top 100,4,53.36953691495087,60.634350473042545,AI/ML,Other,6.4809523958452475,88671.46366754538
7.96738451777915,3,Tier 3,India,100-300,0,49.454553804761176,73.62960002836954,Core CS,Healthcare,6.061241344775824,36956.047541752414
6.980570803463979,0,Tier 2,USA,100-300,0,80.49907784429735,81.91227059977348,Data Science,Healthcare,6.576546255654328,120000
8.311168422079867,0,Tier 2,UK,100-300,0,84.83164702400742,84.54482237613325,Cybersecurity,Tech,2.6181206663698613,111475.47526919472
7.726418130028953,4,Tier 1,India,300+,2,76.36236603621819,54.918347690491494,Cybersecurity,Manufacturing,5.752088750063126,52654.13627776882
8.76788453259877,3,Tier 2,Canada,100-300,1,57.670146698971706,67.54487047635435,Core CS,Finance,5.146430045834764,105482.046041941
7.261595610616078,0,Tier 1,Canada,100-300,1,65.2820151001751,100,Cloud,Manufacturing,5.032459380651478,105746.2368877422
6.331900396822212,1,Tier 2,UK,100-300,3,42.402680759385355,65.59734989809517,Data Science,Manufacturing,4.279505020422372,105922.23030867217
8.322330440984338,0,Tier 2,USA,Top 100,2,62.26178273211381,41.68875527861702,AI/ML,Healthcare,4.187017406404093,120000
8.662222068158755,0,Tier 2,Germany,100-300,1,60.667705421720854,91.41976930660029,AI/ML,Manufacturing,6.7601975386348805,97542.57421509273
6.973579789024352,2,Tier 2,India,100-300,0,74.73235933520449,54.9347792814448,Core CS,Finance,5.843799801502737,51481.87426187704
6.597079791699523,0,Tier 3,USA,100-300,2,78.87504899287548,65.98806018000904,Cloud,Tech,6.721828178900278,97896.26816938916
6.862100034037071,2,Tier 2,Germany,100-300,4,65.40948237719921,44.47705361008926,Data Science,Consulting,4.485095780437344,90930.55603063497
7.57178538201416,0,Tier 2,Canada,100-300,1,86.99661225367765,68.4412432341713,Cloud,Other,4.992824225395562,89510.3631576721
7.081378566777416,0,Tier 2,Germany,Top 100,3,66.99032209364131,80.93160549198302,Core CS,Other,2.6954095968269356,86194.33917882148
8.198409416243543,1,Tier 2,UK,Top 100,1,83.47215990087535,84.3498268039192,Cloud,Manufacturing,6.659106516353892,99331.0764594098
6.749730821558782,3,Tier 2,USA,300+,2,44.994063633513626,75.23666177118399,AI/ML,Finance,6.375354744393019,117662.14596478632
7.824735470693525,0,Tier 3,Canada,100-300,1,95.35587535555892,57.32506113872081,Cybersecurity,Healthcare,6.971532370891314,79646.1058898133
6.769549761318977,1,Tier 2,India,Top 100,0,65.74474800990937,63.13927687227014,Data Science,Tech,6.5453875677688,62471.866147650275
6.698090786030232,0,Tier 2,UK,100-300,2,77.34450166057462,77.64056899329584,Cybersecurity,Consulting,5.953770819068692,95241.53710243826
8.075883224944555,1,Tier 3,Canada,100-300,1,72.75612672350158,64.82737946829201,Cybersecurity,Tech,5.145639452937969,84064.3176031228
8.696794852676089,0,Tier 1,USA,100-300,2,82.51065791739155,57.65023233948335,Cloud,Tech,6.057292477615105,120000
7.782278051723465,3,Tier 2,Canada,300+,3,76.54253316160688,45.10880708813674,Core CS,Finance,4.514767510483154,87079.10531079156
6.890408337844846,0,Tier 2,India,100-300,2,65.50531890706516,76.44846338489376,Cloud,Consulting,5.213344309514603,47994.036793463514
6.086446544670951,0,Tier 1,USA,300+,1,83.25549156551503,60.6913989106216,Data Science,Finance,3.333219310508568,120000
7.047924205437151,2,Tier 3,Germany,300+,0,63.9065507681335,81.1180629416328,AI/ML,Finance,6.464134305249493,76905.60100682738
7.066329482537632,0,Tier 2,Germany,100-300,1,77.41650087501792,75.54033084714833,Cloud,Finance,5.712966452900177,87187.17364211674
8.201562372150876,0,Tier 3,UK,Top 100,3,62.03077238661107,76.08730087086538,Core CS,Other,4.15799670486563,77417.57773283236
6.73870897547103,2,Tier 3,Germany,300+,0,69.79646848582578,82.70645036386048,AI/ML,Finance,5.6740448326595665,83873.78171195861
8.588304316208234,0,Tier 3,USA,300+,4,80.20495495825003,43.007989393731464,Data Science,Tech,6.537618352880584,114119.4399561826
5.87715309634907,3,Tier 2,India,Top 100,4,77.39014262053753,97.2042896155698,AI/ML,Tech,4.8923983059530265,56747.78954883269
6.932973520088749,1,Tier 3,Canada,300+,2,64.45682363970974,63.87352080447348,AI/ML,Healthcare,5.7385285999561315,78366.641411083
8.803230487136895,1,Tier 3,USA,100-300,0,58.00636692823329,54.34447592169845,Cybersecurity,Other,5.025188181223634,92909.89848888628
6.853403805432574,0,Tier 2,Canada,100-300,3,75.79317273144696,70.11198381922145,Core CS,Finance,4.028769107359943,90667.6019489458
7.756743668216303,0,Tier 1,India,100-300,5,50.28211029464292,59.899510020866344,Cybersecurity,Manufacturing,4.819683295473521,58648.33539458018
7.762541003463483,1,Tier 1,Germany,300+,2,53.32885561134058,87.6175105186939,Data Science,Finance,2.890793111440484,120000
7.631260161119928,1,Tier 1,India,300+,4,61.61799043667847,50.61154242643044,Cloud,Other,5.086641371861832,48458.83967384895
7.0670980014087466,2,Tier 2,UK,100-300,5,68.67819825238033,69.10123324804826,AI/ML,Tech,8.126665748854274,119356.9109992826
6.135674136577198,0,Tier 2,India,Top 100,2,81.7579715418793,63.43827002997734,Cloud,Consulting,3.045278017287438,47283.554184149136
6.058066795800569,0,Tier 2,USA,100-300,1,68.47515343331382,37.55398152072286,Core CS,Healthcare,6.947052340778242,107237.66661638222
6.661047426471459,2,Tier 2,Canada,Top 100,2,84.61748442315452,66.0743697979174,Data Science,Other,5.041399909337611,98180.396860531735
6.608675059852627,1,Tier 2,Germany,300+,0,68.04793277490823,92.93955284927796,AI/ML,Finance,6.559575915625453,102312.91810513004
7.373155677472209,1,Tier 3,India,Top 100,1,100,64.29142066161886,Data Science,Other,5.172708190707893,42184.087512261285
7.0632382417202235,2,Tier 2,UK,300+,1,90.12710210385508,90.38259978289528,Cybersecurity,Tech,5.674270465677093,91935.4801566503
7.146410342649186,0,Tier 3,Germany,100-300,0,83.46456665026187,53.38926066570749,Cybersecurity,Manufacturing,4.301497910396153,72901.23638468055
6.206778367116295,1,Tier 3,Germany,300+,2,85.27473545554446,86.54332331566336,Data Science,Tech,5.11218845467125,84267.9719991847
7.0842228991277425,0,Tier 1,Germany,100-300,0,85.66090058244724,61.51136748934598,Data Science,Manufacturing,3.046384830138463,120000
7.120481994275707,3,Tier 3,Canada,Top 100,1,51.787423009478545,72.54897268963448,Cybersecurity,Other,5.127827377851221,71781.37030349752
7.072247839365148,1,Tier 2,UK,300+,1,78.3417191217055,31.512742583393525,Cloud,Tech,7.01643422200868,95212.93384315528
7.931529392428216,2,Tier 3,Canada,300+,0,53.6951673035344,71.14202279117991,Data Science,Healthcare,5.83809413352296,82599.97956824653
7.740541406171095,0,Tier 1,India,300+,1,75.95187524564689,98.18652292976974,Cloud,Manufacturing,3.5865966449225217,54624.36372214631
7.027466710855069,1,Tier 2,USA,100-300,2,56.31418687871006,66.85619312724512,Cybersecurity,Manufacturing,4.174055032654152,112254.36174172796
6.710000797694345,0,Tier 1,Germany,Top 100,2,35.034817941214754,77.75100124601167,AI/ML,Tech,2.987419595601034,120000
7.758009526860453,2,Tier 1,UK,100-300,0,86.98343245128261,76.53173127248085,Core CS,Healthcare,5.800110080586719,116011.49590411854
6.364085082398647,1,Tier 3,USA,100-300,1,100,59.51068438045298,Data Science,Healthcare,4.572780943788708,99106.67415333708
8.067383355338153,0,Tier 3,India,Top 100,2,87.65507894312039,82.42144585743469,Cloud,Finance,6.390742372592495,41574.638098606425
6.442108617667063,0,Tier 2,India,300+,1,78.7308558818898,79.93994393153801,AI/ML,Finance,3.7335040538899023,56249.84595126856
6.576866896716276,1,Tier 2,India,100-300,3,70.39879646003206,65.54399479369162,Data Science,Manufacturing,5.525888201920306,57831.00450733294
7.622076849433817,0,Tier 1,Germany,300+,1,81.7972212118246,77.94829822793974,Data Science,Healthcare,6.621796742848259,120000
7.1881082394929505,0,Tier 3,Canada,300+,1,72.5484307166263,58.71616500805072,Core CS,Finance,3.919133491209041,73906.12382777403
6.786290011246596,0,Tier 3,India,Top 100,1,100,87.1538589139005,Cloud,Other,4.259132198657133,41253.9918748065
7.676894775436747,0,Tier 1,USA,Top 100,1,64.84390897616173,54.0028523386542,Data Science,Manufacturing,6.064903939871479,120000
6.9172297681224615,0,Tier 2,India,100-300,1,80.34227591593302,58.35420107351608,AI/ML,Healthcare,5.333856702781168,51364.30552932882
6.608343482375463,1,Tier 2,Canada,Top 100,2,51.248999316462566,48.63000469641848,Data Science,Other,4.32235143825627,102200.20838155698
7.0335167369234215,1,Tier 2,USA,300+,0,46.36795487572659,58.006530693097325,Cybersecurity,Other,3.744377021261604,99560.31034696462
9.109335313556471,0,Tier 2,India,300+,0,72.95116575702387,57.67359577862794,Core CS,Healthcare,7.475871630652469,44558.8045157044
7.922802279825235,1,Tier 2,Canada,300+,0,76.82489367896392,58.10823152547411,Core CS,Tech,6.03276177287634,94973.12181020342
7.348437055193891,1,Tier 1,Germany,300+,4,56.67700731058504,55.15241079795267,Cybersecurity,Consulting,3.883391588609193,101410.40300503194
6.456815722829495,0,Tier 1,India,300+,2,78.55129954512503,47.7652832287633,Cloud,Other,4.639228833352632,55581.19181999543
6.61554046943802,0,Tier 3,India,100-300,3,52.46180352791496,48.92307606865995,Cloud,Manufacturing,4.5894372515482456,29055.345178754593
6.074067367827653,2,Tier 2,Canada,300+,1,57.72133810434114,75.8132917445567,AI/ML,Tech,4.761273336893684,99155.22545221628
7.655012776679053,1,Tier 1,Germany,300+,0,85.58192291584287,83.02296297848156,Cloud,Other,4.301407296002226,93223.81948994378
7.885419614899464,0,Tier 2,India,100-300,2,71.86681983749617,81.04995768505486,AI/ML,Consulting,3.000082792209217,55145.41950832273
6.2889122415714604,1,Tier 2,India,Top 100,3,100,75.51543813788584,Cloud,Manufacturing,3.1474186498451413,46448.7165879702
6.872201201606731,1,Tier 2,USA,100-300,2,73.06727682998098,51.93568557168847,Cloud,Finance,5.790458484810206,112013.18520106116
7.2711807149346095,0,Tier 1,Germany,100-300,1,73.31876148569337,53.12635999353314,Data Science,Finance,1.884008195614562,120000
6.814181197760422,0,Tier 2,Canada,Top 100,0,64.60100256391729,46.50342123538575,Data Science,Healthcare,5.835342049426659,98574.16400606828
7.008436569392821,0,Tier 3,USA,300+,4,98.38649135672338,51.08909208627483,AI/ML,Other,5.317603525148344,91397.27172970028
6.988821417219142,3,Tier 3,UK,Top 100,1,39.14585849261833,74.76032029385068,AI/ML,Tech,4.272895009990162,95153.27881985829
6.733210975224244,1,Tier 2,Canada,Top 100,4,70.18209879843457,55.30060309610017,Cloud,Other,6.052785323357367,88613.03146127064
7.708205056692768,0,Tier 1,UK,100-300,2,63.36681515513091,60.37150826326184,Core CS,Finance,6.033909194939974,120000
6.8542715329136605,1,Tier 2,UK,100-300,2,54.84460206948074,39.00585151437725,Cloud,Healthcare,5.579152666929575,94484.9293094185
7.2249536143282205,0,Tier 2,USA,300+,2,94.45197515643258,38.67568542989625,AI/ML,Finance,6.51375528202402,120000
8.46604899228481,3,Tier 3,India,300+,0,81.43598083092913,31.45124910627306,Cloud,Tech,10,49295.71857559173
6.273197990790247,1,Tier 3,USA,100-300,3,71.14252408375094,44.45003218723208,Core CS,Consulting,5.940870132862592,83735.064064236
7.483285964351236,1,Tier 3,Germany,100-300,3,78.1328164533927,76.26769951989056,Data Science,Other,4.793185091890331,79673.07267528413
7.277050168179909,2,Tier 1,Germany,100-300,3,83.81557690431701,59.58837465719706,Cloud,Manufacturing,7.38486741898263,102567.12022154582
6.6279392430391955,1,Tier 2,USA,Top 100,1,52.569697603993,66.85671417767168,Cybersecurity,Other,8.47614888907957,103525.15783761731
6.979849053176417,1,Tier 3,India,300+,0,66.2540742767396,79.37358711305404,AI/ML,Healthcare,4.649076941898998,37624.15259384144
7.5021443342995795,0,Tier 1,Canada,100-300,1,91.38850421559884,64.61192521501417,Cloud,Other,6.736832372499477,115749.27221703164
7.211004467858061,2,Tier 2,Canada,300+,2,78.8690051396883,89.0142866574799,AI/ML,Healthcare,3.11396601929667,102573.60562009804
6.5529603423501275,0,Tier 2,India,100-300,2,56.99283319554514,69.52169755367187,AI/ML,Consulting,3.3375908375082317,55222.88939593137
7.741005992867514,1,Tier 3,India,100-300,2,58.82801613748444,49.54708101864189,Data Science,Tech,6.78207745877228,47919.374181536616
6.691197939480449,0,Tier 3,UK,100-300,2,100,54.897342130360734,Cloud,Manufacturing,7.061363925529969,73392.49004913963
7.145678596652689,1,Tier 1,USA,300+,1,95.66961581714642,69.94069995943237,Data Science,Finance,4.809810456155885,120000
7.3487581037723775,4,Tier 2,Germany,300+,0,55.55022407579455,70.25838142813602,Data Science,Manufacturing,6.191656010335555,92060.01986363636
6.390447009491933,1,Tier 2,India,Top 100,2,56.77568659962154,69.08992102415586,AI/ML,Other,7.525530230925904,54459.395745501715
6.886633022638541,1,Tier 1,UK,100-300,0,43.156643573901306,45.974208776531896,Data Science,Healthcare,4.288835548890328,120000
7.632607449786024,0,Tier 2,UK,Top 100,1,97.22698109180033,63.86629959691925,Cloud,Other,4.302222324838781,94691.77507765932
6.982375941986447,0,Tier 1,Canada,100-300,4,87.51906367953751,61.39964475920642,Cloud,Manufacturing,4.775288015857384,100581.10614475638
5.585495173834625,2,Tier 1,USA,Top 100,1,44.244360604934144,64.28490861146797,Cloud,Manufacturing,6.442008708362459,117807.69627301356
9.394248456048514,0,Tier 1,UK,300+,2,40.19080312672645,60.19116264990518,AI/ML,Healthcare,5.327826461886763,120000
8.396687176218508,0,Tier 3,Germany,Top 100,1,92.27596165897464,67.81438773251188,Cybersecurity,Healthcare,3.3607176808381976,77212.45744497026
7.578139859910639,1,Tier 2,USA,100-300,1,83.38858763060247,61.81112034541342,AI/ML,Tech,6.2115948521575595,120000
6.565263656178787,1,Tier 1,UK,300+,2,73.93765880053135,30,Data Science,Healthcare,6.041616886721287,119945.26389141484
8.01108475127711,0,Tier 2,Germany,300+,1,65.38861266736389,40.38700153034933,Core CS,Consulting,7.524346978360833,85302.69645426923
7.8969505140559235,1,Tier 1,Canada,300+,2,71.96347184988655,77.48609947315373,Data Science,Tech,4.63746291788555,120000
8.280078277456383,1,Tier 1,Canada,300+,2,73.09714621285482,65.3196326581774,Core CS,Manufacturing,2.9527209656080013,114935.6418113319
8.222665250788996,1,Tier 2,Canada,300+,1,98.1605695959837,59.63117074323676,Data Science,Finance,4.935110813116247,112072.18070616276
6.99853699292472,1,Tier 1,India,Top 100,0,100,52.1956388573321,Data Science,Finance,7.3604787514991905,71220.35304819253
7.445926845480948,1,Tier 2,India,100-300,2,65.87813437080783,83.9989091642524,Data Science,Manufacturing,5.98895500122784,55423.62347580918
7.545871025647728,0,Tier 2,USA,100-300,2,62.13739086238936,76.6644127589912,Data Science,Other,5.9610612610642715,120000
7.757261602858709,1,Tier 2,UK,300+,4,68.87866943027117,100,Data Science,Manufacturing,6.043020604262728,107676.47713870223
7.483241315937299,2,Tier 2,Canada,Top 100,2,81.92191269108626,82.23155414635087,Cloud,Healthcare,4.172457448793401,91006.78500228682
6.671976470768872,0,Tier 2,Canada,300+,1,69.5519075844794,67.41601440195103,Core CS,Manufacturing,4.186953351081597,84514.97783949244
6.943330521667128,2,Tier 1,Germany,300+,2,72.02899363634087,47.11453741887617,Cloud,Tech,7.802840227547916,111711.66496621536
7.072899893802702,3,Tier 1,UK,300+,0,68.57421694639476,85.33969205724594,Cybersecurity,Manufacturing,5.205329287511781,100390.10976610708
7.086159559285295,1,Tier 1,India,Top 100,3,55.20779163515718,88.58634520695432,Data Science,Healthcare,1.1308370099144445,62468.1705336982
7.798574124777383,2,Tier 1,UK,100-300,0,70.1603260418837,77.89924001057345,Cybersecurity,Other,4.133951422837768,118350.69177422988
7.514935002417992,1,Tier 3,UK,100-300,0,64.83876233188093,95.72443971863612,Data Science,Healthcare,6.057735564753911,88095.96344455541
8.661874751655963,0,Tier 2,India,300+,1,92.33481637189652,65.66760530289676,Data Science,Consulting,5.42487075577527,51763.25898067014
8.765175183907738,0,Tier 3,UK,300+,2,100,68.45191260930677,Cybersecurity,Finance,5.529496629420213,77997.36860778624
7.06371966609114,1,Tier 2,Germany,Top 100,2,63.477653443361845,80.50714116195199,AI/ML,Other,6.0845386241036685,99587.36113850951
7.989465972901813,0,Tier 3,UK,100-300,3,87.85706756480451,100,AI/ML,Finance,5.52394519043859,97064.90322757894
6.358812862535195,0,Tier 2,Germany,100-300,1,77.34299364184983,66.40696840922723,AI/ML,Tech,5.149405469702409,106988.16905067571
7.274526843357933,0,Tier 3,Germany,100-300,2,36.01282810742987,69.99060585759361,Data Science,Other,7.470350775206399,86296.86357577278
7.498355224330647,0,Tier 2,USA,300+,2,75.63373450615123,55.5810408156745,Core CS,Other,5.931735970040314,106146.69058723695
7.51323331594881,0,Tier 1,USA,100-300,1,62.26893648427925,78.49818287402172,Data Science,Tech,6.466828325353053,120000
6.217387480587008,1,Tier 1,Germany,100-300,3,43.262300419147984,69.49588821570364,Core CS,Finance,4.987314027785192,101838.08926463666
7.19189820182778,1,Tier 2,USA,Top 100,1,76.44186787038234,52.39401182362216,Core CS,Other,5.45687675874907,113255.5469553166
8.18838189541804,1,Tier 1,Germany,Top 100,1,50.43799133333478,77.69164455007271,AI/ML,Healthcare,5.759091125913608,120000
5.362050251383399,1,Tier 2,UK,Top 100,4,72.97379398920395,63.7095707031206,Cybersecurity,Tech,5.772004432577382,79673.14324279255
6.823416994433307,1,Tier 1,India,100-300,0,40.03353134816693,46.16521507613766,Data Science,Tech,4.547985791500663,58758.010386353286
5.678205858117208,2,Tier 1,Canada,Top 100,0,65.97902529433543,40.188223572073866,Cloud,Finance,8.601532514508808,103697.50955476328
7.435699659599471,1,Tier 3,USA,100-300,3,74.58756635259918,92.76410709031023,Core CS,Finance,3.8868905395437534,97096.7916307192
7.359546812757809,2,Tier 2,Canada,100-300,0,90.76676031466542,53.34506667602717,AI/ML,Finance,5.903912956929171,118491.14332519764
7.736820671784795,3,Tier 3,UK,100-300,3,68.59968072962319,41.980018534151256,AI/ML,Finance,5.453534427733142,95146.2472702484
6.616224882587091,0,Tier 1,Canada,100-300,0,53.652671338969384,82.28292339990287,Cloud,Healthcare,3.570652887981278,104424.14493422804
6.653889986933177,2,Tier 3,USA,300+,2,76.01197649123839,49.15087727660576,Data Science,Healthcare,5.523995754694477,96427.15214595196
8.74858449337806,3,Tier 2,Germany,100-300,5,90.22079704854424,43.4134674460047,AI/ML,Consulting,7.047725539565011,111877.22492987209
7.588105690443273,1,Tier 1,USA,300+,0,56.36219156283724,89.71124856545464,Core CS,Tech,7.069489145247917,120000
5.364296796958985,2,Tier 2,UK,100-300,2,81.55531788008744,92.47807741255716,Cybersecurity,Consulting,4.708474163749125,83202.93548130916
6.536812624048077,2,Tier 1,Germany,300+,2,43.5023686812131,66.00603702053841,Cybersecurity,Other,5.959913214666671,88474.40329362483
7.844881001335992,2,Tier 2,USA,100-300,1,73.03087396831236,79.29517987886607,Core CS,Healthcare,6.519237547979359,110242.90030151836
7.6306333253088034,3,Tier 1,Germany,300+,5,77.75929645835522,53.68445948250405,Cybersecurity,Consulting,5.662057806759198,95465.48776674234
7.731261731379227,2,Tier 1,USA,100-300,2,61.708123021276805,58.841965180533705,AI/ML,Other,3.5194010072855617,120000
8.292697992097851,0,Tier 2,USA,100-300,2,93.17818713999333,36.69614972789343,AI/ML,Other,4.885577167091946,120000
7.170259518935975,1,Tier 3,UK,100-300,2,60.62129513856249,61.14012215822536,Cloud,Tech,4.462572295226216,85361.76574166409
6.860900943748331,1,Tier 2,USA,300+,3,55.96855877048921,69.00955703546242,Data Science,Healthcare,7.804344962518432,120000
8.070873710636485,3,Tier 1,USA,Top 100,2,87.63697008783944,72.88894045131478,Cloud,Tech,3.918904047903554,120000
9.701906335266116,0,Tier 3,USA,300+,1,67.48817277707957,41.911411524584544,AI/ML,Healthcare,5.640475320271372,116584.54474780132
7.54120598115198,0,Tier 2,Canada,300+,1,64.44300549967508,68.1466723773426,AI/ML,Healthcare,2.8154125095061233,92445.78375426053
6.15511074465033,1,Tier 1,USA,300+,0,62.383914462910774,48.05360940282347,AI/ML,Finance,5.6592748443170215,120000
5.495769271544972,1,Tier 1,USA,300+,2,100,55.89644799559347,Cloud,Healthcare,6.57410906459502,113160.43139912584
7.091953417407305,1,Tier 1,India,Top 100,1,72.63854534810261,50.90117531321573,Core CS,Healthcare,6.917055418568506,63150.22305902297
8.141862921275816,0,Tier 1,UK,300+,1,56.904665266453016,70.33853152729885,Cloud,Healthcare,6.849539033740744,112084.56071921012
7.897351313910336,1,Tier 1,Germany,100-300,3,73.66348371139262,48.45004520569678,Data Science,Healthcare,5.554895508621254,120000
7.183275865317103,1,Tier 3,Germany,100-300,1,67.27836001406781,60.882655097947726,Cybersecurity,Other,3.875287892157942,63583.6818325436
7.215049885129724,1,Tier 1,India,300+,2,80.00774355316604,71.38485251961131,Data Science,Healthcare,4.9305068560663825,57344.505079562514
8.374691196611101,0,Tier 3,India,100-300,3,86.41154909968002,69.1321045751543,Cloud,Other,4.200347066039524,39566.94802206394
6.930929713402619,0,Tier 1,UK,300+,2,56.91431272353242,68.23649018652387,AI/ML,Other,5.988214864707533,111341.42343999284
7.846240806033535,1,Tier 1,USA,100-300,0,59.45650527029991,65.55772681931278,AI/ML,Tech,2.690954520020906,120000
6.689145423607037,1,Tier 2,USA,300+,1,68.17556328145167,55.004380563168176,Cloud,Manufacturing,4.316892049893352,107543.57340573824
6.100897275899524,0,Tier 2,India,300+,2,89.75949860635676,62.03316106226668,AI/ML,Finance,4.899138412348206,54934.206511962824
7.302437008342307,0,Tier 1,Canada,100-300,1,75.70107093540241,46.22088043545058,Data Science,Tech,6.094951574088627,120000
8.967897588023504,0,Tier 1,Germany,Top 100,0,51.12169034401488,85.89409126610398,Cybersecurity,Tech,4.766757092897446,120000
7.625197791568506,0,Tier 3,UK,300+,1,73.5535039021983,52.662101272540205,Cybersecurity,Other,6.774101167208055,71860.65917136963
6.7466563632526,1,Tier 3,UK,300+,1,72.36271776802342,91.2356670905444,Data Science,Tech,4.856432074773408,88291.5957498729
8.099587985142048,2,Tier 2,UK,100-300,1,52.38525863717989,77.47955184412523,Cybersecurity,Manufacturing,4.394133074322273,84974.20520038156
7.645341121731491,3,Tier 1,UK,300+,2,66.06506200076622,64.50989356694407,Cloud,Other,5.392376330606214,113590.12458087392
6.196736293635978,1,Tier 2,USA,100-300,1,85.05685677620079,83.35392124216635,AI/ML,Consulting,3.0010268994178837,120000
7.121325817716014,3,Tier 2,Germany,Top 100,0,45.61173025594562,58.14668711817139,Cybersecurity,Manufacturing,7.493386262000145,76300.91879383293
6.1809952418337195,2,Tier 3,USA,100-300,1,68.45951976432565,77.8416787803354,AI/ML,Healthcare,4.173557340244775,90828.16439328955
6.4931283876049495,1,Tier 1,Canada,Top 100,2,55.05655835166549,57.48837186875586,Core CS,Manufacturing,3.890389271102945,107301.10841567654
8.768551780812611,0,Tier 3,Canada,300+,2,70.98454746941711,100,Cybersecurity,Healthcare,7.665251881145031,77030.78326992762
7.64394671258586,2,Tier 3,UK,Top 100,4,76.0317907039057,59.47408025970846,Cloud,Other,4.173801248830122,81394.26247439235
8.752333600950738,0,Tier 2,Canada,100-300,1,76.89649754111264,47.42713406400711,Cloud,Tech,4.889910554667273,104748.90315556954
7.705917671831984,1,Tier 1,Germany,Top 100,0,66.39949165518156,64.85185797874487,Core CS,Finance,3.7168587577534136,116750.01098958364
7.8219834746821535,1,Tier 2,Germany,300+,3,42.90993671168,69.09114195301397,Data Science,Finance,6.0160812168209965,97793.66972762892
8.57926295019602,0,Tier 3,India,Top 100,1,78.83112153508021,63.00246797787047,Cybersecurity,Tech,4.443234691844792,50849.03220723772
7.82612601329761,2,Tier 1,UK,100-300,1,36.89253096244361,58.03211021810758,Cloud,Healthcare,5.761696813990107,114532.69243353508
8.163072189697507,0,Tier 1,India,100-300,0,50.17793553536261,48.04139177194122,Data Science,Consulting,5.244043827263611,66584.63459046671
6.616028285830232,0,Tier 2,Germany,100-300,3,60.75543376029552,61.066910304186635,Data Science,Healthcare,5.0604931632156,103852.40383999144
7.111084825944705,3,Tier 3,UK,100-300,2,71.4726091630611,81.75318775392455,Data Science,Other,6.59297849256434,87916.31708338494
7.66519909354533,2,Tier 3,Canada,100-300,1,65.40417901325303,86.94576352863737,Core CS,Consulting,5.129553742146882,75407.3981421261
7.63847283892925,1,Tier 2,USA,Top 100,0,58.30183885565039,63.88745527370524,Data Science,Manufacturing,6.144139031988871,120000
8.529284853650658,0,Tier 3,UK,300+,3,65.12585560287911,66.78387208547221,Core CS,Tech,5.9497165071556966,86045.56959382916
6.48706805648252,0,Tier 1,UK,100-300,4,73.82240084073706,72.19453562736646,AI/ML,Finance,3.707491717188532,120000
6.277876512009744,1,Tier 2,Germany,Top 100,1,84.11196311553026,60.805075323711606,Data Science,Manufacturing,7.5196320079755345,103704.6935033777
9.15866306874967,1,Tier 3,Canada,300+,2,94.33632998328964,58.37883420432606,Cloud,Healthcare,5.705111124393303,78409.73277902516
7.193656536230374,0,Tier 3,Germany,300+,0,70.7048279232258,75.52490765324966,Cybersecurity,Healthcare,5.772005440732304,78746.00620862585
6.319219935454748,1,Tier 1,USA,100-300,1,91.91812313177728,67.63220385823256,AI/ML,Other,3.476769662530701,120000
7.691138839969957,2,Tier 1,USA,Top 100,1,61.76021032255508,65.85489477749191,Data Science,Consulting,4.86262651438308,120000
6.849818381136092,1,Tier 1,USA,100-300,3,83.47406779727206,55.94112240704569,AI/ML,Finance,3.4519363764850506,120000
7.672485370226706,3,Tier 2,USA,300+,0,71.78286584440548,56.51038750727961,Core CS,Consulting,5.697262952948261,105478.81577707344
6.339766431335308,1,Tier 2,USA,300+,0,68.2000183299444,70.32299424580519,Core CS,Finance,5.304257764535224,107674.7328182054
8.446104644536549,0,Tier 2,Canada,300+,4,67.9043973839849,83.39690399622668,Cloud,Manufacturing,1.3535117447696745,89542.55455585009
8.313142902177852,0,Tier 3,India,300+,2,78.71971864673417,50.09525337461171,Cybersecurity,Manufacturing,6.5808837785286665,45903.0482156384
7.05263091891917,3,Tier 1,Canada,Top 100,0,66.589943518137,34.45184545507438,Cloud,Manufacturing,8.410560928699859,110434.0620181458
7.045208518772445,1,Tier 2,UK,300+,2,73.47213043826915,61.14083570443589,AI/ML,Manufacturing,6.498950638959042,102716.34229614372
6.900062723741148,3,Tier 3,Germany,Top 100,0,68.0919052157623,57.85685032757181,Core CS,Manufacturing,3.2015774921286497,70559.23248189663
6.8278429411518555,1,Tier 2,India,300+,3,63.437967863992185,63.896442616809864,Cybersecurity,Tech,5.240981706336059,50905.397758978375
7.914718485719642,1,Tier 1,UK,100-300,3,50.79601426431816,52.64705299376397,Cybersecurity,Healthcare,6.016211995558148,104487.60949009488
7.120108523164962,1,Tier 3,Germany,300+,2,75.63543715161126,54.61593904711992,Cybersecurity,Consulting,4.77059530709305,71476.684066874
7.5699854115470435,0,Tier 2,Canada,100-300,0,97.0428257401109,99.5300773092649,AI/ML,Healthcare,4.453112128571317,103835.88494722688
7.825104420221865,0,Tier 1,India,300+,2,100,62.3441863202821,Cloud,Finance,4.76282747952207,53554.75859675783
7.310548636523786,2,Tier 2,Germany,300+,2,61.95668886473823,65.91742921438403,Core CS,Consulting,3.1391106327123826,80493.86447169699
6.223782939273409,2,Tier 1,UK,100-300,1,52.53622459480133,61.91207269487701,AI/ML,Consulting,5.982789648489003,120000
5.917707288828769,3,Tier 1,Germany,300+,3,60.85029938917705,74.08658422682365,Cloud,Finance,6.321594365670517,92155.57202962048
7.119024507845844,1,Tier 2,Canada,Top 100,2,47.042205932103585,85.1342889595943,Core CS,Manufacturing,5.3424066250601285,90781.11871170092
9.066858928133254,0,Tier 3,UK,100-300,0,49.684775729707695,83.55318840959393,Data Science,Other,4.725067683113409,106202.14965518472
7.265901466815688,1,Tier 3,India,100-300,1,74.4358929362679,65.6101809294731,Cybersecurity,Manufacturing,6.782284410634634,34132.089164545505
6.698861956329444,2,Tier 3,USA,300+,4,65.23043551000274,55.43022294045499,Data Science,Other,3.543563341353192,88612.26009611084
7.252854295783961,3,Tier 2,USA,300+,3,83.38206795745675,86.17425717799995,Core CS,Manufacturing,4.745319030242657,104203.4509232944
7.467106417827201,1,Tier 3,UK,300+,1,70.47869501853684,74.75849039847373,Data Science,Finance,3.839112634402435,86777.60523066427
8.027283756143119,2,Tier 2,Germany,Top 100,1,48.97583876873978,88.53467115141412,Data Science,Healthcare,5.229489725803296,113159.4948667936
6.55462568171427,2,Tier 2,USA,300+,0,68.49740407763487,100,Cloud,Manufacturing,4.4671511720013,97878.04803292226
7.616370876549781,1,Tier 3,USA,100-300,0,72.29911959580393,64.40254323241612,Cybersecurity,Tech,7.681595955444001,94515.67526692175
8.75475964023071,0,Tier 2,Germany,300+,1,43.49605411694316,88.30725602519215,Cloud,Finance,1,100184.8565526526
7.764563176891094,0,Tier 1,UK,Top 100,4,60.71924358763311,62.88882004550781,Cloud,Other,6.562333963788477,116144.83191956193
6.9545691232909785,1,Tier 1,UK,100-300,3,79.37162857235288,55.40612177779513,Cloud,Healthcare,4.915590534609774,116132.3644139208
6.525837741634315,1,Tier 2,Germany,300+,1,74.71173376245875,49.58746660609009,Data Science,Other,5.770294719281948,89284.94447936198
6.651278824727654,1,Tier 3,Germany,300+,2,73.0994910398458,60.0057075379402,Cloud,Finance,5.707310233312649,59996.4489436493
7.702038042761137,2,Tier 3,India,Top 100,1,99.32434407373536,37.420540163964674,AI/ML,Healthcare,6.37878002796979,41069.07862115174
7.454915692810216,2,Tier 3,USA,Top 100,3,54.40497241796952,66.0525799784146,Cloud,Finance,6.285099594857738,86012.57298433705
7.306337368045811,0,Tier 3,Canada,Top 100,1,70.53332967142254,45.80316911413842,Cybersecurity,Healthcare,5.829480721185533,63055.66764657109
8.301144587687087,0,Tier 1,UK,Top 100,3,87.94780145038767,56.18022501408909,Data Science,Manufacturing,5.669018583412202,120000
7.188834451059496,1,Tier 2,UK,100-300,1,66.139845762318,72.4915947037171,Cloud,Other,4.012969239573096,96811.2330517554
6.691181761703442,1,Tier 1,UK,100-300,1,63.323198590370865,75.69789664937532,Data Science,Tech,3.643899401847183,120000
6.267395967093152,1,Tier 2,Germany,100-300,5,42.72736787309856,37.49238478443067,Cloud,Other,5.358222762825471,82035.24470906773
7.1996875665677695,2,Tier 3,Germany,100-300,2,60.15445057001918,83.640990155912,Cybersecurity,Healthcare,6.019754340146839,74848.02894673609
6.852568798533831,0,Tier 3,Canada,100-300,1,75.57624605584562,69.85012333913929,Core CS,Finance,6.037115000121195,72801.78285757767
6.835328112062925,0,Tier 2,UK,Top 100,0,59.31582324149649,54.32517768372528,AI/ML,Finance,3.901342416755688,117344.34363898388
5.908423317106175,1,Tier 3,UK,300+,1,69.63152332534607,83.66647258697542,Core CS,Manufacturing,4.4920830633180975,59130.589152019726
7.647726024118593,1,Tier 1,Germany,Top 100,1,42.86137532537599,68.4098574035185,Cybersecurity,Tech,4.215084645705141,116535.2289705179
7.18456939925997,1,Tier 2,Germany,100-300,1,64.03343008678075,49.748607484621346,Cybersecurity,Manufacturing,3.842484632935895,91552.781309732
7.081430666965862,1,Tier 3,USA,300+,1,79.67813206922074,50.30822222489856,Cloud,Other,10,83278.8170781538
7.098743345362919,0,Tier 1,UK,100-300,4,85.11288577325963,56.12390178144048,Core CS,Manufacturing,3.3454166324216255,108783.41877769242
5.833429508945,1,Tier 3,India,100-300,2,83.84580158896225,70.9583283872416,AI/ML,Other,2.3656486193236432,46693.895333073095
8.30410397189953,0,Tier 1,India,100-300,2,73.73991384872532,87.34455137281313,Cybersecurity,Tech,5.149153221256922,66473.59290754104
7.296272213863077,1,Tier 2,UK,100-300,2,76.52239462732459,65.28261510601145,Data Science,Healthcare,6.467120596618057,100590.17391650126
7.316731376766437,1,Tier 2,Canada,300+,2,72.61355465156599,67.4815215285793,Cybersecurity,Healthcare,5.38403089194609,92827.07269491562
8.259317428825927,1,Tier 3,India,100-300,3,77.73453817256592,81.15939161678162,AI/ML,Other,9.356334926692377,52859.69064535429
6.330095368254026,0,Tier 2,Canada,300+,2,86.75156543413173,43.07299937346191,Data Science,Consulting,5.125777155864042,90041.17864022896
7.716636974588743,0,Tier 1,Germany,300+,2,91.43674656323188,54.63933279007479,Cloud,Finance,4.341684908176217,112954.75054614028
7.740225514173465,0,Tier 3,Canada,300+,1,74.73837719953711,58.8682253209689,Data Science,Manufacturing,4.232885127695844,85565.47907062122
7.134921094088156,1,Tier 1,India,100-300,1,76.06415174756962,44.64112728066388,AI/ML,Consulting,3.3874793313529468,63713.96476613133
7.5410856381399265,0,Tier 2,Canada,100-300,2,69.92246305005105,82.08927285321786,AI/ML,Consulting,3.189324173783359,97411.0974131074
7.187092080807398,1,Tier 2,India,100-300,2,52.0507087424657,54.664920724870946,Core CS,Finance,5.834649457416083,53589.76273090283
7.931992706051139,1,Tier 2,Canada,300+,3,80.71698551527827,57.61601209556286,Data Science,Tech,2.479513683922701,117872.33896109334
8.641658649137549,0,Tier 2,Germany,300+,2,81.80164625903345,46.4681044558774,Cybersecurity,Other,6.747488449218369,94185.63783556994
5.635232724087412,1,Tier 2,Germany,300+,3,87.24867945406679,82.15964132222315,Data Science,Other,3.706886175642771,90055.47621876736
6.8828154634174705,0,Tier 1,India,300+,3,92.91060899251444,56.221217551421574,Cloud,Other,5.681607311566538,53586.609785814406
7.805128832021244,1,Tier 2,USA,300+,2,81.41731420874909,65.00459081074575,Cybersecurity,Tech,6.752935981602073,117814.44333941492
6.153730705111812,3,Tier 3,Canada,300+,1,74.29145306683472,44.5261017971155,Cloud,Tech,7.533956541589001,79194.14119026279
7.208613453986451,1,Tier 2,India,100-300,3,77.79381568305381,72.35281442506673,Data Science,Consulting,5.243972245221626,43959.93316307933
6.537430321424197,0,Tier 1,Germany,300+,0,72.3352014523482,57.36709505299009,Core CS,Healthcare,4.817947471326046,101248.3173076468
6.948182192161699,1,Tier 2,Germany,100-300,0,61.77043574795161,56.18827447850157,Cloud,Consulting,3.966849067346153,85460.78850061205
6.560060134028523,1,Tier 3,Canada,100-300,1,71.70553608100386,80.05933129390387,Data Science,Other,3.985442806460552,75243.97060347338
6.591948839923134,1,Tier 1,UK,100-300,1,100,69.12330076730247,Cloud,Manufacturing,4.666824342239645,102832.2555015683
7.754972404604835,4,Tier 3,UK,Top 100,1,70.87353594068249,30,Data Science,Healthcare,6.226761856383744,92187.4880217668
6.521376532641722,2,Tier 1,India,Top 100,2,73.7702403191084,30,Cybersecurity,Manufacturing,4.516843151828338,62535.873129553904
7.49076813253747,1,Tier 3,USA,100-300,1,73.9610100233693,36.74913427007252,Core CS,Healthcare,3.2655394632905863,89752.59653673577
6.973996885553849,2,Tier 1,Canada,Top 100,2,63.87238700026775,64.43437528236511,Cloud,Manufacturing,5.1883730764018114,111797.06743385491
7.6643985071887615,1,Tier 3,India,100-300,1,74.57852202951267,63.6196629746851,Core CS,Manufacturing,6.813383210891811,46692.24082030539
5.576448859661255,1,Tier 2,USA,100-300,1,92.71935042498028,52.78873513209942,Cybersecurity,Healthcare,4.165423349343232,101316.11082797602
6.386917912587987,0,Tier 3,Canada,Top 100,4,75.26201746743888,77.09090603690748,Cloud,Finance,6.152043314753602,73393.84296122173
6.93696927993576,0,Tier 2,USA,100-300,3,85.14581804667529,61.24924825698319,Data Science,Consulting,3.536511663631728,120000
7.59281356106916,0,Tier 1,India,300+,1,92.61796647086864,67.325900995004,AI/ML,Tech,3.2744840779775264,64359.46553752561
7.120379599019121,3,Tier 3,India,300+,2,61.25272189614877,57.688994796223106,Cybersecurity,Finance,3.6411135077667782,37246.97607182696
7.1261076467527555,3,Tier 1,USA,300+,1,87.23038893514384,56.014369924135565,Cybersecurity,Tech,6.780698590278059,120000
6.980696711636021,0,Tier 3,USA,Top 100,1,54.02960637667896,61.83926634698862,AI/ML,Finance,3.651668350592579,105354.03535104122
7.408480552328251,0,Tier 2,India,100-300,2,94.27144911475922,71.29606130342118,AI/ML,Healthcare,6.035140456555963,56832.05100522071
6.363475892939354,2,Tier 1,Canada,100-300,1,92.79034943628864,62.4138988936114,Core CS,Consulting,5.940920640077989,96775.05855809426
8.119534341323106,2,Tier 1,UK,300+,0,48.25902015856664,87.44696711238966,AI/ML,Consulting,7.895781879394873,120000
6.810770093305172,0,Tier 2,UK,100-300,1,81.72141440043106,82.60985949781114,Cloud,Other,5.785276117986548,85289.25587151204
7.150458685593419,1,Tier 3,India,300+,2,88.29208853728234,60.58948892631057,AI/ML,Other,6.312533770173021,48707.39171347712
7.5322676276071,2,Tier 3,UK,100-300,1,76.83800206234082,40.95673855425679,Cloud,Other,5.737136177014369,78603.6984565406
8.767684460833902,0,Tier 1,Germany,300+,4,68.14237933258019,66.54387422699139,Cybersecurity,Tech,7.041934817958723,120000
7.265897866579188,0,Tier 1,Canada,Top 100,2,73.82350142894174,44.34320335534084,AI/ML,Consulting,4.317729175951342,120000
6.500132305252414,1,Tier 3,USA,300+,3,59.53955700220759,100,Data Science,Finance,5.160676268010486,95989.38422834016
6.118970808128138,0,Tier 1,USA,300+,1,75.87733359068797,69.83097822907726,Cloud,Healthcare,4.740320256891375,114201.66597337624
7.585720980843789,1,Tier 3,Germany,100-300,0,71.90797781733843,67.68114309290266,Core CS,Consulting,6.123459946606463,70534.00381945755
7.80584348597861,0,Tier 1,Canada,100-300,2,79.57982641876018,62.769791427625265,AI/ML,Tech,3.2774844597543513,120000
7.018708171726806,1,Tier 1,India,100-300,2,72.7692458068789,58.73288488989216,Cybersecurity,Finance,6.206494162762718,55537.32487378383
6.308458635731425,0,Tier 3,Germany,Top 100,3,98.58049783402772,64.10849477997428,AI/ML,Consulting,6.694663724106701,80623.81259956071
6.399671897796275,1,Tier 2,India,100-300,3,87.10205958726604,58.46520259087696,Data Science,Healthcare,4.16366914056265,47954.27008093199
5.270374160058049,1,Tier 1,India,300+,2,66.92485949774579,54.1765273292977,Cloud,Other,5.748567860603093,45752.039224434746
6.116180261086787,1,Tier 2,India,100-300,1,66.89348573462448,77.7540399048464,Data Science,Tech,3.009298479665586,62633.77485206577
7.79088703479934,2,Tier 2,India,100-300,1,68.08567746058816,85.52918988821949,Data Science,Other,6.127885841118176,53050.35154529412
7.482970592435357,0,Tier 2,Germany,Top 100,1,59.41516681571883,63.68007716305707,Core CS,Consulting,5.8983940736756075,85220.529936781
8.121200277241726,1,Tier 3,USA,100-300,1,52.2177868327169,58.93997146441415,AI/ML,Healthcare,7.356832734370546,111988.50906297618
6.9394631418743495,2,Tier 2,India,100-300,2,75.23184686297594,50.43521926265718,Core CS,Tech,5.481577828302756,37117.788389786074
8.230041055227474,0,Tier 2,UK,100-300,5,68.88722399795556,76.51546938659874,Core CS,Consulting,4.243512242462752,107202.39469526218
6.538217019431543,2,Tier 3,Canada,100-300,2,90.5513847477856,78.88311345619948,Cybersecurity,Tech,6.6097694922848405,76765.95253527789
7.122020706318093,1,Tier 2,India,300+,5,63.296472359260235,36.036510961347624,Core CS,Manufacturing,7.270714434649591,45663.92723500569
8.771463954045277,0,Tier 2,USA,100-300,3,62.37353821383055,42.522039088583256,Cloud,Consulting,7.747794295556351,115092.65845498152
8.530150507485438,0,Tier 1,Germany,Top 100,1,71.4193012198618,67.51677193063767,AI/ML,Finance,4.29703404177184,120000
8.586963308383002,0,Tier 3,UK,100-300,3,80.72526901680561,58.08786057172057,Cloud,Healthcare,5.263307574788376,79179.93289206679
7.605741456881618,2,Tier 1,India,300+,0,61.51322860167484,64.48370667918238,Cloud,Consulting,5.651644489821805,56331.96157399522
7.3336762595385965,0,Tier 1,Canada,100-300,1,81.76036867924478,90.94634709673127,Core CS,Finance,5.176429811624197,116447.2329166908
7.456912993630459,1,Tier 2,Canada,100-300,3,82.11521946354597,72.0055818356702,AI/ML,Tech,3.877854932178084,120000
6.42121070206416,0,Tier 3,Canada,100-300,2,74.21903392898916,55.94284095338175,AI/ML,Finance,4.0945620312866184,87066.48629311983
8.01332900255873,1,Tier 1,UK,300+,0,82.40909745110324,88.97369972838874,Data Science,Consulting,5.96182200121647,120000
6.555781529589463,2,Tier 2,Germany,100-300,2,78.62456598273579,58.468029363214534,Core CS,Manufacturing,8.690313460050822,94531.56913015008
7.593055853526331,1,Tier 3,India,Top 100,1,74.27584774425463,30,Cloud,Healthcare,5.5058422388393895,37515.19404031126
7.428366997927707,1,Tier 3,Canada,300+,3,54.85554143666316,41.32930193287279,Data Science,Consulting,6.837039738698614,83612.39856125183
7.967208159120798,1,Tier 3,UK,300+,2,81.9979002628799,61.07971945919641,AI/ML,Consulting,3.1486699427697036,80592.66212811759
7.851336561872835,3,Tier 1,Germany,300+,1,57.16551679442315,74.07722533353497,Core CS,Healthcare,6.1767965896206345,100434.2940448484
9.004359124285514,0,Tier 1,Canada,100-300,1,72.92298538075983,69.56621682271592,AI/ML,Manufacturing,4.5154744496538886,120000
8.516118889687176,0,Tier 1,Canada,100-300,1,93.0497858879598,77.4477428427589,Data Science,Finance,4.717680412695298,120000
6.789470982352139,2,Tier 2,Germany,Top 100,2,59.46035193041881,70.9446744258796,AI/ML,Manufacturing,6.164705100668554,97250.14555255182
6.755494046074563,1,Tier 1,Canada,100-300,4,74.41418460612161,91.0329494332187,Cybersecurity,Tech,7.847505100282874,114335.52332543314
7.838563174140221,0,Tier 2,Canada,300+,1,48.39658277702088,70.68089429748507,Core CS,Healthcare,6.359704395752381,96668.76979984128
6.51972907279481,1,Tier 3,USA,300+,3,70.58632478475495,57.35708655964494,Cybersecurity,Manufacturing,4.321516959583348,73889.04415081134
7.474831545834553,2,Tier 3,USA,300+,2,33.66050761053427,69.53498307677096,Cloud,Manufacturing,4.289891744523201,97685.409647331
7.002448093390858,1,Tier 1,Germany,100-300,2,80.92790709076802,52.86162801237133,Core CS,Manufacturing,5.106777709974527,102474.30992505285
6.654159051352367,0,Tier 1,Canada,Top 100,0,62.204646644931984,61.312646944844474,Core CS,Manufacturing,4.3917684994232165,107817.3902110658
7.185384753624314,1,Tier 3,Germany,300+,1,43.266979383238706,65.59639101933469,Data Science,Other,5.543030805758255,74175.27819079197
8.030746898002711,0,Tier 1,UK,300+,2,84.55595205086563,54.502763741877544,Cybersecurity,Other,5.919761283497426,115716.57067462654
7.903077990039511,0,Tier 2,UK,Top 100,1,67.13602298013315,55.39579803522741,Data Science,Finance,6.158182125512009,120000
6.813114431213708,2,Tier 2,India,300+,5,86.45617524063354,78.51370948176265,AI/ML,Consulting,4.612144070434841,56069.11111417894
7.169503343063107,0,Tier 2,Germany,300+,2,80.4371257174172,56.97223833699916,Core CS,Other,5.261112775605031,88857.01905668537
7.808303450626611,2,Tier 2,India,100-300,3,61.65307989419867,60.53615534098179,AI/ML,Finance,9.922182400946486,56731.26679032515
6.64339403216252,0,Tier 2,USA,300+,2,86.51674212277219,68.79165349014217,Data Science,Other,6.245065912375562,113614.6278000846
8.106555612263474,0,Tier 1,UK,300+,3,100,81.71622042901234,AI/ML,Other,8.798753749164652,120000
8.01306421436503,0,Tier 1,Canada,Top 100,0,43.51593069940675,58.45083476736149,AI/ML,Tech,3.0605484211766996,120000
7.510834653814079,0,Tier 2,UK,300+,0,79.4787231017789,85.97148581356475,Data Science,Manufacturing,7.134179286577189,110518.2425530753
8.358099023767473,0,Tier 1,Canada,100-300,1,51.86035139208063,34.12056612760784,Cybersecurity,Finance,8.736771170391666,118186.7078720988
7.265665169133449,1,Tier 2,India,100-300,2,90.7590386187627,59.72391297832595,Data Science,Finance,4.790471928602434,48301.694354248946
7.5169037408193375,3,Tier 2,India,Top 100,2,49.06573841063386,69.79074962574242,Cybersecurity,Manufacturing,6.089538955395526,41613.20034231997
6.743372910518401,2,Tier 1,India,300+,3,59.82877033366008,45.08352644387779,Data Science,Consulting,6.39999028863814,59908.20175761037
6.452920879600339,1,Tier 1,India,100-300,3,35.86814994517244,70.4366591966147,AI/ML,Finance,5.306309002066591,66812.33226288384
7.065021734072855,1,Tier 3,Canada,Top 100,2,83.64106775526366,57.29993246495305,Core CS,Consulting,7.63735400724335,72355.93840149093
6.651938206738947,1,Tier 3,Germany,100-300,3,51.783519212507784,67.25619465172258,Cybersecurity,Finance,5.2453903669629485,64369.0218518503
7.421585113091003,3,Tier 2,Germany,Top 100,1,76.7814410282113,63.16187921802208,Core CS,Consulting,5.426516011234652,94875.8425398431
7.754350895917787,1,Tier 2,India,Top 100,1,76.04940896891932,78.04991525245535,Cybersecurity,Tech,4.226579507188498,44520.12091108901
7.14500315867604,0,Tier 2,USA,300+,2,84.83516245814668,40.37657715407555,Data Science,Tech,6.585108489010563,120000
6.7180370146898065,0,Tier 2,Canada,Top 100,1,66.88088740047858,79.39500953902926,Data Science,Finance,2.9336836395107473,115459.01702096684
8.718637491029568,0,Tier 3,UK,100-300,1,100,70.44102039287057,Data Science,Other,5.493822804293856,101694.00256057762
7.567679583506853,1,Tier 3,India,300+,3,56.67746176496835,58.00029378353573,AI/ML,Consulting,5.762520834266653,46554.90379726531
7.742412527321349,2,Tier 2,India,100-300,0,100,77.7392720069882,Data Science,Other,6.540472249378946,58569.05039958996
7.01460196868489,0,Tier 3,India,300+,1,54.07871882995592,53.7798204713758,Cybersecurity,Tech,4.288807717521454,44893.75809092243
7.984368038207981,1,Tier 2,Germany,Top 100,3,86.11337616321873,62.83263785788016,AI/ML,Consulting,5.93996520842246,110024.3276173282
7.421984666422184,0,Tier 2,UK,100-300,1,89.80417366068616,84.91817657268788,Cybersecurity,Manufacturing,6.320421329683612,88944.52193006194
7.356671100183397,1,Tier 1,India,Top 100,3,86.63973785117919,80.28513825200051,Data Science,Manufacturing,3.029597248293335,66852.91351014604
6.884106595883124,1,Tier 2,Canada,Top 100,3,100,93.1510581640424,Data Science,Healthcare,6.828212833170989,101151.909949373
7.324659269339051,1,Tier 1,Canada,300+,1,86.78482168175813,59.597434354731014,AI/ML,Manufacturing,5.854685053761125,120000
6.210445810798754,0,Tier 2,Germany,100-300,1,57.38246985898413,55.415783350643544,Cybersecurity,Finance,5.975482710640621,84021.43781819385
7.139157766730249,1,Tier 2,Canada,300+,2,68.69694131898672,77.39750240715605,Data Science,Healthcare,5.730284221246825,93984.35628907854
6.505459966319865,1,Tier 2,Canada,100-300,2,70.101691909871235,59.251244468113306,Cybersecurity,Tech,5.389084056066673,100866.21065723556
7.5037916115269905,1,Tier 3,UK,300+,1,64.3632036418755,33.86158585558064,Cloud,Consulting,5.165280418610934,86494.3109738691
6.787263940643558,1,Tier 1,USA,Top 100,2,73.40394850613932,58.30467404011805,AI/ML,Consulting,6.153467261297765,120000
7.445499777894517,1,Tier 3,India,100-300,2,71.93376178446343,30,Cybersecurity,Tech,3.010929798462251,37955.03668935703
8.491238824329407,0,Tier 1,Germany,300+,1,50.36700971662934,60.114064680521096,Cloud,Finance,4.711931694474397,104845.64165967684
6.83249950935047,1,Tier 1,USA,100-300,3,65.1147593410133,65.00965099305515,Core CS,Consulting,4.829138291020525,117395.40014790856
8.16386093931732,1,Tier 2,Canada,100-300,3,32.97358452600122,92.43032050113516,AI/ML,Manufacturing,4.850590116329323,111036.5673407231
8.548688820544484,1,Tier 2,India,300+,1,88.87226280340518,85.94043710204764,Cybersecurity,Finance,5.475087345144025,52953.439652271154
6.841552189424875,1,Tier 3,Germany,300+,1,90.2740001319222,54.14211050689136,Core CS,Manufacturing,6.603611916125785,62361.63200316766
6.650989574255977,0,Tier 3,India,300+,1,53.24793053614064,72.34411567162809,Core CS,Tech,5.744671253927797,41308.95936823647
7.838493407415324,2,Tier 2,Canada,100-300,0,60.64743936673355,42.910392473979186,Cybersecurity,Healthcare,7.417463515967603,87230.20183142087
6.145183396734049,2,Tier 3,USA,100-300,2,90.62271965754088,93.68860370225008,AI/ML,Tech,4.274304524880723,109602.77440012115
6.69265466743442,1,Tier 3,India,300+,2,87.18326534472473,68.30155481714932,Core CS,Finance,2.9579576062651305,43974.04411833159
9.068780140547116,0,Tier 2,UK,Top 100,0,85.78777956639843,74.61544258393783,Cloud,Other,6.917931901683939,110287.77454141834
7.490612435728915,1,Tier 3,UK,300+,2,68.45138721863988,71.59404605058305,Data Science,Other,6.656472148226886,88368.75728434641
7.91022142453493,2,Tier 3,USA,300+,1,95.67175827349476,74.3337301828916,Core CS,Other,5.220110009446479,89064.60751685315
8.401833527297626,0,Tier 2,USA,300+,0,59.92506865884184,39.44973435535701,Cloud,Manufacturing,6.6360071713371624,116824.47680319182
6.63277466145688,2,Tier 3,USA,300+,2,59.957698649753105,57.03099041093191,Cloud,Tech,3.3250755418789546,102308.9046912862
7.17497461291319,2,Tier 1,Canada,100-300,3,82.070599245926,49.22694419628501,Cloud,Finance,4.041816211921191,111938.62888060694
6.866548207441285,0,Tier 2,UK,Top 100,1,55.73906596157692,78.63304641899975,Cloud,Manufacturing,2.4980911916798645,92149.86319734048
6.9904021242978205,1,Tier 3,UK,300+,0,59.528239446276466,36.59218622139872,AI/ML,Consulting,4.944906279794618,81655.90126008369
7.581209297868848,2,Tier 1,India,100-300,1,92.5329265368958,73.44806185702862,Data Science,Healthcare,5.308037985528006,64681.80062951425
7.554964890028948,0,Tier 2,Canada,100-300,2,74.29711478021218,68.36308974265329,Data Science,Healthcare,6.535337965965741,109373.08321854226
8.267595500125648,0,Tier 3,UK,100-300,2,42.084605624705674,73.84531431526159,Cloud,Other,6.669996039211328,87673.2921922136
6.367986322547834,3,Tier 3,Germany,Top 100,5,74.9584426186662,100,Cybersecurity,Healthcare,6.071346363156179,70391.10136120918
7.554252168240738,2,Tier 2,Canada,100-300,4,73.03019088628807,64.38479198118117,Cybersecurity,Consulting,5.62776362395183,93133.5276175461
6.773034617308214,1,Tier 2,USA,100-300,1,87.57623749785908,71.27645064941026,Cloud,Other,4.416686218189463,104834.87148435392
6.72837587466721,1,Tier 2,UK,300+,2,84.4226193457263,46.85545411972285,Core CS,Healthcare,6.237464430707128,89698.86331816154
7.768745742886609,0,Tier 3,UK,300+,1,78.03583593129322,75.7439563855749,AI/ML,Finance,6.683549148927553,92291.25396517564
7.517523618605253,1,Tier 3,Germany,100-300,1,92.41416232411882,72.84560404507927,AI/ML,Other,2.8636504142273806,82750.8185277606
8.212331052278568,2,Tier 3,Germany,100-300,2,64.60660574930345,40.02546965227796,Data Science,Healthcare,6.50368983489241,81771.20159147025
7.917189726986431,2,Tier 2,India,100-300,4,43.42897411402462,76.56292535394701,Cybersecurity,Manufacturing,8.164968961255113,46112.584948218115
6.110138024263535,0,Tier 1,Canada,100-300,2,87.89446107748006,56.149921463875685,Cybersecurity,Other,4.080905540509772,103625.68623673925
7.407436258913607,2,Tier 3,India,100-300,1,65.65772265262979,82.23824971067626,Core CS,Finance,6.466792082057222,33749.88053481353
6.507143027730941,1,Tier 1,Canada,300+,3,64.87806897215903,63.54159364205295,AI/ML,Consulting,3.8674793632386137,114793.15584732838
8.293635939617346,0,Tier 3,Canada,300+,2,61.86836498584699,51.88852737344259,AI/ML,Other,4.242026727603056,90355.95276484746
6.383660160689697,1,Tier 1,USA,Top 100,2,68.02483312772382,67.90892028833672,AI/ML,Other,4.818035730907005,120000
7.914689224164663,3,Tier 2,Canada,100-300,0,73.22393668098063,65.28946678095676,AI/ML,Tech,5.161531195010391,112620.65521970032
7.147886923248292,2,Tier 2,India,100-300,1,63.31303021512169,71.61868404144322,Core CS,Other,6.199016841007433,40198.1182026171
5.423753134918879,3,Tier 1,UK,Top 100,1,61.62315670133907,56.67327863170863,AI/ML,Healthcare,4.8529529265985385,118459.92761259596
6.8235472477861485,0,Tier 3,India,100-300,2,73.86787718192484,79.39645237591012,Cloud,Tech,4.730981434277956,46179.58016364077
7.19752485073329,1,Tier 3,UK,Top 100,3,76.0681942713644,39.42806756985903,Cybersecurity,Healthcare,5.796540836172603,83800.10833431396
6.099841737809822,1,Tier 1,UK,100-300,2,49.99229791344613,54.951382415816525,AI/ML,Manufacturing,7.997900385055752,120000
7.449178103860906,1,Tier 3,Germany,100-300,0,82.99225570853116,77.75401170547347,Cybersecurity,Healthcare,5.549047363316344,74900.08918769925
7.450283584365705,2,Tier 1,USA,300+,3,84.9130689959104,73.92805400364271,AI/ML,Healthcare,4.392020021965074,120000
6.889807151689658,1,Tier 1,USA,100-300,3,46.98253559356518,77.44363913814423,Core CS,Manufacturing,3.7999048802984303,120000
7.6241613769488605,0,Tier 2,Canada,100-300,0,81.82518734053399,81.0093580938991,Data Science,Tech,5.955713364084098,116807.72464790108
8.31830208462694,0,Tier 2,USA,100-300,2,71.44495323610796,64.66478524080802,Cloud,Manufacturing,3.3510561041786597,109822.03786938808
7.101050011669599,1,Tier 3,Canada,300+,1,62.583239715705055,61.43589990113683,AI/ML,Finance,3.8778521870678513,79044.47827172608
8.844757268774192,3,Tier 1,UK,100-300,2,52.31907322099622,77.07056086213635,Data Science,Other,5.766496594112681,120000
7.637144293313688,2,Tier 1,USA,Top 100,1,66.47084088551928,73.07293271426468,AI/ML,Healthcare,5.440792173386727,120000
8.33118902384648,1,Tier 1,Germany,Top 100,2,71.41726922282861,71.20642186892812,Data Science,Consulting,5.028029976430468,120000
6.740113658801163,0,Tier 2,Germany,300+,2,100,77.24743181356993,Data Science,Other,5.8858532731272,94150.58674426688
7.687704629483877,2,Tier 1,India,300+,3,79.93271060916051,75.1356332782851,Cloud,Other,6.994796835988818,53347.60710256619
6.214384402231277,0,Tier 2,Germany,Top 100,2,70.18526067222561,73.65756601854426,Cybersecurity,Finance,4.763049600902466,79557.12003434314
7.307973132838107,1,Tier 2,USA,Top 100,2,65.95810715620544,84.31167570496189,Cloud,Consulting,3.3949608498686343,120000
7.638853338488472,0,Tier 3,UK,300+,0,75.10490026212004,63.875590481027494,Data Science,Consulting,7.315386876546034,92912.25392945702
7.896749209924996,1,Tier 1,USA,300+,4,60.428357464310054,60.07185353930347,Cloud,Consulting,4.09578738144609,120000
8.255702869551595,0,Tier 2,India,Top 100,1,73.08519232068303,85.32621503871923,Core CS,Healthcare,6.802153989129289,55314.18957970765
7.95488940413807,1,Tier 2,India,300+,2,71.91092863446242,74.87807205541623,AI/ML,Manufacturing,3.403736062488667,54590.08068759408
7.721673049270614,0,Tier 3,India,100-300,5,48.17437284005662,55.10721064451163,Data Science,Tech,4.133748574701979,48532.444427584654
7.165991038281746,0,Tier 2,India,100-300,0,77.58140498831096,83.59143317694092,Data Science,Tech,7.031741651886278,64380.94459677292
7.356542325665539,1,Tier 3,India,300+,3,64.4922100250481,75.56204963357135,Cloud,Consulting,5.071873308340013,37124.40319289108
6.100702512911381,1,Tier 1,Canada,300+,4,70.7943621002215,69.74618172204329,Data Science,Consulting,7.52727430255188,113366.54047804138
7.082033151854018,1,Tier 2,USA,300+,2,74.3522319566493,74.78962794903936,Data Science,Healthcare,4.735462153835597,117947.90873440604
7.664968882559805,1,Tier 2,India,Top 100,0,81.91193593184109,51.13565080037999,Cybersecurity,Tech,4.871398812935859,56934.075259115045
7.697244773030514,2,Tier 1,USA,300+,0,73.16992416792516,59.70997413999511,Core CS,Healthcare,5.529789914407465,120000
7.261736442302232,0,Tier 3,India,Top 100,1,73.63377260367555,55.49122450931942,Core CS,Tech,5.419469293187423,46187.602926047824
8.104111151094813,0,Tier 2,Canada,300+,2,63.682492377058075,50.04595911371496,AI/ML,Consulting,2.728672374559604,104526.76413375932
8.629768511774687,1,Tier 1,Germany,100-300,4,63.631765502237975,67.46451238181561,Core CS,Consulting,6.593144408824508,108235.96080010643
7.161390923836835,4,Tier 2,USA,Top 100,3,81.56721562971693,82.66155719253659,Cloud,Consulting,7.510897823474564,117476.40961771792
6.972348608124958,1,Tier 1,USA,100-300,2,81.82525005823862,30.739743862023815,AI/ML,Finance,4.507682970597501,120000
8.876499329517152,4,Tier 2,USA,300+,1,75.33543528248161,83.59815894768909,AI/ML,Finance,7.722432844842791,120000
6.055631611814334,1,Tier 1,USA,100-300,2,51.07881908549305,60.93195104552186,Data Science,Healthcare,2.13229231588373,120000
8.273619918860867,2,Tier 1,India,Top 100,5,54.13340568774015,67.95232492711065,Data Science,Finance,3.731985119387625,68693.68422937268
7.510549599078859,0,Tier 2,India,300+,4,79.90932447228026,52.144403377384585,Cybersecurity,Consulting,3.795305579493383,39072.407419902214
8.395448891794489,0,Tier 1,UK,100-300,0,52.32315529379517,74.01302709769729,Cloud,Manufacturing,4.710353954971668,120000
7.53087829484861,2,Tier 3,UK,100-300,2,62.83776335244918,60.385063690907955,Cybersecurity,Other,5.369444788531217,69602.13314133872
7.327312738220795,0,Tier 1,UK,Top 100,0,59.09853266656139,81.53278645595216,Cloud,Tech,4.272045524370497,120000
8.131872530260443,0,Tier 2,Canada,Top 100,0,63.42767144664459,69.52222167727255,AI/ML,Manufacturing,5.687497753790469,117667.58687974272
6.30064058398868,2,Tier 3,USA,Top 100,2,75.65309184834008,62.16089088935737,Cybersecurity,Manufacturing,4.984144924311574,92599.95879929925
6.637847881192373,0,Tier 2,UK,Top 100,0,57.488751143445285,73.38514915659195,Cloud,Other,5.5312465412947525,96544.6855203479
6.737299792466558,1,Tier 1,USA,100-300,3,88.08375040148427,71.92226741442103,AI/ML,Other,5.20343691529254,120000
7.886176876785959,1,Tier 3,Canada,300+,2,71.77204925777444,65.11902227640802,Cloud,Consulting,5.572467513863074,72633.55807606313
7.45328171871418,0,Tier 2,USA,Top 100,1,100,54.85646220649067,AI/ML,Consulting,7.194905919729061,120000
7.51544840008656,4,Tier 2,Germany,100-300,4,81.4235737681376,35.35437840264703,Cloud,Consulting,5.150895787972027,85444.82440142758
7.117180489322655,2,Tier 1,India,300+,0,80.29794504019944,59.37008549028206,Core CS,Other,4.344874375357589,45446.25468549051
7.418659026182871,0,Tier 3,Germany,300+,4,80.70714953039771,75.84378978518905,Data Science,Consulting,3.5917957138219605,76781.80418898277
6.359527726121516,1,Tier 3,Canada,Top 100,0,82.77599611659448,87.69530938034335,Data Science,Tech,5.3422132163479725,89251.4532381574
6.7523920912582165,0,Tier 2,UK,300+,2,78.05360443794142,61.28138293253286,Cybersecurity,Tech,2.7219979884893943,100548.08591323548
7.153603389574942,0,Tier 3,UK,300+,1,78.27168297545008,30,Cybersecurity,Finance,3.9027771228765418,79500.84195831831
6.889331774386898,3,Tier 2,Germany,Top 100,4,79.49214540965801,97.2059943599753,Cloud,Finance,6.364290513735476,82945.62214831752
6.698061279095736,1,Tier 1,Canada,100-300,2,66.80389300088112,68.71195340881656,Cybersecurity,Other,3.6015511685895523,92038.745232905
9.52621702643544,0,Tier 1,Canada,100-300,1,85.7473591890232,68.84393119129066,Cybersecurity,Other,5.253169878426277,120000
7.725429818345919,1,Tier 2,Germany,Top 100,0,66.29832695958385,72.27106322923204,Cybersecurity,Consulting,3.80563434458572,85036.67939509264
6.639024938444899,0,Tier 2,Canada,300+,3,74.373803529622,68.42621710339219,Cloud,Finance,4.936063517862987,90696.49797803862
7.234263074869347,0,Tier 3,Germany,100-300,3,75.99627681504118,93.49956379973888,Data Science,Other,8.056882643611862,76855.72173810695
6.490494088848834,0,Tier 3,USA,100-300,0,54.73393809723049,68.95431863342893,Cloud,Manufacturing,6.958620065323786,79249.83284966752
7.165711549422855,0,Tier 1,India,Top 100,2,91.06618367760572,59.99516567025495,Data Science,Consulting,4.799597031525059,76551.36506884784
8.182496980879588,0,Tier 1,India,300+,1,99.4406877364903,70.98740014571064,Data Science,Healthcare,6.293627939927095,63772.1679441522
6.3989236243173035,4,Tier 3,USA,Top 100,3,56.16459057252684,88.76784488247438,Core CS,Manufacturing,6.465558482959852,92996.5803349012
8.21607339279288,0,Tier 1,India,Top 100,2,80.22870472848243,58.21620525811872,AI/ML,Other,6.536369981934268,58599.83789422069
8.64099755461557,0,Tier 2,Germany,100-300,1,91.78998890554702,50.42119271455715,Data Science,Finance,4.921459104966194,113751.2329390664
6.444956465678542,0,Tier 1,UK,300+,3,71.22743634340466,41.10843667882666,Data Science,Finance,5.57956389616412,118059.98539367886
6.920548529766374,1,Tier 3,USA,300+,1,67.40635232382971,84.99246454649484,Data Science,Healthcare,3.2116547408584117,102151.07034837056
6.751682556995225,0,Tier 2,USA,100-300,0,62.392012869901706,73.77570824788864,Data Science,Healthcare,4.2193129749919915,118766.71158478722
7.7048497499045325,0,Tier 2,USA,100-300,2,66.74079992799714,74.47138525131533,Core CS,Other,6.4901531633372125,106456.899146975
7.432471633449793,0,Tier 3,Germany,300+,1,77.90197759420782,69.10464843227977,Cybersecurity,Healthcare,4.29266569881003,62980.441131414664
7.495266535510408,2,Tier 1,Germany,100-300,1,51.65294684834053,64.53444959815182,Cloud,Finance,5.156741292335396,111322.69961118036
6.6995928154884,0,Tier 1,Canada,100-300,2,61.39569743325139,40.65290448933554,Cloud,Tech,5.115100383987929,105256.44177571245
8.015404537518897,1,Tier 2,USA,100-300,3,95.9495268311922,81.9602645429764,Cloud,Tech,4.82046321236569,120000
6.602146282913864,1,Tier 3,India,Top 100,3,76.71377296731801,93.96245386768868,Data Science,Consulting,4.381303802749573,49210.727257869774
7.130667744542031,0,Tier 3,India,300+,0,70.75989908262484,72.37456835406392,Cloud,Finance,6.350581355769508,41455.254526913115
8.169373613005694,0,Tier 2,USA,Top 100,2,75.88172567378018,83.43893685700885,Core CS,Consulting,5.57433438320289,120000
7.777129886137888,2,Tier 1,India,Top 100,0,70.4635505431823,62.94834225096663,Cybersecurity,Tech,6.680036088814989,64160.11957178575
5.963793103466303,1,Tier 3,UK,Top 100,2,71.08314193462208,32.548584064315506,Core CS,Manufacturing,5.819502760990413,81438.44018625694
6.049957466579968,1,Tier 3,Canada,Top 100,0,47.55952246991431,91.08552599995238,Data Science,Consulting,5.71988001309813,79469.21793773552
7.4631278544553075,0,Tier 3,Canada,300+,1,64.1421507635429,60.357944257807944,Core CS,Consulting,4.39375272694779,76357.10443382067
6.9485298820966666,1,Tier 2,Germany,Top 100,0,76.17453316565661,44.89784874112674,Data Science,Other,5.106903420338061,97821.10949815596
7.623862912604039,1,Tier 3,India,300+,0,76.34430931454781,94.72990852531284,Cloud,Healthcare,7.115557184718262,32632.7309585295
6.699912804045148,2,Tier 3,UK,100-300,2,77.96873676594049,72.26321845021722,Cybersecurity,Finance,5.867227628744466,76775.13626941873
8.254815188378043,0,Tier 1,India,Top 100,2,72.77562533262508,54.756711367802765,Data Science,Tech,4.32147791864649,78162.69449255937
7.52554325307367,1,Tier 3,Germany,Top 100,1,48.30967502422027,54.488808007697,Cybersecurity,Healthcare,4.802209613717652,65495.333319333426
6.7253318593180405,2,Tier 1,Canada,Top 100,2,77.38370105470814,70.95436181831073,Cloud,Consulting,4.9688683363153725,108363.12465031276
7.9137659143084464,1,Tier 2,India,300+,2,39.21731691211397,74.66557910442062,Data Science,Other,3.7525838373602194,51577.508452174116
7.9257956381848205,2,Tier 2,USA,100-300,1,93.64181972541824,45.72419512342631,Core CS,Other,5.089937231507738,116772.14098003355
6.862803519689408,0,Tier 1,India,100-300,3,97.60207790338764,30.710032348679057,Core CS,Finance,2.235317794841767,55824.69444506732
6.412263125058512,1,Tier 1,UK,300+,1,75.93326762505944,80.33812224504044,Cybersecurity,Other,3.787339340656699,105345.32962294642
7.76474865786461,1,Tier 2,India,100-300,3,69.14988878605452,48.90450880854086,Core CS,Manufacturing,6.6136925130316975,50714.91764192357
7.946839282065284,1,Tier 2,USA,100-300,3,53.885362112829164,67.80650855476559,Cloud,Finance,6.097184035400032,120000
6.068269321190084,0,Tier 1,UK,Top 100,0,59.5553633442682,78.44673583133144,Data Science,Consulting,5.5072166381016325,120000
7.18020534558688,2,Tier 2,UK,300+,0,72.89306021198698,50.21208272396238,Cybersecurity,Healthcare,4.158203587196198,96404.68060568652
7.503488506743114,3,Tier 1,Germany,Top 100,1,87.76975707289422,52.15079816388908,Cloud,Manufacturing,4.765327301473296,106777.73387840344
6.760744731815956,0,Tier 3,USA,100-300,0,63.3976148715378,51.49369590546405,AI/ML,Consulting,5.570378958619879,94896.33838439349
7.050585717210481,1,Tier 3,UK,300+,1,83.57046736090831,62.765919528143904,Data Science,Consulting,3.9921784589027007,78364.49020683441
6.0731173890724115,1,Tier 2,Germany,Top 100,1,66.07156453261528,51.625217422311,AI/ML,Consulting,3.061862986315782,98812.73655667318
7.718124617319795,0,Tier 1,India,100-300,0,56.5074716721755,77.00415943276771,AI/ML,Manufacturing,4.4142790210062355,67155.96038853072
8.004957951530946,0,Tier 3,USA,100-300,1,76.0334061855776,72.299861846294,Core CS,Healthcare,4.258051455976125,99892.7384962946
7.950170707310765,2,Tier 2,India,100-300,0,80.8261173261333,75.73679078100736,Cloud,Finance,7.285027376000639,58896.73740877012
7.397307691983916,0,Tier 1,Germany,100-300,1,53.79409545634533,62.22566290523905,Cybersecurity,Finance,6.62674261130704,109859.60562690315
6.976248967771217,0,Tier 2,Canada,300+,1,75.96036750971498,63.534768069270946,Cybersecurity,Tech,4.482327579701137,90894.56376968134
7.389774555704342,2,Tier 1,USA,100-300,4,66.7065788549059,40.43387784152476,Cloud,Finance,4.656605859026773,120000
7.61384589008199,0,Tier 2,UK,100-300,1,82.02363810892116,42.35480631434917,Core CS,Consulting,5.776210214705138,101111.92262852802
7.115402817825632,1,Tier 2,Germany,Top 100,2,69.78618317714226,47.02694887696114,Data Science,Finance,5.773831327626706,100200.42849189612
7.264627045230589,1,Tier 1,Canada,Top 100,1,67.95325468223764,48.20549268470553,Core CS,Finance,8.622910755272823,114213.39292045524
7.067892366688883,1,Tier 2,USA,300+,0,46.93761353042981,67.96283987512007,Core CS,Other,6.67411376055779,91050.22283604964
7.548495499374786,0,Tier 2,Canada,100-300,1,74.46886229375686,37.62302395073161,Core CS,Consulting,5.52642253993562,94180.00525602348
7.250292521192729,0,Tier 1,Canada,Top 100,1,76.54376667277415,65.43616977290215,Cybersecurity,Healthcare,3.5042432967963317,118145.92482331936
7.05259012803783,0,Tier 3,Canada,100-300,3,70.19937570475237,43.66009637293816,Core CS,Other,3.4200607242414405,76513.51077338247
6.7853049606900955,0,Tier 2,USA,Top 100,3,75.40571495709858,64.95399962587865,Data Science,Other,5.011445848095892,118910.23166439908
7.065033140033985,2,Tier 3,India,300+,0,63.85150967239687,55.186699475007345,Data Science,Consulting,7.7574440103028355,37040.19885465543
7.38767310307142,1,Tier 2,USA,300+,1,38.81960263522478,68.64409901630461,Cybersecurity,Finance,7.160807265394906,113095.48683608291
7.213980311118449,1,Tier 3,USA,100-300,1,64.47656823316821,67.13869490537026,Data Science,Consulting,5.8159596547686165,105959.72162059776
8.074177489080949,0,Tier 1,USA,300+,3,74.12895916386825,76.60389836897573,AI/ML,Finance,3.775877999684263,120000
7.21213113819727,2,Tier 3,USA,Top 100,2,53.74951263949865,48.85805509557912,Cloud,Other,4.498595471760512,94585.1450326975
5.907041329864866,2,Tier 1,USA,Top 100,3,80.50669762580917,81.37401366944572,Data Science,Tech,6.439373861266506,120000
6.134869295408571,1,Tier 2,Germany,300+,1,67.54316117287398,77.23199051978663,AI/ML,Tech,6.815696395423076,97325.88055653407
7.268677811776056,0,Tier 2,Germany,300+,1,72.94301718716432,56.857050339989755,Core CS,Finance,4.480134809610816,85787.80027819437
7.413117334229263,1,Tier 2,India,Top 100,1,76.87387719331434,90.3579194284991,Cybersecurity,Consulting,4.448140607048634,50211.409063270185
6.003959021196804,0,Tier 3,Germany,100-300,1,58.56608971233077,47.77139794691032,AI/ML,Other,4.130900360443202,78528.43608335838
6.515132934224273,3,Tier 2,UK,Top 100,2,52.686010035614615,71.28873725323535,Core CS,Finance,5.438535956178689,90401.58485292202
6.610658941694723,0,Tier 2,Germany,100-300,2,92.18213944945482,61.636133361361175,Cybersecurity,Manufacturing,4.4331044122602785,84772.43855521888
7.754878221018357,0,Tier 1,USA,100-300,0,63.543226766003265,100,AI/ML,Finance,6.8313577813759805,120000
6.984702256117034,1,Tier 1,UK,100-300,1,60.87152458182982,84.39362764265638,Cloud,Healthcare,3.82984036203504,109664.16105869044
5.920280263823887,1,Tier 1,Canada,100-300,1,89.50916146566098,37.6608852066871,Cloud,Other,4.412063341947043,105901.37554546668
8.13614795102556,0,Tier 2,India,100-300,2,74.02056062478194,40.76002789050795,Core CS,Consulting,5.3858890146002985,50060.447046218986
7.473691120227935,0,Tier 2,Canada,300+,1,35.392698807653026,71.83383984373624,Cloud,Consulting,4.772072162674605,80953.69490935383
7.575679598099914,2,Tier 2,India,100-300,0,68.08207252072984,56.546127886986774,Core CS,Manufacturing,4.2028418012194955,52178.79617247113
6.9438211035403,0,Tier 2,USA,Top 100,1,79.15631273975401,62.9970056776763,AI/ML,Healthcare,6.292514011011595,120000
6.770312396110126,1,Tier 1,India,Top 100,1,69.81752722332739,61.63179649046699,Cloud,Other,4.136891491946798,62688.66771399143
6.40680140006982,0,Tier 1,UK,100-300,5,53.06736464469255,43.26195161787322,AI/ML,Finance,4.966162982236298,120000
6.724994784391912,0,Tier 3,Germany,100-300,1,98.5336406017501,63.98075598913826,Cybersecurity,Other,6.268732740071143,62004.87384718178
7.097168851359637,0,Tier 2,UK,100-300,3,66.30828910370684,52.97857514212155,Cloud,Tech,7.497198106548856,110973.07220123014
7.535268168214019,2,Tier 2,UK,Top 100,1,52.14138054484704,51.4651477971769,AI/ML,Tech,6.712772693096214,120000
8.495253202942608,0,Tier 1,Germany,100-300,3,68.22809885791179,77.88479873079156,Cybersecurity,Healthcare,6.66447425777843,107253.9424555113
5.667899762956765,1,Tier 2,India,300+,1,76.48294301581441,91.67824373164648,Core CS,Consulting,2.8927643609613645,42205.503763725515
6.879625486804014,1,Tier 1,USA,300+,0,83.98823251728486,69.99457224148277,Cybersecurity,Healthcare,5.995594932784571,116217.90033151089
6.469468327899054,0,Tier 2,Canada,300+,1,55.060272995208834,55.14729066372311,Core CS,Healthcare,4.925825092561019,84472.60106165704
7.166288400853665,1,Tier 3,Germany,300+,2,32.54644017899871,55.2109159027389,AI/ML,Tech,6.800985370578362,88239.64457380994
7.106078137620881,1,Tier 2,USA,Top 100,1,70.67378518728,68.50139676290068,Core CS,Healthcare,5.388701637976153,102530.49182650924
6.659345601306759,0,Tier 2,Canada,100-300,2,89.8432701444687,75.69119202532788,Data Science,Tech,4.482187865554922,115264.5449322984
7.222385952175138,0,Tier 3,Germany,300+,1,88.44237771472389,88.60160449521763,AI/ML,Tech,5.467652519910477,82977.94796293993
7.035641732456921,2,Tier 3,USA,100-300,1,100,56.72653457058257,Cybersecurity,Other,5.485570033794228,87913.71216239448
5.907108735253052,1,Tier 3,Germany,300+,2,71.51765556895046,56.4979804246239,Cybersecurity,Manufacturing,4.730425051313073,60725.008741229576
7.846368571071034,0,Tier 3,UK,Top 100,1,53.252445375029694,78.4594868402818,Cloud,Manufacturing,4.3627571523611985,88455.25850711748
7.370641208187385,0,Tier 3,UK,300+,1,83.78080414557888,67.44698834304637,Core CS,Other,7.8822988006056685,75957.42584969428
6.733561903219582,0,Tier 2,USA,300+,1,85.40123862069515,93.07780996370622,Cloud,Tech,3.441492774428871,113679.0805261855
6.779283422847861,0,Tier 3,UK,Top 100,1,87.30982827849886,50.27835801968577,AI/ML,Manufacturing,3.930595608258241,89189.611572305
6.020478234362183,1,Tier 3,USA,300+,2,86.38195732994619,75.39899396590295,Cybersecurity,Healthcare,1.223863928314153,82234.8656290854
7.453232789665325,0,Tier 3,UK,100-300,2,69.97158153905315,48.86025857623383,Cybersecurity,Other,3.386140159763137,81749.3567110412
7.784919772456282,1,Tier 2,India,Top 100,1,69.66629639980447,45.582327944995896,Cybersecurity,Tech,4.806250584516187,59091.75573776026
6.690456442720042,0,Tier 3,Canada,300+,0,73.99619223492924,60.531396195455066,Data Science,Tech,4.127145064101926,87750.4257653992
8.390387988098816,0,Tier 3,Canada,100-300,2,79.49642142345643,77.72124045852695,Cloud,Other,4.746452772321392,81890.04007403547
7.271006529824293,2,Tier 1,Canada,100-300,3,56.59135831420718,70.67175666582136,Cloud,Healthcare,9.282596355061084,107969.79056859243
6.945371033788567,2,Tier 2,Canada,Top 100,2,97.5477206482459,80.34559860717359,Data Science,Finance,4.9098330470761375,99912.32424884496
6.789261091904397,2,Tier 1,India,Top 100,2,62.3884658639816,73.33055817548653,Core CS,Manufacturing,6.85934450054962,47320.493848186845
6.758184486333979,1,Tier 2,USA,Top 100,0,100,75.5927291633424,Cybersecurity,Healthcare,4.6588351167869115,115282.17603098373
6.251335016167547,0,Tier 3,Germany,Top 100,1,71.04050613455838,45.13854411735621,AI/ML,Other,3.64273418019792,79672.79039837774
6.906742922837337,0,Tier 2,UK,100-300,4,67.72175558694579,96.5203689016268,Cloud,Healthcare,6.954264087484144,90923.14346437718
7.1713351529053995,2,Tier 3,Germany,300+,5,65.36483100552925,54.0675000193335,Cloud,Consulting,6.1287112822759635,64236.91809460703
6.660933169434814,0,Tier 3,UK,100-300,2,77.27560431032622,55.114776065240406,Data Science,Consulting,7.167000333053811,89083.4427796092
7.587285068645799,0,Tier 2,Germany,300+,1,78.55393748312972,43.633217699412896,AI/ML,Other,8.466987455699725,96163.75141365742
7.547588906842397,3,Tier 1,USA,Top 100,2,61.46750513830127,79.95579579831804,Cybersecurity,Other,5.326119034988699,120000
6.296285059559008,0,Tier 3,India,100-300,2,95.09584359977582,78.43011738922785,Core CS,Consulting,5.673200807665942,25595.368326448657
6.821579454986878,1,Tier 1,India,100-300,2,49.04064656007246,77.54753294386272,Cybersecurity,Finance,4.17820796082278,57960.50941990552
6.87771600654862,0,Tier 1,UK,300+,2,61.03129221973681,70.15058986249498,Data Science,Healthcare,6.65634740779756,116674.41385453324
7.346849968153504,0,Tier 2,Germany,100-300,2,70.87157640252782,59.34035219041659,Cybersecurity,Other,4.3120357304717976,80456.3879769778
8.41038372202992,0,Tier 2,India,300+,0,47.10038981606763,80.50411739644841,Data Science,Other,6.936751022384649,55378.50881955808
6.593826584680229,3,Tier 1,Canada,100-300,0,82.3463732420504,62.397756361004454,Cybersecurity,Manufacturing,2.7075012533557463,104146.70259065444
7.660738866424523,0,Tier 3,UK,100-300,1,69.53268891513912,67.27884274866558,Cloud,Healthcare,9.368715409062943,84639.8262899749
8.346651660742024,0,Tier 1,Canada,100-300,5,59.97997401255101,78.33672613419694,Cloud,Consulting,6.064444513512746,113054.55306724184
7.3142146904409,2,Tier 3,Canada,300+,4,84.06409187469123,40.20403803369931,Cloud,Finance,3.081431024926501,78858.38543695908
6.129801059717066,0,Tier 2,Canada,300+,1,67.91708662208494,66.32621858264865,Cybersecurity,Healthcare,6.069248794612196,74310.47409146199
6.900886109411839,0,Tier 3,UK,300+,1,62.29714200871682,72.19756002727989,AI/ML,Consulting,7.326317426936861,90254.91269878949
6.105181212630694,0,Tier 3,Germany,300+,3,67.37181394948192,61.55321619458741,Core CS,Healthcare,5.541212131310165,53222.09925008993
6.75989697053744,2,Tier 3,USA,Top 100,1,84.35722534540457,84.9342808457609,Cybersecurity,Finance,5.054790802942108,96841.99647481414
6.196529738964875,1,Tier 2,Canada,100-300,3,83.15728578274474,71.28933971117883,Cybersecurity,Finance,5.628605067906401,85240.07422641273
7.1014597481079695,1,Tier 1,Canada,Top 100,1,76.6944250471629,66.78122967237002,Core CS,Other,2.307607864888037,108096.93896381356
6.7069266582897935,1,Tier 1,Germany,100-300,3,87.45131882034929,44.806790204349355,Data Science,Finance,6.948034138161816,116532.0393450572
6.210672777820712,0,Tier 2,Canada,100-300,1,67.14949557886374,76.00794276313528,AI/ML,Finance,5.941473182028003,99868.2959297737
7.501501650823218,0,Tier 1,Germany,Top 100,4,88.83255744616177,67.10690670089929,Data Science,Finance,6.76749091558104,120000
6.20917679370728,0,Tier 2,Canada,100-300,1,84.18648106973644,89.34102345523098,Cybersecurity,Finance,6.3193024219548075,97040.94404595
8.792741244964635,0,Tier 3,Germany,300+,3,66.59398837414376,56.53224991978403,AI/ML,Tech,9.133577479607531,99629.31149701594
7.3811441333737,0,Tier 3,Germany,100-300,2,54.6756879221126,90.8639087198797,Core CS,Consulting,4.906170584594081,73936.2844420144
8.132163621361459,0,Tier 3,USA,100-300,2,56.90745404830467,76.23792412131509,Cybersecurity,Consulting,3.2191114659280107,92565.50806321914
8.473452487509286,0,Tier 3,USA,300+,2,45.34438642426309,56.978892538852214,Cloud,Manufacturing,4.278047480998011,94630.72271980176
6.883720462148892,1,Tier 3,Germany,100-300,1,65.39406087891527,82.4897383821926,Core CS,Other,4.540909513825513,65444.22698666421
7.277917989147809,0,Tier 3,USA,Top 100,4,72.81675294167596,50.41565686141123,Core CS,Manufacturing,3.098662875418429,94910.54329185133
6.882245799385591,1,Tier 1,Germany,300+,3,100,44.57408490720628,Core CS,Finance,4.333488074738672,100896.95589230325
6.840749956992104,1,Tier 1,Germany,100-300,1,56.17750043537799,48.62478304679807,Core CS,Other,5.795339712118926,101681.78047546063
7.147861626897323,2,Tier 2,USA,100-300,2,45.849165551377425,65.36705089239061,Cybersecurity,Manufacturing,2.9044482028756717,106484.52936437391
7.266208382909609,2,Tier 1,USA,300+,1,82.27418702810122,70.93206996191829,Cybersecurity,Healthcare,5.005003909320848,120000
7.190114125039967,2,Tier 2,Germany,100-300,0,80.22346310218045,34.173202844748104,Cybersecurity,Consulting,4.978280992102239,85948.36974848271
6.0314058986966685,2,Tier 3,India,100-300,2,75.46711052949549,45.47051762049703,Cloud,Consulting,6.822443813651049,34712.10652948385
6.774207526461417,0,Tier 1,UK,300+,3,87.15851431354747,52.50262144632395,Data Science,Other,4.972224075256519,120000
7.840619432377691,3,Tier 1,Germany,100-300,3,76.94576095247332,50.13285955515449,Cloud,Healthcare,5.7993748902837154,113160.21133703328
7.76240759857124,0,Tier 3,USA,300+,0,76.50750792610248,56.137380916218326,Data Science,Other,4.289825351906459,103037.67187857324
6.76009802040271,0,Tier 1,Canada,100-300,0,57.161241121139035,66.30195535179999,AI/ML,Healthcare,3.0970403813385445,117787.08172949194
7.2054266058597785,1,Tier 1,India,300+,5,56.98513525631103,71.01324398043108,AI/ML,Tech,6.013664672055528,69964.6714401575
6.817221964952368,1,Tier 3,USA,300+,2,78.45742810912365,90.64877367390424,Core CS,Manufacturing,7.844968394889127,82435.5370460741
5.763954874074852,3,Tier 2,Canada,Top 100,3,73.04506809235932,62.75544752994512,Core CS,Other,4.272708310051991,79851.64596065611
7.237258141355446,1,Tier 2,India,Top 100,1,64.29261373161025,72.45942700816883,Cybersecurity,Consulting,5.963013691685293,45358.3782940744
8.194362098203062,0,Tier 2,India,100-300,2,91.4852525675767,66.312340441977085,Data Science,Manufacturing,2.9256403170791416,63319.90218533193
6.687180266507539,0,Tier 2,USA,300+,3,48.98201454491584,91.64289107932566,Cloud,Finance,6.715583968837506,105442.31083053668
8.183585409488698,0,Tier 2,Canada,300+,1,81.80615734372185,69.07951661459398,Data Science,Manufacturing,6.96884884775473,107034.33709056252
7.653973701358698,0,Tier 3,Germany,Top 100,2,50.37609052456354,31.788185006978495,Core CS,Finance,9.281390826711698,70230.53651166987
6.269233136294222,0,Tier 3,UK,100-300,0,65.32235145166358,65.37627475171982,Core CS,Other,3.691350317135374,66830.16239976964
7.245631389801457,0,Tier 2,India,100-300,1,64.78986578055805,63.35326508768275,AI/ML,Finance,2.957544118344559,61919.16533392263
7.50046767494,2,Tier 3,India,300+,0,57.91851578253794,92.62337758943748,AI/ML,Finance,4.388233897292176,47850.648574012506
6.821382729253353,0,Tier 2,USA,300+,3,65.07819593016715,53.16741482700633,AI/ML,Other,5.773528775181358,119854.62725403062
6.754203019470615,1,Tier 3,India,300+,4,78.54141278736462,78.08585472790199,AI/ML,Manufacturing,7.801166497653676,35138.39465911294
8.09527566621028,0,Tier 2,Canada,Top 100,3,63.76013518145601,65.86591045860222,Cloud,Healthcare,4.75972625319461,98841.35371069744
6.81971881196464,1,Tier 3,Germany,300+,0,60.65789808348889,62.95052942519254,Cloud,Manufacturing,5.3820135437918575,67173.8569681688
8.333330607382019,0,Tier 2,Germany,100-300,3,61.74110560730395,51.694162219903994,Cybersecurity,Consulting,4.352430869862251,91557.99182272304
6.5086851750022525,2,Tier 2,USA,100-300,2,75.7822651032142,62.20621335745026,Cloud,Finance,5.083667112106431,106097.21402605835
8.219613744892722,0,Tier 2,India,100-300,0,57.869697358377834,44.44689046336924,Cybersecurity,Consulting,6.5748921760717,53170.22384088039
6.644042887283797,0,Tier 1,UK,300+,3,80.91665950826305,57.98999854403907,Core CS,Finance,5.7264811340622375,105134.12357369254
8.280859444931515,2,Tier 1,Germany,300+,2,80.40941828336095,53.89198420120343,Cybersecurity,Healthcare,5.781847482912951,103312.8190365184
7.71347246367585,2,Tier 2,USA,Top 100,4,77.84589890871223,68.497441860301,Cloud,Consulting,5.28740807371304,106493.78912657568
6.876280234751333,1,Tier 2,UK,300+,1,61.42958064477544,74.64196714885259,Core CS,Healthcare,7.87653993139431,88820.70901337966
7.08130404282674,0,Tier 2,India,300+,4,73.03418031072148,62.76821973443516,Cybersecurity,Healthcare,6.3391340391185285,39263.0780548419
7.933774186643499,1,Tier 1,India,Top 100,1,70.80929880563325,92.84101606489791,Cybersecurity,Healthcare,5.810243142510903,60775.01983503535
8.270757740992089,0,Tier 1,Germany,300+,2,63.42661869111836,75.43604352121986,Cybersecurity,Healthcare,7.6164583974393745,104720.23529755903
6.452010256685002,2,Tier 1,Germany,100-300,1,66.65592174612402,61.43022522931765,AI/ML,Healthcare,3.6971080500025377,111474.00229010884
7.640945411190546,1,Tier 2,India,Top 100,1,53.920078926926735,53.38065261048888,Core CS,Finance,6.431621923916659,46465.89541631876
7.61232172481068,0,Tier 1,USA,Top 100,0,91.89484232539117,63.54300757936715,Cybersecurity,Tech,3.209451869014486,120000
7.8587301619283565,1,Tier 1,UK,300+,4,72.57476392083856,34.815750306706576,Cloud,Manufacturing,5.356563147886008,111107.66000594862
6.875662053977792,0,Tier 2,Canada,300+,1,58.51427012824148,53.8640164319998,Core CS,Manufacturing,4.3289009515500005,76769.76777178202
6.075433940066468,1,Tier 2,UK,300+,1,72.81118162317944,60.52763158125698,AI/ML,Manufacturing,7.452963699108127,103797.02267343298
6.837915381665541,3,Tier 3,India,100-300,1,66.86807482490815,79.40527701453338,Data Science,Other,4.704018491646376,44487.68750972904
7.784003388907115,0,Tier 3,Germany,Top 100,2,61.41194635613738,44.24104660813666,Cybersecurity,Finance,6.338259385623242,83331.7938953367
7.244120668699978,2,Tier 3,Germany,100-300,1,69.88547671204532,57.16292907472067,Core CS,Finance,7.33656119272641,78646.40207172094
7.918472693117947,1,Tier 2,India,300+,2,59.34958481543468,60.087301829744746,AI/ML,Tech,4.941853454298901,61484.91390740857
7.273403136570831,0,Tier 2,UK,100-300,2,68.242842254272,72.46684158050464,Core CS,Manufacturing,7.666174837154373,93543.12165861594
7.119047009343673,1,Tier 2,USA,300+,1,61.75869232951292,75.22473837255797,Cybersecurity,Consulting,6.6883936248424,104902.60510428697
6.828858826919068,0,Tier 2,Germany,Top 100,2,67.36973550225103,68.52348526663084,Cloud,Manufacturing,5.890298646645208,93534.17874391424
6.4122054292218325,1,Tier 3,India,300+,1,100,72.21923018645427,Cybersecurity,Consulting,6.335856063398602,32662.28671547011
6.844406812108179,0,Tier 3,Germany,300+,2,99.23352967286988,64.1967705460664,Data Science,Finance,3.289271195677407,79838.26742935955
7.532702258965112,1,Tier 1,UK,100-300,3,86.13322566029024,47.22624360320826,Cybersecurity,Tech,1.9072103940143248,119139.74468525924
7.150904865254384,3,Tier 3,Canada,300+,1,78.72545574867092,87.88644217339592,Core CS,Manufacturing,6.791887375429886,67906.03617673079
8.286453797738183,0,Tier 1,USA,Top 100,0,65.93397594040755,67.74729164708076,Core CS,Consulting,6.710236640789922,120000
7.857344299112472,2,Tier 2,Canada,300+,1,60.44381093732296,69.77765147146802,Cloud,Other,7.925478876385322,89473.20215144823
7.236179806676194,1,Tier 2,UK,300+,0,56.7033890973418,67.94768299337325,Core CS,Healthcare,5.022535523033889,90265.90762392852
6.99038077686945,1,Tier 3,Canada,300+,3,79.88863701351895,70.28370528466958,Cloud,Healthcare,2.9944427696259335,70837.83453124425
6.8083553128503205,0,Tier 1,UK,100-300,0,70.53846954702385,65.14021252345839,AI/ML,Tech,4.230180472681997,120000
6.976518638307445,2,Tier 3,Canada,Top 100,1,58.02890490189222,47.385185306413945,Data Science,Consulting,8.086236475042304,87214.50782268918
8.077552995511196,1,Tier 2,Canada,300+,0,74.53339042243623,66.67405424549135,Data Science,Manufacturing,3.5546759389387073,112684.6852067218
7.619218219256842,0,Tier 2,India,100-300,2,54.14037907344865,46.01257333118403,Cloud,Finance,6.924698142701051,50047.03500459949
7.2365324411856,0,Tier 3,USA,100-300,2,55.6422360922466,49.38100949620448,Core CS,Healthcare,5.6080685586875045,89773.05248549185
8.02262475796759,0,Tier 2,Canada,Top 100,4,70.29217714959842,57.65076089929677,Cloud,Manufacturing,4.879642165313876,100971.38582359396
6.951320383997658,1,Tier 1,Canada,100-300,1,70.38695395714858,55.77916002756073,Data Science,Consulting,8.188845914541226,114267.59475495265
6.845327240256302,0,Tier 3,UK,100-300,1,88.46160813400043,55.2061091541658,AI/ML,Healthcare,3.3024935337250616,85088.2075750364
7.7174378656265885,0,Tier 2,India,300+,4,60.31491566072543,73.99339052757989,Core CS,Finance,3.5196252203219753,50961.12969605113
6.097092388496634,2,Tier 2,India,Top 100,0,69.82689211784778,44.19524151735974,Cloud,Other,7.571123011263654,47717.24735534867
6.943275709978105,1,Tier 1,India,300+,0,84.86942419975153,43.2039917815536,Data Science,Healthcare,3.6233449397617954,58595.86984091248
5.604373689115157,2,Tier 2,Canada,Top 100,3,68.0545139012458,62.78088060272425,Core CS,Finance,3.056323553364284,89976.19027332502
6.853167742386828,1,Tier 3,USA,Top 100,1,59.71129330452692,73.47054174871651,Data Science,Finance,4.537465580113982,102992.24473857356
7.92133246643798,3,Tier 1,USA,100-300,1,66.40951804360613,82.30129637078998,Cloud,Finance,5.6467481392301675,120000
6.918317552886849,4,Tier 2,India,Top 100,0,56.453699490673685,52.093725135062726,Cybersecurity,Consulting,3.497286637663426,50229.261869756505
7.03004246132845,1,Tier 2,USA,300+,1,86.73160077399508,86.9783205617809,AI/ML,Manufacturing,5.67932717373456,120000
7.32051331067187,1,Tier 1,Germany,Top 100,3,49.7096300366384,73.51448395874316,Data Science,Consulting,2.859144493352626,120000
6.369538996877063,0,Tier 2,USA,Top 100,0,58.77125495315212,72.11027011892399,Cloud,Other,4.393952714819839,104421.40764566908
7.458757994684319,2,Tier 1,Canada,Top 100,2,75.60851770382922,66.4045273735675,Cybersecurity,Finance,6.027956490447791,120000
8.193339087041446,0,Tier 1,Germany,Top 100,4,83.7922395136056,79.0227379700402,Cybersecurity,Tech,6.294849235649133,120000
7.579863498788665,2,Tier 1,Canada,100-300,1,84.58233491335676,66.0358968521901,Cybersecurity,Tech,5.0672504709845585,111257.62207418104
7.738382052112344,0,Tier 1,India,300+,0,64.43773398993906,89.14478001239023,Cloud,Healthcare,4.927389932051407,58593.073716129744
8.192110017679873,0,Tier 1,Germany,300+,0,90.96237983053878,54.17215098261555,AI/ML,Consulting,4.420622935303194,120000
8.234245419015746,0,Tier 2,India,100-300,1,83.73596841691254,76.74552964818216,Cloud,Consulting,4.242277443239655,51925.283594834385
6.7313712488162,1,Tier 2,UK,300+,3,75.64767106919885,86.81551669538236,AI/ML,Healthcare,4.488666696335997,97006.21423877309
6.9140971052719635,1,Tier 3,Germany,300+,4,84.62139137356841,80.55767660530726,AI/ML,Consulting,5.506344302459518,74250.93186669114
8.284542366465963,0,Tier 1,Germany,Top 100,5,65.93444145544424,60.53266981830109,Data Science,Finance,5.349158173569522,120000
6.886669894502205,1,Tier 2,India,100-300,3,100,90.2465508138236,AI/ML,Tech,7.447688796231406,52509.62003274165
7.24185832027862,2,Tier 3,UK,100-300,1,51.57011379977829,45.790624564158115,Cloud,Manufacturing,7.020350614349793,86057.33561524606
8.100477571443367,0,Tier 3,Germany,300+,1,77.24264094407248,87.54920666490949,Cybersecurity,Finance,3.740441127873584,68155.12894710488
6.67672375053408,0,Tier 1,Canada,100-300,2,74.86674983658867,55.726352956080234,Core CS,Consulting,4.875876702847536,108948.73976672342
8.628425165375676,0,Tier 3,UK,100-300,0,83.39512435230579,71.20488616408521,AI/ML,Tech,5.98259378459559,107020.41728952005
8.593675525997963,1,Tier 3,Germany,300+,3,57.523192570988215,70.43634482473001,AI/ML,Manufacturing,4.568108359412513,83005.31156515809
7.55779043711225,2,Tier 2,Germany,Top 100,3,76.13905764423174,89.92153143499888,Cybersecurity,Other,6.157538113688017,90437.7463889539
8.024990922818384,1,Tier 1,Germany,Top 100,1,82.16509303894534,55.387728899330014,Cloud,Finance,5.031307114300889,120000
7.973157909821664,1,Tier 1,UK,100-300,3,100,56.70883526129569,Cloud,Finance,3.594619921656146,115326.96534178732
7.1244092830108485,1,Tier 1,UK,100-300,2,70.30798000271805,77.3991502249458,Cloud,Healthcare,6.090169187878417,107931.69322557302
5.989708197017458,2,Tier 1,Germany,100-300,2,34.71669484973116,84.63579196345265,Data Science,Manufacturing,5.005212782833785,111817.69212819292
6.016378999026091,0,Tier 1,Canada,300+,0,73.09531263789488,62.652847053716634,Core CS,Consulting,4.892821841191671,93261.25729411992
7.085783430735322,3,Tier 2,India,100-300,1,86.46874678782775,72.36204005875474,Cloud,Consulting,5.743161199800351,54871.44158789904
6.727125654286714,0,Tier 2,Canada,300+,2,59.61369336847698,63.71888143983482,Core CS,Other,7.743498003667481,87310.75624392077
7.817570524048003,0,Tier 2,UK,Top 100,1,55.74566567812414,46.869921863235064,AI/ML,Finance,5.921169696643238,117310.02152020606
8.102514144398091,1,Tier 2,Germany,100-300,3,59.934308703923925,98.38700005058624,Core CS,Healthcare,6.624400378697624,93006.7706737388
6.207501421298193,3,Tier 3,India,300+,1,93.88913153548847,91.8205209687034,Core CS,Finance,4.428510555757861,35235.68617405675
6.725446745050631,2,Tier 2,Canada,100-300,2,83.2268617603217,47.86676334667906,Core CS,Tech,5.114591151471265,89135.83503959882
7.60718535636809,1,Tier 2,USA,100-300,1,99.00953920844344,69.8139716531721,Core CS,Healthcare,6.455112488258224,117926.2896119042
7.3584626728103135,1,Tier 1,UK,100-300,0,76.59645099049298,76.48612614717473,Core CS,Finance,5.876795310710833,109380.4721145182
8.225904306070097,1,Tier 2,Canada,300+,0,84.49271241862199,85.71062901569948,AI/ML,Manufacturing,5.656278244466577,111347.587789347
7.336429364723255,1,Tier 3,India,100-300,1,82.01876784681919,75.4862460227175,Cloud,Consulting,5.975486816177107,37010.12091994386
8.478487283284442,2,Tier 2,India,100-300,1,59.05619184665758,61.28603654513027,Data Science,Consulting,7.085186777085367,65898.36116392842
7.849733958070928,0,Tier 3,Canada,300+,1,82.07482725458686,62.538543229143606,AI/ML,Finance,6.077507894386358,91136.3423743458
7.011429769507191,0,Tier 2,Germany,100-300,1,40.89512326986069,72.15975074340912,AI/ML,Other,5.6656511446210445,99690.81456217168
7.72875552307158,1,Tier 1,USA,100-300,1,70.89729303927335,86.49584244503386,Data Science,Healthcare,3.4496352325815396,120000
8.290382536474443,2,Tier 3,Canada,300+,2,73.4758841726003,78.892352250807,Data Science,Consulting,5.437142013663438,84370.23710927508
6.933462582452305,1,Tier 2,UK,100-300,0,76.50572743043162,57.03912056392322,Cybersecurity,Healthcare,4.842253798472239,95437.0043832266
8.101868023622673,1,Tier 2,USA,Top 100,4,74.34032166420549,64.87311422958216,Cloud,Consulting,6.325127735476851,118007.07990592056
7.545307378934711,1,Tier 3,UK,100-300,3,74.94643533026903,71.54091027278531,Data Science,Finance,5.037481843643879,91964.93316582635
7.0112866850025,0,Tier 2,Canada,300+,1,78.91192942571847,54.77858467348827,Cloud,Manufacturing,4.008442441270758,84174.4751916457
7.484410920899332,1,Tier 2,Canada,300+,3,89.17129137735157,61.49079381691684,AI/ML,Healthcare,4.467334043750348,101127.74648837824
7.456756555683098,2,Tier 1,Canada,300+,2,100,78.50234816144723,Cloud,Other,6.290675433806864,108976.16549058686
7.456388868863753,0,Tier 2,USA,300+,0,74.44030265967466,68.87615100886813,AI/ML,Healthcare,6.151295557145066,120000
7.795531622566068,0,Tier 1,UK,Top 100,2,76.65297766435741,73.38748830020829,Core CS,Healthcare,3.039368799323715,113678.17584466288
8.61084343571896,0,Tier 2,India,100-300,0,66.20408581071818,78.17935658199039,AI/ML,Tech,3.781473720270708,65418.32763503289
5.781462028660922,1,Tier 2,USA,300+,3,61.345190517280145,94.72900068224982,AI/ML,Tech,6.735869517355467,120000
6.57487087908926,0,Tier 2,India,300+,2,69.78719180265686,62.40034182456131,Data Science,Manufacturing,6.8476304306218045,50233.254698762765
6.84553434079471,2,Tier 3,Germany,300+,4,74.68571209380532,30,Cybersecurity,Tech,4.28455901580767,78220.46230097457
7.840255641821084,3,Tier 1,Canada,100-300,1,61.091495567557416,80.94104518895347,Cloud,Tech,5.323640849182629,118962.10301979612
7.637072015799066,3,Tier 3,USA,100-300,1,76.12058455286787,71.95568834270284,AI/ML,Tech,4.209046735480929,118497.07115725562
7.199115175306606,0,Tier 3,Germany,300+,1,72.10740290389575,61.351819988416274,Cybersecurity,Tech,3.960463338944446,82406.51249225822
6.656770201525868,3,Tier 2,India,100-300,3,60.29545356077561,59.746257109548225,Core CS,Other,4.1878703558775285,46009.71525116358
7.333498450072033,0,Tier 2,USA,Top 100,2,72.35313313190747,58.53439898488568,Data Science,Consulting,4.079827295119319,120000
7.526905562232408,1,Tier 2,Germany,100-300,3,88.79546092312286,43.18406934202178,Cloud,Manufacturing,5.053156979590154,81004.09316348168
7.185755603713862,0,Tier 3,Canada,100-300,2,74.59855343647989,85.3549806392201,Cloud,Tech,4.769123445201048,86597.47091714082
7.4604495406642926,1,Tier 1,Canada,100-300,3,56.35589916029975,65.11881294610916,Data Science,Consulting,6.0154024301275015,120000
7.45901368792152,0,Tier 3,Canada,100-300,0,71.42851984581118,69.0850962275916,AI/ML,Tech,7.66556944727536,96985.62859135206
8.118275445625198,1,Tier 3,India,100-300,4,63.561326307677966,73.4209340178914,Cybersecurity,Healthcare,5.8497829239453765,46012.769665906104
7.952938435952077,0,Tier 2,India,300+,0,62.334927129225754,51.39843363568245,AI/ML,Tech,5.153472374767371,67651.26017001389
6.5668215947942645,0,Tier 2,Canada,Top 100,2,78.30260792510167,69.57198952116866,Core CS,Manufacturing,3.507545558306616,78374.05154050769
7.536814243934216,0,Tier 2,UK,300+,1,64.91904229207837,81.44764454649837,Core CS,Other,5.35303405350472,92052.97217227104
7.854398222447178,1,Tier 1,USA,100-300,3,51.0942214663378,80.4034934200582,AI/ML,Finance,3.642188421962195,120000
7.751175574963834,1,Tier 2,India,100-300,1,64.8988490577864,52.28688071428475,AI/ML,Tech,5.083775487680999,63307.231876773854
6.948897733734922,1,Tier 1,USA,300+,3,78.8691733233902,73.38558838465063,AI/ML,Healthcare,7.797421155041458,120000
5.996781878057186,3,Tier 2,India,300+,4,71.67893528342633,81.55885956944437,Core CS,Other,5.099319711241258,39978.217432366335
6.200850899003527,1,Tier 3,Germany,300+,2,52.29948818757889,72.96701966895219,Data Science,Finance,5.4363970446838525,75719.96377575221
7.2737804635394765,2,Tier 3,India,100-300,2,100,58.06554477962875,Core CS,Healthcare,5.81152885884897,45936.38548788608
7.035655688711417,1,Tier 2,Germany,100-300,1,73.09529175331346,74.2636932076633,Data Science,Healthcare,1.582689971282439,88315.09251368076
7.504979485577427,1,Tier 2,USA,100-300,2,84.87809921885253,36.7555259553432,Core CS,Manufacturing,5.835240053124764,109292.48602465593
7.883997761443531,1,Tier 3,USA,300+,2,62.201684313033105,74.43964534379847,Core CS,Other,7.33911987061717,91880.18156216702
8.006090490061322,1,Tier 1,USA,100-300,2,56.33235341247135,52.82232221662867,Data Science,Finance,6.533093950259869,120000
7.267172119740953,1,Tier 2,Germany,100-300,1,90.22614674475396,64.31362828418945,Cybersecurity,Manufacturing,4.214816685360722,93206.06247199442
6.863056504162881,1,Tier 2,Germany,Top 100,1,80.12695819272052,75.14902683731337,Cloud,Consulting,4.646547165161698,83880.13575488528
5.632618880637923,2,Tier 2,USA,Top 100,2,74.09909909966655,86.16623066382685,Cloud,Finance,3.2253174831142424,110596.49540904816
6.928637361846666,0,Tier 2,Germany,100-300,2,60.467629722469695,51.87458359260427,AI/ML,Consulting,6.713932967879213,96048.08947061504
8.288234384386296,0,Tier 2,USA,100-300,3,69.56735770794462,56.950521099659376,Core CS,Other,3.026615406034165,112290.53551821076
5.553363737200389,2,Tier 2,Canada,300+,1,100,60.34350464395431,Data Science,Healthcare,3.680585704161446,87842.77355454423
7.4944547951440335,1,Tier 2,India,100-300,0,67.69616614651659,57.493943856699566,Cloud,Manufacturing,3.5943232125911515,50729.20110345005
7.277221614650401,2,Tier 2,India,100-300,2,80.4323768916553,62.19108186463209,Data Science,Healthcare,4.995415292758978,55026.148830017606
6.193253583575084,1,Tier 3,Germany,Top 100,1,80.99249285771246,33.997737715820264,AI/ML,Consulting,5.345197196003648,73992.06650852176
8.229917384547432,0,Tier 3,India,100-300,2,62.70561920160234,94.29929617595369,Cloud,Healthcare,7.796960724905875,48933.95083430862
8.131288312485426,0,Tier 1,UK,100-300,1,52.068345884025334,61.809079616561405,AI/ML,Tech,5.324571050379618,120000
6.633421576594799,0,Tier 2,Canada,Top 100,2,56.95891705721522,64.545285580775,Core CS,Tech,5.182680859654757,92372.55432666144
8.33135364382712,0,Tier 2,Canada,300+,2,76.14424726245639,74.91606437111713,AI/ML,Healthcare,3.2801213071615902,100597.49329782484
6.619149953777707,3,Tier 2,UK,100-300,4,82.31398934079249,57.10427078144874,Cybersecurity,Healthcare,2.519602860445779,87333.29253503233
6.607510212778678,0,Tier 3,UK,300+,2,65.47259021229922,85.01207822772705,Cloud,Finance,6.692673110554166,85211.0264160899
6.773792537896505,0,Tier 2,USA,300+,2,71.05903936206049,68.31172719948061,Cloud,Other,6.894066433593536,101619.1619800106
7.842037848587799,0,Tier 1,Canada,300+,5,79.65338144424204,63.69498363590289,Data Science,Manufacturing,4.120187183233195,120000
7.70926359420612,1,Tier 1,India,Top 100,3,88.40935261288837,80.60874226818768,Cybersecurity,Consulting,4.756960325612194,57507.08603313632
6.260585277923942,0,Tier 2,Canada,100-300,0,85.44240276606251,53.621846136234254,Core CS,Manufacturing,4.543226722369184,78173.5385339441
7.970543350713272,0,Tier 1,Canada,300+,1,75.76958494115814,59.42772387715685,AI/ML,Other,4.23265452201224,116287.75296020508
7.426313376181632,1,Tier 2,USA,300+,2,73.21920416915047,46.248717507402176,Cloud,Other,5.453005999947781,101804.24424534947
7.961799202688937,0,Tier 2,Germany,300+,3,50.556451724612245,85.61510414409175,Core CS,Consulting,3.772027436176646,87351.42887312066
7.965228578763442,1,Tier 3,Germany,300+,1,48.92256618979662,87.37956881313761,AI/ML,Other,4.4884469820575426,79520.85053887333
6.2798718177010695,2,Tier 3,Germany,100-300,1,71.91704723659609,50.466996136738466,Cybersecurity,Consulting,6.656645149241945,64745.99944269788
6.669241037222564,0,Tier 1,USA,300+,4,66.13803892300979,78.42762437248155,Cloud,Consulting,4.065177738289253,120000
6.8491241366820095,1,Tier 2,USA,Top 100,2,74.90186814717366,62.378528652055664,Data Science,Manufacturing,4.172590727438404,120000
7.751165742587881,3,Tier 3,UK,300+,1,70.75164437767538,67.08520874622504,Core CS,Finance,5.350569461050417,74541.91437461127
5.776180735912531,2,Tier 3,UK,Top 100,1,59.1737689799171,69.00057015134318,Core CS,Finance,5.437160205579871,70868.03647272891
7.015636675838546,3,Tier 1,Germany,Top 100,1,50.94997364308843,43.122069017944526,Cybersecurity,Healthcare,5.854898716305575,98088.37507248606
7.055124906496777,0,Tier 1,USA,Top 100,1,78.54899152677032,79.32005628654541,AI/ML,Finance,6.350673951470827,120000
7.94160050943227,1,Tier 1,India,100-300,0,87.59671747387468,69.08481154609544,Cloud,Other,5.697631089946828,60246.880172825906
6.9476718131236845,2,Tier 2,UK,100-300,2,74.46239869688203,64.23607428534133,AI/ML,Consulting,4.091265357413767,102944.16172786568
6.989197404325618,0,Tier 1,Germany,100-300,1,65.7114206979127,40.67848427687386,Core CS,Other,4.709979246781222,94201.54064132602
7.306764011883373,1,Tier 3,Germany,Top 100,1,37.196432237406235,73.29606786792624,Cloud,Finance,4.888731818623315,74752.9635876971
8.06383549216406,0,Tier 2,Canada,100-300,1,50.95808882031855,79.9997069169033,Data Science,Other,6.771355745763732,106339.33600629824
6.354784134034751,0,Tier 2,Canada,100-300,3,63.87068442837372,76.01855043940569,AI/ML,Other,7.246769300155374,101233.55826748436
8.341760407972878,0,Tier 1,India,300+,2,68.36764711312237,71.35904027877916,AI/ML,Healthcare,8.299593055780923,68470.15476745318
6.651889001630373,1,Tier 2,India,100-300,0,65.00794393480754,47.89004080292278,Cloud,Manufacturing,6.885006928649754,40307.28389937259
5.9480970684764705,4,Tier 2,USA,300+,1,54.88293121360303,77.5890841972956,Data Science,Other,5.062461032555126,112974.55725636196
6.619686206228367,1,Tier 2,Germany,100-300,2,100,85.48731056673662,Cloud,Tech,5.738687507852919,87478.81718060828
6.331303795505355,1,Tier 3,UK,100-300,1,52.33842032763892,76.25453584492816,Cybersecurity,Tech,5.382857197739386,77146.91102485647
6.1233033513610255,1,Tier 3,Canada,100-300,4,77.90570661878961,76.52669465653356,AI/ML,Healthcare,7.489348080606143,68305.09583574775
9.214698884500756,0,Tier 1,Germany,100-300,2,59.540290981118176,81.66923752472745,Data Science,Consulting,5.135792407578735,120000
8.194967807204428,0,Tier 3,Canada,300+,3,80.49358339357347,64.42039363902015,AI/ML,Tech,5.013162107380552,88135.65076755031
7.538778236926585,0,Tier 2,India,300+,3,67.27516332199768,62.79078357503593,AI/ML,Finance,5.16460696383105,54020.68121883312
6.802465338008436,1,Tier 1,UK,300+,4,63.10124154991364,60.08742164257413,Core CS,Consulting,4.929455245491404,103015.48683917437
8.429791971683734,0,Tier 3,India,Top 100,2,88.64332350545871,58.33200338330876,Core CS,Manufacturing,5.4810972466548895,44348.62590793584
8.196457389185941,1,Tier 2,Germany,300+,2,64.40988972779803,66.944653729024,Core CS,Tech,7.085613324844491,98480.35533171418
8.022747966372572,1,Tier 3,Germany,300+,0,54.26149606039672,48.557874235052864,AI/ML,Other,6.591100596402538,83131.06799559502
7.826551891490518,1,Tier 3,USA,Top 100,1,47.98552747092549,62.53280466376359,Cybersecurity,Other,4.1748894385332225,102744.72287266598
6.478845960109055,2,Tier 2,Germany,300+,1,76.57911015164662,65.63778941434343,AI/ML,Other,6.5216274737492865,86241.93888924045
5.506639530556846,2,Tier 2,Canada,Top 100,2,63.2531906121627,66.88432059033674,AI/ML,Tech,4.448056828212316,102857.95489112286
7.318110001421023,0,Tier 2,India,100-300,2,87.81868329364887,43.25636072828061,Core CS,Tech,4.82198751843921,58126.633105281944
6.62981068160293,0,Tier 1,USA,300+,4,61.73385308557913,66.70116860256046,AI/ML,Manufacturing,4.671446449190317,120000
6.754361327259919,0,Tier 3,Germany,100-300,1,94.70501762062337,74.66719677814477,Cloud,Manufacturing,3.170226275741545,68200.12826720999
7.914852835942891,0,Tier 3,Germany,Top 100,2,55.07250743112829,66.9556283004907,Core CS,Healthcare,6.436446727431475,76560.56129532299
7.085195184232074,2,Tier 2,UK,100-300,0,55.69307979180913,62.52388126626722,Cybersecurity,Finance,5.269374840749885,90196.55525681612
7.158140453563396,0,Tier 2,USA,100-300,0,57.99674692600204,64.01003623046948,Data Science,Finance,5.655847650477048,120000
7.313462966172882,2,Tier 1,Canada,100-300,2,55.6138748310454,77.80587906321102,Cybersecurity,Finance,5.619734379271491,107710.71300984516
7.71336046485566,1,Tier 1,Germany,100-300,1,74.83575703527067,57.76100562687749,AI/ML,Tech,4.307173367873669,120000
7.325672306719065,0,Tier 3,USA,100-300,2,97.41947917739115,78.06854184953545,Data Science,Manufacturing,3.976983067180889,96878.394358046
8.562447756431917,0,Tier 3,USA,300+,1,69.20346593311724,58.40453212308776,Data Science,Other,4.959463497668571,102280.48351736604
6.3921582944097795,1,Tier 1,USA,300+,1,88.52631211553535,48.76119662244293,AI/ML,Consulting,4.81175900367128,120000
7.103998580641276,0,Tier 2,USA,100-300,4,96.7423280726096,46.671311042719864,Cybersecurity,Other,3.5172241374700235,102659.44743210508
6.149570981717026,2,Tier 3,Canada,Top 100,0,52.10791166214784,61.19013253980616,Data Science,Finance,5.712103574527772,85926.05943030457
7.336997902952784,0,Tier 1,USA,100-300,0,76.6024426071113,87.7923517114196,Cybersecurity,Finance,4.1175458359060215,120000
7.677471956375332,0,Tier 3,USA,100-300,2,59.00337252074932,86.24718496695483,AI/ML,Finance,5.671230512731215,110012.3272841018
7.427477770763027,3,Tier 1,Germany,100-300,1,52.06256303834269,55.19283905445965,AI/ML,Healthcare,6.432120625888581,118186.7057600676
7.796134132126885,0,Tier 2,UK,300+,1,63.94775687882546,60.733372295877,Cybersecurity,Finance,7.069343196922107,98663.61334532373
7.664129097877043,0,Tier 2,India,Top 100,2,84.50945518486026,59.929492982725286,Core CS,Manufacturing,2.886817902618675,44254.16779016883
7.29827379892466,0,Tier 1,Canada,100-300,3,70.384794745244,56.58678801206256,Core CS,Consulting,5.84211805941832,104533.95124026864
7.176151451364106,2,Tier 2,Canada,Top 100,1,80.23043732065118,90.10830499123618,Cybersecurity,Manufacturing,7.212225344111032,91694.9392220548
7.825911518501117,3,Tier 2,USA,Top 100,3,80.19654804534025,39.93396010624101,Cloud,Healthcare,5.3266942531648445,119012.09206559425
8.538810790082763,0,Tier 2,Germany,Top 100,1,67.9208646879757,54.711716213077175,AI/ML,Other,4.8211154776633425,100164.83626253344
6.931026321594038,0,Tier 2,Germany,Top 100,0,57.362889450632466,87.67555281914389,AI/ML,Tech,4.567360604383934,118314.5673230688
5.770775447694369,1,Tier 3,Canada,300+,4,85.28221046376724,62.965791134998696,Cloud,Consulting,5.760799148009513,69742.24670189933
6.772168472387684,0,Tier 1,Germany,300+,2,69.71470953614039,57.218967256437104,Data Science,Healthcare,3.321718283138998,112201.34334201238
6.640873290149595,1,Tier 3,India,300+,1,66.87962764484166,68.29647205386154,Data Science,Consulting,7.821356592928128,40564.88060222064
7.0774039347510405,0,Tier 1,UK,Top 100,4,70.0214931497062,62.38163282059669,Core CS,Consulting,5.80277759260054,106339.65457993308
5.843585481803741,2,Tier 2,USA,100-300,2,83.84656674052972,85.66799255589368,Data Science,Tech,3.633984689619313,120000
7.289531416584421,1,Tier 1,Germany,300+,2,66.81752333204653,52.77683094586237,Core CS,Finance,6.717791862381705,105820.10785838384
7.859623832183945,1,Tier 2,Germany,300+,3,97.69705779273112,68.18436190638532,Core CS,Tech,7.222728817071588,88448.91603440137
7.1802157776120374,1,Tier 2,India,100-300,0,44.3972930058561,67.04943284567955,AI/ML,Consulting,5.046743031055539,57592.87231721406
8.128553856336715,1,Tier 2,Germany,Top 100,2,79.44506603666305,56.95997685489942,Data Science,Consulting,6.962569408727536,99114.8167011834
7.697362068479051,2,Tier 3,UK,300+,2,54.71193879471919,83.28524161974279,Cloud,Tech,2.922029786619831,93114.2244632994
8.113166373564754,2,Tier 1,USA,Top 100,0,55.35699719811225,73.87079619875439,Cloud,Consulting,3.94634894572225,120000
6.830204552128055,0,Tier 2,Canada,100-300,2,61.625053031953456,67.87752653569112,Data Science,Other,3.023180596566295,100297.01897052545
7.0262189100446255,2,Tier 1,USA,300+,2,69.47387474726371,57.45920426269186,Cloud,Tech,5.787704943880037,120000
7.024850741119145,2,Tier 1,USA,100-300,4,86.5459582334109,66.86138005279433,AI/ML,Consulting,5.845912696449148,120000
6.870586175067465,3,Tier 2,Canada,300+,1,88.79471955048349,81.43352194843074,Core CS,Tech,6.105598926266947,100764.63427431603
7.599813302791348,1,Tier 2,UK,Top 100,0,63.80125958247535,71.64201820680019,Cloud,Finance,2.441083244846631,108130.33681867988
7.487391064711803,1,Tier 3,USA,Top 100,4,97.95855467992465,52.94343753633258,Cloud,Manufacturing,5.9140741569146815,100838.8828872113
6.734508110542417,0,Tier 2,India,300+,3,41.75293368767521,54.369264183915845,Cybersecurity,Consulting,5.79435292087355,43866.27914797577
7.259825275288092,2,Tier 3,Germany,100-300,2,61.23084854226263,69.4167386564233,Cloud,Finance,7.481411514742887,65828.78012326754
6.1942440099784175,1,Tier 2,USA,300+,2,84.09864746122726,87.24647342326979,Data Science,Manufacturing,4.4701807071821955,107797.94771786644
7.386026967856948,0,Tier 2,UK,100-300,1,57.494330247400576,46.745416397868865,Core CS,Tech,3.769163979552793,109199.4343807726
7.528274443650146,0,Tier 2,USA,100-300,0,63.70158623610995,77.17989264163242,Core CS,Manufacturing,3.626584392487816,110421.26569179696
7.598036900629167,1,Tier 1,India,Top 100,2,78.28444986109028,73.0822312444228,AI/ML,Consulting,4.1477081599063315,71388.268744134
7.247237468019228,1,Tier 2,Germany,300+,2,96.41255987712609,70.07976672527688,Cloud,Consulting,3.7280222696605194,90585.69274500728
8.139163076432933,1,Tier 1,India,300+,1,74.15618557328885,59.61620490735912,AI/ML,Other,6.288127576598425,70152.07397478732
8.131015718633007,1,Tier 3,USA,100-300,4,79.05850287297093,70.8176917724964,Cybersecurity,Tech,5.289163655448333,107472.37367165583
6.9766618406187515,2,Tier 2,Germany,100-300,1,74.8060058628657,51.877942652168095,AI/ML,Other,5.810153164727852,94527.96057062274
7.111455704583648,4,Tier 2,UK,100-300,2,81.61557785010406,63.6727019188623,Core CS,Manufacturing,6.084681305465549,104049.1600971123
5.79935838779026,2,Tier 3,India,100-300,3,92.49020807541066,58.5296887650953,Data Science,Tech,6.4018919693894825,39733.29718108318
6.74153940585838,1,Tier 1,Germany,300+,2,89.42684332919102,51.23183172542013,Cybersecurity,Manufacturing,6.649391099219702,99834.4449859612
8.068456364429405,2,Tier 2,India,300+,3,77.6031548203895,75.78612501165621,Cybersecurity,Healthcare,3.5551861961526785,49384.33810134698
6.960071813567071,0,Tier 1,UK,100-300,3,68.11954587221425,74.31253749308753,AI/ML,Healthcare,6.935957158757712,120000
7.264831122253771,0,Tier 2,Canada,100-300,1,71.51266500210447,73.58890118279159,Cybersecurity,Healthcare,7.213923830021208,83384.90580193762
5.3481077778530866,2,Tier 1,Canada,Top 100,2,74.6769894370419,58.28844352544906,Data Science,Finance,5.927439607437865,120000
7.977443747981361,0,Tier 1,Germany,Top 100,3,53.26882977009209,79.38188908336019,Data Science,Other,5.556462058231169,114925.5617380406
6.680183590845554,0,Tier 1,UK,100-300,4,68.91397693042582,48.30972930167199,Data Science,Other,5.886157037404567,110768.89335712069
6.998209506820655,0,Tier 2,UK,300+,2,65.60798967096179,60.77190852319793,AI/ML,Consulting,4.33713720754269,94188.37262900402
6.195747899202211,1,Tier 1,USA,100-300,2,54.92648625192365,40.21541425674988,Cloud,Tech,4.470939950671914,120000
6.421465248936485,1,Tier 2,Canada,300+,0,70.05410565403982,50.712419803148784,Core CS,Consulting,4.831157934223622,73679.12215516304
7.293284997611044,2,Tier 1,USA,Top 100,1,84.06644599303876,59.693526272641726,Cloud,Consulting,7.4134835782278365,120000
8.397192505275697,0,Tier 3,India,300+,2,74.68380781892088,74.03736361563521,Data Science,Other,6.735646404782315,45583.22539675841
7.821720828714521,1,Tier 3,India,100-300,3,57.38559921352045,66.90318180588805,AI/ML,Consulting,5.6591299109332045,47949.13349038119
6.90427287802148,1,Tier 2,India,Top 100,4,52.59022027147836,63.893380070829345,AI/ML,Manufacturing,3.057141199207778,52666.68792703388
8.211424588576387,0,Tier 2,Germany,100-300,1,68.4184708101583,52.36803438881617,Cloud,Finance,1.8679232745794971,103188.39073590476
7.509526463202389,1,Tier 2,Canada,300+,3,48.83686794602324,74.03516119728616,Cloud,Tech,2.5877884146455505,95158.43310726824
7.572189267112986,1,Tier 1,India,100-300,0,68.2019579827315,61.91588878961471,Core CS,Other,3.885838196222534,60856.56978703926
7.498820639060687,0,Tier 1,USA,300+,1,63.46638598757124,69.84158682103893,Core CS,Finance,5.125379593387451,120000
8.444333477135824,1,Tier 1,USA,100-300,5,67.24545334075663,57.390143332616454,Cybersecurity,Manufacturing,5.799050641984694,120000
6.04163363012747,1,Tier 2,USA,Top 100,2,62.948858378200384,77.2089256561547,Cloud,Healthcare,6.093976351739068,101772.31064238666
6.688477150779699,1,Tier 3,Canada,Top 100,0,59.75281792274545,58.09954467878284,AI/ML,Healthcare,6.60887922857728,78749.58289711528
6.972046799633094,1,Tier 2,Germany,300+,5,80.8913881898624,43.818361514487826,AI/ML,Consulting,1,95369.89822017917
6.2741387525021874,0,Tier 2,USA,100-300,1,94.26250657573382,84.08752008581283,Cybersecurity,Other,3.597982529270823,108240.4102249067
6.676289183967243,0,Tier 2,Germany,300+,1,95.43472052835476,68.05227560284625,Data Science,Manufacturing,4.815123398583663,92939.76428885126
8.387233563538096,0,Tier 1,UK,300+,2,68.94151459234244,79.7290251134093,Core CS,Consulting,4.255962802122695,113853.25241645696
7.3073673773195695,1,Tier 2,UK,Top 100,0,39.070510707477354,65.75526572995967,Core CS,Consulting,5.727032209326783,87306.35844274807
7.233719073695039,1,Tier 3,India,300+,1,47.71724661525668,56.94496233168417,Cloud,Other,4.828637400831104,37954.87860617285
7.224188756801995,0,Tier 2,India,300+,1,69.65998586600179,54.00278782410878,Core CS,Consulting,4.892803340839123,43866.299264116235
7.233735062565861,1,Tier 3,USA,300+,1,72.72742115292034,52.04688943866666,Data Science,Tech,7.568165084552322,109493.63995701158
7.0918760722222025,1,Tier 2,USA,Top 100,0,70.87535935502294,54.68513543035221,Core CS,Tech,4.865692399707421,120000
7.69503867064444,1,Tier 1,USA,Top 100,3,61.33737625285961,73.19122825976648,Cybersecurity,Consulting,6.835425424640188,120000
6.510061687279306,2,Tier 2,Germany,100-300,0,80.42567614049064,81.26358030085825,Data Science,Consulting,4.698863630701207,95586.34645071402
7.690203673562149,1,Tier 1,Germany,300+,4,82.42137065651443,86.51818328427545,AI/ML,Manufacturing,6.4311837344732385,116859.50912307973
6.77452412048232,1,Tier 1,Germany,100-300,3,62.23287779729351,77.96536113267334,AI/ML,Finance,4.3070405187342615,120000
8.234037769099293,1,Tier 2,Germany,Top 100,1,76.90799573417068,72.89980004887828,AI/ML,Finance,5.182731597593338,115285.5349081012
7.091580847055023,0,Tier 3,Canada,300+,2,89.94155609939843,78.05855329726498,Data Science,Healthcare,4.859384267171132,86170.71954311401
6.913177725948121,1,Tier 3,UK,Top 100,2,78.85942965565442,60.96569307486279,Cybersecurity,Healthcare,6.076042867839826,82251.82754687304
7.661470904567292,0,Tier 1,India,300+,1,60.14920170273216,100,Data Science,Tech,6.961450128381561,72333.8774351694
6.916792617820244,0,Tier 2,USA,Top 100,1,62.964360859286266,70.48300118247353,Cybersecurity,Manufacturing,3.3427695942390163,110045.05242006136
8.14734162921626,0,Tier 2,Germany,300+,0,47.625157744202376,50.63577042608924,Data Science,Finance,5.697321373361279,107471.4831454742
6.6946951236694305,0,Tier 3,India,100-300,0,69.10485608038933,67.3993750485841,Cybersecurity,Tech,4.699548039419744,42395.06535145607
7.332642180576356,0,Tier 2,UK,300+,0,61.55456073054156,49.26024103632432,AI/ML,Healthcare,5.999665834148413,115017.17416414867
7.18393947633435,1,Tier 3,India,Top 100,0,83.99638885008248,77.55712372268307,Cloud,Consulting,5.521640159026835,39246.101644586954
7.625086495845212,1,Tier 2,USA,300+,3,81.27204224986866,55.532006787192216,AI/ML,Other,7.228314216574677,120000
7.041898214982055,0,Tier 1,India,100-300,1,84.24908835858325,72.86025159680582,AI/ML,Finance,3.7450224889914,64352.049703237884
7.836368192385802,0,Tier 2,India,100-300,0,60.93587509144121,41.41096238617991,Cloud,Tech,3.939905782229541,52143.992886730266
7.304995724129679,3,Tier 2,India,Top 100,0,68.44712446147174,73.50252630401405,Cloud,Healthcare,6.280172491314299,47129.03209682558
6.967515014657176,1,Tier 1,India,300+,3,63.27882550027388,73.93028791427191,Cloud,Tech,4.540519062485754,52614.83775511056
8.146906887054302,1,Tier 3,USA,Top 100,4,77.58337750140645,40.23239187588217,Data Science,Manufacturing,4.618510920698047,114477.12997764802
6.452150312208883,1,Tier 2,India,Top 100,2,81.76327017947924,65.12030424245513,Data Science,Consulting,4.854656655326984,50799.46427585755
6.924584743388079,2,Tier 2,UK,300+,0,70.80883261387388,73.56771119810715,AI/ML,Consulting,4.456872228628393,107529.0540226265
7.329884775268758,2,Tier 2,Germany,100-300,1,91.82816238402958,69.55505584736139,Cloud,Tech,4.511391147740811,100748.26752832907
8.260938022193102,0,Tier 1,UK,300+,0,74.3961265451567,100,Cybersecurity,Manufacturing,2.853425095280839,113223.57012882568
7.217346867600025,0,Tier 2,USA,100-300,2,72.17187322450454,61.30301914628938,Core CS,Finance,5.401456013807228,118162.43362486803
8.272636593737001,0,Tier 3,Canada,100-300,2,72.16946745236109,90.79891542693773,Cloud,Tech,7.9751609449931395,73623.55761260015
7.0965078087147635,1,Tier 2,Canada,100-300,2,54.85203961140853,58.37087516184165,Cybersecurity,Consulting,5.401506490881707,88652.40214680097
7.835220103553904,0,Tier 3,USA,Top 100,1,78.82650140990214,59.366829394555104,Cybersecurity,Other,5.350904184057813,94624.0815270016
6.651801442395866,0,Tier 3,Canada,300+,2,72.87300644202682,79.14163866146106,Cloud,Consulting,4.500899640559805,74590.52832810183
7.220001838633449,1,Tier 1,UK,100-300,4,75.21667387698704,60.51401117824206,AI/ML,Healthcare,6.860808031616676,120000
8.036165658135715,0,Tier 3,USA,300+,4,65.2530064494933,61.89749572511598,Core CS,Consulting,5.05528248392981,95584.57596291092
6.870350318370541,1,Tier 2,Canada,100-300,2,59.38884321152206,55.10697329488264,Cloud,Finance,4.649117677668454,96482.3443219471
7.956141929209133,2,Tier 2,Canada,Top 100,1,34.40419393462765,71.72110032616015,Cybersecurity,Other,7.194900882328709,86510.63088769006
6.61582845269408,1,Tier 1,Canada,Top 100,1,84.80269666764869,81.65190563990922,Cloud,Healthcare,5.933873312362835,107903.2524288546
7.215080629120793,5,Tier 2,Germany,300+,2,88.30085587408148,81.52546964498453,AI/ML,Tech,3.8973620295413935,113789.89159496228
7.167479085867751,1,Tier 2,UK,100-300,3,77.20114602681875,92.28650581992105,Cloud,Finance,2.8716525552894097,101480.49355396951
6.963964705591261,2,Tier 3,Canada,300+,2,59.08461505074816,91.2706637573339,Core CS,Tech,4.6492849345155,76836.58228158641
6.653872389282727,0,Tier 2,USA,Top 100,1,58.86189772302142,49.253347410943626,Cybersecurity,Consulting,5.293032254125674,104076.53738907096
7.313964814776416,1,Tier 2,Germany,300+,3,76.19517339282751,38.5288292017466,Data Science,Finance,2.522867828913478,96612.2765090203
6.032451736832753,0,Tier 1,India,100-300,3,85.77706924364297,49.662102789134074,Cloud,Other,4.105892320591052,55975.83745112488
7.994261514661462,1,Tier 2,UK,300+,3,99.2384166487152,54.209687457569395,AI/ML,Healthcare,6.434672721031315,96272.26077463718
7.052713286881792,0,Tier 2,Germany,100-300,1,94.2483600411158,72.83015040222307,Cybersecurity,Consulting,5.1646449864316395,87596.08955733596
8.332113906035026,0,Tier 3,USA,100-300,2,85.53734365335822,60.41469900033385,AI/ML,Finance,4.89810055197391,115578.9123103304
6.785787585020124,0,Tier 1,Germany,300+,0,64.81963958120447,74.16939465375039,AI/ML,Manufacturing,6.32893278968172,109525.93670942412
8.058162575991183,1,Tier 2,Germany,Top 100,4,60.58198963049451,83.24283212139176,Cloud,Tech,6.374749421937582,103377.95280013
7.140459267940657,1,Tier 3,India,100-300,2,77.30658043875859,77.601573042838,AI/ML,Consulting,7.830253829328761,39403.390557308536
8.47843215341668,0,Tier 2,UK,Top 100,2,73.02592219448124,66.72696702630316,Core CS,Healthcare,7.2241645927591565,108903.95680774102
7.792568677299268,1,Tier 2,USA,100-300,0,94.62245257523432,63.65037420642779,AI/ML,Tech,4.668692597175531,120000
6.903183175192349,1,Tier 2,Germany,Top 100,2,59.68594766008509,54.013047009671006,Cloud,Tech,4.4624236824618,98225.1974749842
7.663319228047634,1,Tier 1,UK,300+,1,66.4692512867288,46.02065134156782,Data Science,Consulting,4.50174963409315,120000
7.783407795429571,2,Tier 3,India,300+,2,55.483517427666335,36.83225005574501,AI/ML,Other,8.344598725404664,40420.87132761895
7.166033835910993,1,Tier 2,UK,Top 100,4,67.00681807661606,41.476308880232466,Cloud,Healthcare,5.868386714643424,98433.54795861016
5.922571470307652,1,Tier 3,UK,100-300,2,64.11444668400786,78.95914427710748,Cloud,Other,5.254656118418578,81321.06766501762
8.478293596561683,0,Tier 1,Canada,100-300,3,67.3093539184264,81.81766084114805,Cybersecurity,Finance,8.261438076338155,120000
7.952423714974142,0,Tier 2,UK,100-300,1,72.38322155235323,83.59707817491085,Core CS,Healthcare,7.433820600466197,106160.3198979057
6.676243314509339,0,Tier 1,Germany,300+,2,54.891521384009764,58.22597253641242,AI/ML,Healthcare,7.145060704100732,120000
7.823683489135755,1,Tier 1,Germany,300+,1,67.63236612955126,60.03524622697106,Core CS,Manufacturing,5.22118818871788,100940.48230361503
8.585976360135142,1,Tier 1,Germany,100-300,3,89.18915479633819,57.50950164421237,Data Science,Other,7.126944412721651,120000
7.763008204649083,0,Tier 2,Canada,300+,0,100,37.699236179847105,AI/ML,Other,5.700687004757935,103462.48676486989
8.737442133917282,0,Tier 1,UK,300+,2,90.90581629894356,90.00513004296056,Cloud,Healthcare,7.335276983202399,113330.92576408476
6.262118936750466,0,Tier 2,UK,100-300,2,46.45405434619218,75.81536402724664,Cybersecurity,Finance,4.968593357635782,99322.8510623948
7.353408519719584,2,Tier 3,Canada,100-300,2,89.03852725442474,64.53026052668625,Cloud,Other,3.038943437739239,73982.4548889377
7.1404828398434965,2,Tier 1,Germany,Top 100,1,88.02897710587742,68.39071370727083,Core CS,Manufacturing,6.552081224144738,103833.52449391824
6.878439101222411,2,Tier 1,Canada,Top 100,0,74.74951324832259,63.321196416430055,Cybersecurity,Finance,5.273628804278881,118814.45655711312
7.647406902498639,1,Tier 1,Canada,300+,3,100,68.01789264989046,Cybersecurity,Tech,5.8560486693244505,113479.4001277543
7.985862884171731,1,Tier 3,USA,Top 100,2,64.77503541753534,49.48931342405072,Data Science,Finance,5.749866891531351,114743.3965864202
6.625809052913135,1,Tier 3,UK,100-300,2,52.5290710624507,39.91433503131715,Data Science,Consulting,5.625554155914923,88803.92361667179
6.758736153767116,3,Tier 3,Canada,100-300,3,88.6880752687494,78.73404766049325,Cybersecurity,Tech,6.118241429699681,81903.37094872021
7.262915220643847,2,Tier 1,USA,300+,1,65.77696483738,73.8739090061975,Cybersecurity,Finance,7.777323108227469,120000
6.540944068871905,1,Tier 1,India,300+,2,89.80048210093756,72.22295345912426,Cybersecurity,Tech,5.549237254707582,60070.08602417592
7.62652452481054,2,Tier 1,USA,Top 100,0,81.55392454448125,73.58793949770374,Cloud,Manufacturing,5.7740286938499565,120000
6.544898419842105,2,Tier 2,UK,100-300,2,77.59422354196576,63.24282709454466,Core CS,Finance,3.839136802455485,91082.82904990394
8.126895594756736,0,Tier 1,UK,100-300,4,95.92262093990996,58.50968868032793,Data Science,Tech,5.071971037418893,120000
6.899402962003382,1,Tier 3,UK,300+,0,66.6861625311984,93.40254087726656,Data Science,Tech,3.001253492387538,96243.25388996584
7.596819162386253,0,Tier 2,Germany,300+,4,64.04937553698612,100,Data Science,Other,6.724485122847348,113357.05201041512
6.497967997804742,1,Tier 1,UK,300+,2,65.86199523457783,62.89273151222263,Data Science,Healthcare,3.707335938337311,120000
7.288604603731068,1,Tier 2,UK,Top 100,3,63.43798856879367,46.930898929886325,Core CS,Consulting,4.342631384345891,95943.63421337168
7.057830677699895,0,Tier 2,Canada,100-300,1,100,68.06722036683976,Core CS,Manufacturing,5.462204887157796,91137.0079451835
7.444660822060102,0,Tier 3,Canada,100-300,1,62.77456995641854,68.32977983554241,Cybersecurity,Healthcare,4.231641204059142,75907.97743065728
6.8187780220937295,2,Tier 3,USA,100-300,1,80.25385683297574,78.49239245989003,Cloud,Finance,5.489868212494763,103588.1620582266
8.60677840878536,1,Tier 2,UK,100-300,1,55.70705306051114,62.180307516293674,Data Science,Finance,4.509635432925911,120000
7.5871603826913905,0,Tier 3,UK,100-300,5,48.12764137962195,85.42757127424355,Core CS,Healthcare,3.6577586097952866,77245.09245951042
6.731377105807662,1,Tier 2,Canada,Top 100,2,77.16797697137974,30,Cloud,Consulting,2.4568765461582043,89915.54223894923
6.746317733940828,0,Tier 3,UK,100-300,1,63.08434292235536,71.88648396073684,Cloud,Other,3.681788748356549,72382.36560754299
7.456979368188992,1,Tier 1,USA,300+,4,60.77715470210883,56.140636359651324,Core CS,Consulting,7.009554358396152,120000
8.112514876759965,0,Tier 2,Canada,Top 100,3,66.59581135068723,68.6385611399869,AI/ML,Manufacturing,6.438389382669041,120000
7.376010928997329,0,Tier 1,USA,100-300,1,85.33124063108296,59.20195795862064,Cloud,Other,4.423905114274514,120000
6.210847600720602,1,Tier 1,USA,100-300,2,90.4278591153639,58.978726520458494,Core CS,Healthcare,4.5563535908875,120000
7.413460212659561,2,Tier 2,Canada,100-300,1,81.25043734172365,42.735106870809005,AI/ML,Manufacturing,7.286636058500307,106301.8092546766
8.72507970538344,0,Tier 2,USA,100-300,1,75.81908824107042,47.70332884776819,Data Science,Other,3.7242729440113296,120000
6.695444300963926,0,Tier 1,USA,100-300,2,49.572877481863785,64.1769402107921,Data Science,Manufacturing,3.1285578343423524,120000
6.699213136518507,2,Tier 1,USA,Top 100,1,58.98034565293282,100,AI/ML,Tech,4.7890815828717646,120000
6.551128695215202,2,Tier 2,Germany,100-300,1,65.23182414280686,68.9360059198236,Data Science,Finance,5.5091973086895445,104990.1531503445
7.3240283086845714,0,Tier 2,USA,300+,1,71.10305114201802,61.63920341376438,Cybersecurity,Healthcare,6.298519280204062,108479.8389721519
6.323558258916309,0,Tier 2,Germany,300+,1,78.56895390348575,63.12304261503816,Core CS,Tech,4.723328402992367,78030.17208724473
5.71178950496656,3,Tier 2,Canada,300+,2,46.21900423005992,57.134652701532495,Cloud,Healthcare,3.943767901662956,76587.27609996345
7.602551959786039,1,Tier 2,Canada,100-300,1,57.39244011588104,60.575177057893626,Core CS,Tech,5.43278806234707,101315.93744681604
7.919589891208295,1,Tier 1,India,300+,1,48.29793044727022,48.48734118191853,AI/ML,Manufacturing,6.604907387505296,65255.904206746
7.326151789469741,0,Tier 2,USA,300+,0,69.45202626181121,77.74759095126007,Cybersecurity,Manufacturing,4.964190441762184,99214.4478939212
7.4647996319693535,1,Tier 1,Germany,100-300,5,70.93693505543065,60.561683702932335,Core CS,Tech,5.111555843965236,108732.21739860928
7.638801070325776,1,Tier 3,India,300+,2,48.47556646000142,45.706258564289485,AI/ML,Manufacturing,5.204691023404584,43246.27257969001
7.701284703873744,1,Tier 1,USA,100-300,1,88.59636594427096,74.01813504381371,Cloud,Manufacturing,5.034511215669278,120000
6.75057154139518,2,Tier 2,USA,100-300,1,96.29429179226304,60.88069770906117,Core CS,Consulting,6.240058484943925,100306.56910250566
8.001877089838407,3,Tier 3,USA,300+,1,92.83521455770624,66.02780942049021,Data Science,Finance,5.272420100016289,108046.6330702299
7.909164459459876,1,Tier 1,Germany,100-300,4,95.15839876503615,62.357416395166794,Data Science,Other,4.704170883694124,120000
6.969949192507047,3,Tier 2,USA,100-300,1,74.39281231157543,45.23854616876126,Cloud,Consulting,2.811205785971161,108400.3854375615
6.740658511167487,1,Tier 2,Canada,300+,2,49.413132918667415,73.48206108949239,AI/ML,Healthcare,5.04700956385305,93495.87318697666
8.014971115661256,0,Tier 1,Canada,Top 100,2,53.76412010491493,59.94798025122518,Core CS,Other,6.355499048336655,116141.66240195808
7.152178577475915,1,Tier 3,Canada,100-300,1,90.70865477402393,34.72799701559018,Data Science,Tech,3.9742433719016943,89536.02542154636
7.6857267107386305,2,Tier 1,UK,300+,3,85.84092396344202,59.79759189836008,Cybersecurity,Healthcare,6.881330574025312,112845.80852057609
8.219710877186206,0,Tier 3,India,300+,2,57.72276435223327,83.00099730778219,Data Science,Healthcare,4.744683014832975,40966.04119778009
7.347410919937658,0,Tier 3,UK,300+,4,78.60516845206551,65.43659064952396,Data Science,Tech,6.142273684419419,91540.91446118167
5.858680631351723,1,Tier 1,India,Top 100,2,78.47422750055175,86.43658223662305,Cloud,Healthcare,6.628582141066617,52968.30070168019
7.50858122115244,0,Tier 3,UK,Top 100,1,62.146803749300226,77.64220938510934,AI/ML,Other,5.917028194873824,96483.20328616328
7.325478108111827,0,Tier 3,Canada,Top 100,2,65.45293414860379,71.16057940251024,AI/ML,Manufacturing,8.388854832667157,92336.23195606876
7.812313862940179,2,Tier 2,USA,Top 100,2,37.538502250987214,57.29380807621865,Data Science,Healthcare,7.668723879550111,120000
7.821648341498414,0,Tier 1,India,100-300,1,85.4832999525205,71.84681786441229,AI/ML,Tech,3.651014641680543,82909.4865253088
7.71350210765622,1,Tier 1,UK,300+,2,58.357291420125115,32.39655255212749,Data Science,Other,5.742284100375265,120000
8.921266928824283,1,Tier 1,Canada,300+,0,78.23873474654388,32.91689397699409,Cloud,Finance,5.911750105928938,120000
8.603538642940137,0,Tier 2,Canada,300+,2,83.22199654778449,77.61381852849321,Data Science,Finance,5.76067785313626,113033.63475785372
6.922151079438727,2,Tier 1,UK,300+,3,37.54014784615053,98.92285098871008,Data Science,Consulting,3.9873992880783113,117570.63205744252
6.80742055680876,0,Tier 2,India,300+,2,84.37849366937157,80.67291845895696,Data Science,Tech,6.779333284047395,55949.82355130562
5.639087620586206,1,Tier 2,Canada,300+,3,57.85249130854238,76.41294392649746,AI/ML,Tech,4.952871215804236,100059.64782411422
7.299249670504834,1,Tier 3,USA,100-300,1,67.8512391288952,61.38986550615488,Data Science,Finance,7.17736243855029,107501.65734219052
7.211585347961099,1,Tier 2,Germany,300+,0,87.34972538448697,85.55319345975484,Cloud,Healthcare,5.992658774817498,82119.0477801052
7.050961887812616,0,Tier 2,Germany,Top 100,3,62.63849788971152,73.2244019623663,Core CS,Finance,4.0385749419844315,99792.5045213466
7.401520186960537,0,Tier 2,Germany,Top 100,4,61.33934111040733,47.088476389563155,Cybersecurity,Healthcare,4.129977713278281,84543.74686864836
7.171986253963638,0,Tier 2,USA,300+,2,76.89751679291871,40.27224891003751,Core CS,Healthcare,6.334773282429621,102769.3604461982
7.5415952779000435,2,Tier 2,Germany,Top 100,1,71.55013870890951,87.43848186869789,Core CS,Other,8.091452230268802,87245.65669523022
7.154289474520152,2,Tier 2,UK,300+,2,80.84292545720294,53.489024363430914,Cybersecurity,Other,5.108392680181389,95853.061670524
8.214737624521744,0,Tier 2,India,100-300,4,66.39809758429566,70.39963703335123,Cybersecurity,Manufacturing,5.165296381140697,55462.86184907104
7.336214823245249,3,Tier 1,USA,Top 100,5,70.36473414630414,88.81930970002094,Cloud,Healthcare,4.113568934410942,120000
8.043970151032335,1,Tier 2,USA,Top 100,5,62.90613742592283,86.49786952609962,Cybersecurity,Finance,7.324322405627237,120000
8.043867810655463,1,Tier 3,India,300+,0,67.75080172377658,68.7581062758498,Core CS,Healthcare,7.14037178309685,38123.31910257637
7.1081409930741355,1,Tier 3,USA,100-300,1,65.37173746539695,87.89136642931736,Cloud,Manufacturing,5.988466576021068,96954.37722333727
6.958436183279377,2,Tier 3,India,300+,1,49.41461482734998,82.62996240617537,Core CS,Finance,7.518399495325628,29196.35985678265
7.225078677991662,0,Tier 2,UK,300+,2,75.24409097202843,67.12390048827591,Core CS,Other,6.817510128952941,91157.97366904364
7.181623088311156,0,Tier 3,India,100-300,2,66.25360727481437,40.5308157906325,AI/ML,Consulting,5.811541060977662,42706.88042790042
8.019417806987496,2,Tier 2,Germany,100-300,0,81.27110170011481,68.31495120071854,AI/ML,Healthcare,6.252958167544952,99462.7192074155
7.215020631318914,3,Tier 1,USA,Top 100,1,77.15758961146226,74.10737184441854,Cybersecurity,Tech,4.350666635248818,120000
7.149685680100074,0,Tier 2,USA,300+,1,92.683420915956,70.55896820924708,Cybersecurity,Consulting,4.338883776069502,105096.73868339736
7.310739690942005,1,Tier 2,Germany,100-300,2,83.39858748938565,64.37311988246893,AI/ML,Consulting,4.904811367559295,94625.5074098884
7.500473042005248,1,Tier 3,India,100-300,5,72.24524274413893,66.8942524420784,AI/ML,Tech,3.4675117658897823,57975.726069748416
8.187713489501206,0,Tier 1,USA,300+,2,30.33664131140791,73.23121117098377,Data Science,Finance,5.567086999109769,120000
6.178917102088083,2,Tier 3,India,300+,0,62.22628035855047,61.03485397762385,AI/ML,Healthcare,5.9107382322814175,40407.497240476434
8.27155302684936,0,Tier 1,UK,100-300,1,69.43829216946753,78.13196501450626,Cloud,Finance,5.073729873696904,120000
7.227128846989105,1,Tier 1,UK,100-300,2,61.01867163347687,45.86909230687208,Cloud,Consulting,5.973640302572307,113428.04429703634
6.994349676359336,1,Tier 3,Germany,100-300,0,86.85115651333845,85.00430203718867,Data Science,Tech,4.838522486056854,86139.03035849745
7.79018281273968,1,Tier 1,Germany,100-300,3,96.1113990742944,49.445296049430226,Cybersecurity,Consulting,6.994082891896262,101385.88322781908
6.37615465940992,0,Tier 1,Germany,100-300,2,97.69577573542377,59.37315544602274,Cloud,Healthcare,5.000699231641813,102064.59085276908
7.793541047909564,0,Tier 1,UK,100-300,4,58.91167932224656,87.2428757077991,Cybersecurity,Healthcare,3.251804910112159,110722.81114120389
5.493613242662619,1,Tier 1,India,300+,2,66.77597589890871,66.5817485455389,Cloud,Healthcare,4.560141313240799,38445.32757670377
7.387787718375139,1,Tier 2,Canada,100-300,2,64.01508665779056,84.96646338765942,AI/ML,Healthcare,7.452917523666355,103330.72641964632
6.758561205282998,1,Tier 2,UK,100-300,2,88.47879486261387,72.19770045141738,Cybersecurity,Tech,6.762888590860392,106234.3141046878
9.024295734913352,0,Tier 1,USA,300+,3,70.79976619018058,61.33641878833084,Cloud,Other,6.514403827307645,120000
7.49196898563742,0,Tier 3,Canada,100-300,3,76.74891273226525,82.72043419971128,Data Science,Other,5.940657700640872,81560.47035546761
7.962862443626768,2,Tier 3,USA,Top 100,2,70.64661207209615,73.02420362725366,Cybersecurity,Manufacturing,3.3846524849436497,99283.9093600984
7.357362888647315,1,Tier 2,UK,Top 100,1,89.45260016594693,56.27383552606417,Data Science,Healthcare,6.014537709477472,111935.84201052308
7.005238926243631,0,Tier 3,UK,100-300,2,76.22357295732195,46.86885674270613,Core CS,Tech,6.0475488281199645,83146.44958784105
7.433939175625682,1,Tier 3,Germany,100-300,0,89.00291901481948,81.76045403786506,Core CS,Finance,5.914434238829434,69766.31342249097
6.35282888565936,2,Tier 1,USA,100-300,3,55.45280017531768,41.56912371920775,Data Science,Healthcare,6.460391910844597,120000
8.246324345854685,1,Tier 1,USA,300+,0,79.21018978926593,67.58422717133814,Cloud,Finance,4.424502608464285,120000
7.794102482383543,1,Tier 1,USA,100-300,1,84.9312729837534,69.96717924048028,Cloud,Other,7.29762025628194,120000
6.1399175615065955,0,Tier 1,Canada,Top 100,1,86.26541299357811,54.067530880757985,AI/ML,Other,1.8524926145335745,120000
7.5423759767172225,3,Tier 2,Canada,Top 100,2,62.98063631541986,78.20723714265819,Cybersecurity,Finance,6.403207178452945,100463.9831359091
5.972217786866026,1,Tier 1,USA,100-300,3,49.41552697775721,77.79232178095255,Cloud,Finance,3.7049974109484527,120000
6.735180532633535,0,Tier 2,Germany,Top 100,2,93.84551971715712,86.06781997359998,Core CS,Manufacturing,5.301927406636645,81532.55568778273
6.947067252362852,1,Tier 2,UK,300+,1,76.5869073844463,56.149666651322825,AI/ML,Finance,7.111324608322778,113263.39708694616
6.147357830920994,0,Tier 1,Canada,300+,3,82.98483017850364,96.1863006738088,Core CS,Other,4.4047121237329465,96790.43423294628
7.475883498717796,1,Tier 2,India,300+,1,65.74722935898066,75.2046579236144,Core CS,Tech,4.84564402447798,51718.383499003285
6.399498542418596,1,Tier 1,UK,300+,2,66.75979141757091,83.13140742782319,AI/ML,Finance,5.894933990124926,120000
6.760360471040646,0,Tier 2,India,Top 100,2,63.09144851151897,51.10682792580762,Cloud,Tech,4.698205051453956,52990.87828095147
7.001746872669629,2,Tier 2,India,300+,3,84.28619586236093,94.13873143858206,Cybersecurity,Tech,5.265335126699557,48802.70929234883
5.899931813466332,2,Tier 2,India,100-300,0,92.47331748700468,57.75199958156969,Data Science,Manufacturing,5.630493333908711,50725.99946521559
6.629973626949297,0,Tier 2,Canada,300+,2,83.73866678281178,42.08552084766214,Core CS,Other,4.669834443700431,88184.64700044715
5.978050716923725,2,Tier 2,USA,Top 100,3,79.71942344016944,69.47439747516414,Cybersecurity,Consulting,7.138237936891495,103131.07080438358
7.925265321275392,0,Tier 1,India,300+,3,79.72745086847955,61.20793652398699,Cybersecurity,Manufacturing,5.869357939355428,50356.03067217216
8.015690610079874,0,Tier 1,UK,100-300,2,66.00792805296717,62.13392116731559,Data Science,Other,6.731059088594607,120000
6.0038795392319315,0,Tier 2,India,300+,1,70.28058027906934,76.7311253551962,Data Science,Finance,4.371564371600243,50349.98693949231
8.086095706440112,0,Tier 1,Germany,300+,3,91.95411824350832,48.67275543490135,Data Science,Other,5.789281704558847,116226.37611254145
7.73843586178141,0,Tier 3,India,100-300,0,68.47880687292474,85.71268653085642,Core CS,Consulting,3.6841993757841025,37644.60637888125
7.324875215078934,1,Tier 2,Germany,100-300,1,69.04508956257007,58.948369413681995,AI/ML,Tech,2.073611432268271,112201.94554484171
6.348677394721917,1,Tier 1,UK,300+,2,62.06529775697684,58.86647567824797,Core CS,Manufacturing,7.547609776634306,104119.40434905911
5.8317580518326215,1,Tier 2,Germany,300+,0,71.27679998499052,65.40199415782332,Cybersecurity,Healthcare,8.315529192437772,69210.31012607027
7.150353421146205,0,Tier 2,Germany,300+,2,45.56354103424791,67.07385347692853,AI/ML,Tech,5.924115899235399,105970.88361705968
7.520772543023553,0,Tier 2,Canada,300+,0,81.528576204673,60.031662646021914,Core CS,Finance,4.910608683577122,100203.49313176062
6.905615124314098,0,Tier 3,Germany,300+,1,70.17310027851175,52.036700527353496,Data Science,Consulting,7.340220172545909,76274.15752169734
6.074402835468509,1,Tier 1,Germany,300+,5,64.60680635565762,58.35068271968387,Cybersecurity,Tech,6.8583747635633445,98020.39051746766
6.454340161580974,1,Tier 2,India,100-300,2,74.26961322642995,53.416670743476615,Cloud,Tech,6.241707905985447,60241.460635390955
7.921878911169541,0,Tier 3,Canada,100-300,1,89.86010164492195,77.9599657133757,AI/ML,Healthcare,3.0044183514771077,89032.84072118667
6.612297148319935,2,Tier 1,USA,Top 100,2,86.41844747653708,45.384403439082945,Cloud,Consulting,2.5840025229749735,120000
7.114734104545181,1,Tier 1,USA,100-300,3,47.821963439417885,48.22410232800573,AI/ML,Consulting,6.974638997738386,120000
7.269266436367228,2,Tier 3,USA,300+,2,71.93205202179526,82.51295091922513,Cybersecurity,Manufacturing,7.428820039261471,84538.3630087704
6.6338523506567375,0,Tier 2,Canada,100-300,1,56.9334160495758,70.29169573332341,Data Science,Healthcare,4.782773990419905,97518.59437573329
7.618846164965451,1,Tier 2,India,Top 100,2,67.89196427815986,89.35630336387607,Cloud,Tech,5.671262918923545,54442.26816789444
6.60343524274008,0,Tier 1,India,Top 100,3,59.46978610375235,65.71400847755206,Cloud,Finance,5.574155580926915,63928.05052613429
5.864453442763992,3,Tier 2,India,100-300,1,61.034088097817055,87.42859089104091,Core CS,Tech,5.657311442396141,54336.83555311564
7.158573862176656,1,Tier 2,UK,300+,1,70.32031165679008,38.719875018996746,Data Science,Consulting,8.066630031256654,103051.37001880204
7.118838322874111,2,Tier 1,India,Top 100,3,40.086775006312024,53.2497525965228,Core CS,Consulting,6.201085972789601,51857.62568224849
6.758613556833091,0,Tier 2,Canada,Top 100,3,70.97248410695103,62.12040369965098,AI/ML,Tech,7.452946671163781,113713.26122707195
7.746453284576789,1,Tier 3,India,100-300,1,80.52063929130942,53.20511232500995,Cybersecurity,Consulting,6.098620110457408,37994.44767884897
7.05083352364875,1,Tier 1,UK,100-300,2,63.60243085756534,46.70248868353091,Cloud,Manufacturing,4.687048000275316,106046.71524292797
7.562603062476758,1,Tier 1,Canada,100-300,1,77.75674995933744,70.12125774213875,Data Science,Other,7.590358218703845,120000
7.227030422270464,0,Tier 3,UK,100-300,4,88.38984812385641,71.64044829084202,Cybersecurity,Finance,3.5576030634632776,87974.97127558073
6.8300386378295554,1,Tier 3,India,100-300,1,82.4624668230128,71.03009388785843,Core CS,Tech,6.674442419790993,47595.27728403647
8.269920481932429,0,Tier 1,Canada,Top 100,1,53.99525678757623,69.0253423346791,Data Science,Manufacturing,8.052355563637903,120000
7.132687221438938,1,Tier 1,India,Top 100,3,52.819242059373266,69.36332182056232,Core CS,Tech,6.245936159220777,58170.1106395593
7.294798069471231,1,Tier 3,India,Top 100,1,75.13595778933424,71.33819798141175,Core CS,Tech,4.408901386608631,48971.997072990984
6.633858405609254,0,Tier 1,Germany,300+,0,69.21904023875973,56.30325157875139,Core CS,Tech,2.8369004105877975,101536.28963836044
7.857180744203648,3,Tier 2,UK,300+,1,78.31676548784311,61.28347768954221,Cloud,Manufacturing,4.1201683992374525,86406.03987544919
5.761944164690951,1,Tier 2,Germany,100-300,0,70.79981184311926,69.45683042662174,Cybersecurity,Healthcare,7.602116138598081,85436.33642864776
8.341163969531731,0,Tier 3,Germany,Top 100,5,71.07325077795684,61.38450598291499,Core CS,Manufacturing,3.755989557793866,73616.02440290652
7.658145941259315,0,Tier 1,USA,Top 100,1,78.71310861692034,56.79498138699154,AI/ML,Finance,6.692085744020008,120000
7.268253805117846,1,Tier 3,India,Top 100,0,71.55091915172903,71.63696834322971,Cloud,Healthcare,5.105949079991689,37891.52661135743
7.144244041070002,2,Tier 2,India,100-300,3,75.1726233886082,86.57762419142503,Cloud,Consulting,4.765616206990747,40386.3004982514
6.2350914376331685,0,Tier 3,India,100-300,4,57.54721729268228,51.48935105665607,Cloud,Tech,5.918821204867683,35847.08487564405
6.527345321526857,0,Tier 2,UK,100-300,1,63.14595579723334,90.67967380881532,AI/ML,Manufacturing,5.151166539812001,85704.19903897584
6.958792644996858,1,Tier 1,India,100-300,1,91.6714997208732,71.11330833822119,Cloud,Consulting,7.3331914105091025,48176.00684405102
7.300287756915578,0,Tier 2,Germany,300+,4,62.94805052337716,75.03408677698859,Cloud,Manufacturing,5.623890554517809,87167.17686875677
6.907849336978817,0,Tier 2,USA,300+,2,55.475411639717294,86.50714808147356,AI/ML,Tech,5.278321431821499,120000
6.053531587800188,1,Tier 1,UK,300+,0,76.16973344542932,67.96934541637832,Core CS,Manufacturing,5.023983649849589,100499.74428627774
7.402585907625997,0,Tier 3,USA,300+,2,64.48866586443799,79.5307963159418,Cloud,Manufacturing,2.896322852684643,91577.11630436596
8.844509469893751,0,Tier 3,USA,100-300,3,79.65955938479928,69.95551688361346,AI/ML,Consulting,8.290035468151835,119102.29576945383
7.658058336960384,1,Tier 3,Germany,300+,3,60.046040303044606,55.544785805232806,Data Science,Other,5.100286642247641,85940.39989500941
7.125877254138462,0,Tier 1,Germany,100-300,2,58.302351265021215,61.79306105442201,Cybersecurity,Finance,5.39180074845899,111020.45194613573
7.781205271250531,0,Tier 1,Canada,100-300,0,70.47804309419736,69.80592032825626,Data Science,Consulting,4.2773670960382635,119990.95932840872
6.438434161363903,3,Tier 2,Germany,300+,2,36.72983895730579,60.95694143625239,Cybersecurity,Manufacturing,5.7687084964289115,72097.009699901
7.308170121807484,1,Tier 2,Germany,100-300,2,85.11180110553659,63.160340227382065,Cloud,Other,5.06568877855604,77171.46149890621
7.896548565138076,0,Tier 2,Germany,100-300,2,93.7474188327476,38.747598444283184,Data Science,Healthcare,2.558927624918012,103390.39457090976
6.893377027816675,0,Tier 2,UK,Top 100,1,44.00671844442081,64.0968087171463,Data Science,Tech,6.428872853752446,120000
7.164389142048016,0,Tier 2,USA,300+,1,80.31520663565838,67.7891538220456,AI/ML,Consulting,6.0243734209968425,120000
7.091447002447398,1,Tier 2,India,300+,3,96.693349491939,60.50107485148029,Data Science,Manufacturing,2.969234308797281,53045.48088245119
6.128525889830315,0,Tier 1,Canada,100-300,2,76.35151649811932,53.67383672166916,Data Science,Consulting,4.286209564006837,120000
7.886755681378315,2,Tier 1,UK,300+,0,77.26468908890145,86.77981157029234,Cybersecurity,Tech,6.966331609354204,120000
7.315905192002062,1,Tier 2,Germany,100-300,1,95.04904668073384,62.13701625285627,Cybersecurity,Finance,3.322790612250407,88412.9583523921
6.354792296779534,1,Tier 2,Germany,Top 100,4,56.29664146896793,33.06031221353409,Core CS,Finance,7.877309023040731,78856.2872610475
6.6326236816086075,1,Tier 3,India,300+,3,100,77.79123481696165,AI/ML,Other,4.884377360596611,47644.87677050839
6.859092641831377,1,Tier 3,USA,100-300,1,100,54.318043776228265,Core CS,Other,6.057997257446543,86514.1158256887
5.6495725398418575,2,Tier 2,Germany,Top 100,0,100,91.75667571748572,Cybersecurity,Finance,3.329497233667482,87883.34979208771
6.519401655489146,2,Tier 1,India,100-300,0,64.5471106200688,64.14577563063803,AI/ML,Manufacturing,4.104373425452067,51579.049029223
7.418016613153912,0,Tier 3,India,300+,3,51.357762788474275,70.96305077660145,Core CS,Tech,2.3814327856832973,44645.32528278486
6.348251477409864,2,Tier 3,UK,100-300,3,67.78490834461431,68.11395585828735,Cloud,Tech,3.80831938005348,79491.7948538119
6.63572606148375,0,Tier 3,India,Top 100,1,94.8137545217274,30,Core CS,Healthcare,4.458246882515458,28199.67843295016
6.716912829743917,2,Tier 2,Canada,100-300,3,60.66197433296164,47.51718744336702,Cybersecurity,Consulting,3.5369369176700634,80988.51515975446
8.732417161765245,2,Tier 1,Germany,300+,1,93.88585831042592,59.99508651134057,Core CS,Tech,8.946061342004745,113288.39959040291
7.843696502789855,0,Tier 2,UK,300+,1,75.52086950782042,55.66005625050663,Data Science,Manufacturing,5.769321180689614,104380.52022199084
7.819819289825382,2,Tier 3,UK,300+,2,75.58270462756728,73.11010975151729,Cloud,Manufacturing,5.321306871311775,70820.32199041238
7.934864291418705,1,Tier 1,USA,300+,1,67.26126847092009,44.84114042396974,AI/ML,Manufacturing,7.276816482812435,120000
6.20094330453276,0,Tier 2,Canada,100-300,3,81.96455194251178,70.57641266070277,AI/ML,Finance,8.0283499487654,105336.3619334063
6.114503766772755,1,Tier 1,India,300+,1,58.17616827365484,77.84457629672089,AI/ML,Other,5.274904905416853,60364.88390736667
8.06760490667027,0,Tier 2,India,Top 100,3,69.7152383534585,60.97671604931579,Cybersecurity,Healthcare,4.721919121507934,49164.37802199762
7.21473061895565,2,Tier 1,Germany,Top 100,2,76.93667377822045,64.83152186304932,AI/ML,Finance,4.966318781849786,120000
6.337455548901193,1,Tier 3,Canada,100-300,3,76.0175960382672,63.581780543288986,Cloud,Finance,6.080695745906662,86755.49771230861
7.548525114010968,0,Tier 2,UK,300+,0,65.21096909729683,69.10629319577869,Data Science,Healthcare,6.431307210734851,107376.93114261652
7.549419256402684,0,Tier 2,Canada,Top 100,1,52.57272032210901,69.87823421510991,Core CS,Finance,4.675860289301776,93545.93725195354
7.473334439754505,1,Tier 3,UK,300+,2,61.99111986486157,93.62304911157368,Data Science,Finance,5.842066859145766,91360.09297943048
6.313813458715984,1,Tier 2,UK,Top 100,1,83.34462970843241,72.03203864208872,Cloud,Manufacturing,3.312095272586383,92806.92490303388
6.692166381116744,0,Tier 3,USA,100-300,2,73.49918013365739,58.690578996513054,Data Science,Manufacturing,5.050562465706561,91984.02995862626
7.444593742434314,4,Tier 1,Canada,100-300,2,52.89184708054488,75.38516338952991,Cybersecurity,Manufacturing,6.565535709190327,110350.11556528843
8.64327395314878,0,Tier 2,Germany,300+,0,64.78150564101533,84.58198181237556,Data Science,Tech,7.136681085754883,111672.09823652008
7.484323603810197,0,Tier 1,USA,300+,2,80.92909182899979,44.09604103436218,AI/ML,Other,2.5559000655599724,120000
7.378111810392009,1,Tier 3,Germany,100-300,3,57.096531831540446,68.39911258885427,AI/ML,Other,1.2254280625043277,81211.20301856342
7.257267632298205,1,Tier 3,USA,Top 100,3,74.38009555348592,68.62092776439874,AI/ML,Finance,4.102573782278223,112005.13386828346
7.30375974193369,2,Tier 3,India,Top 100,2,67.59557129394908,57.63729982351752,Cybersecurity,Consulting,3.893183760363916,44996.22026281546
6.750826244080638,2,Tier 1,UK,300+,1,66.972593612996,30,Cybersecurity,Tech,4.951004895730477,112040.56535649992
7.046887133897434,1,Tier 2,USA,Top 100,2,85.72845486080848,66.72280814292878,AI/ML,Finance,1.6519389380891416,120000
6.744074177597669,1,Tier 3,Germany,300+,4,93.25805954219852,57.82433629150421,Data Science,Other,9.214358337455492,76032.3092488768
8.112666838541315,0,Tier 2,Germany,Top 100,3,68.80204515297868,57.78235698091438,Core CS,Manufacturing,6.567613119935862,85742.92368092798
7.255046671702605,1,Tier 2,India,300+,1,64.64647833098348,43.43653433065475,Cybersecurity,Other,4.431015200735733,41076.02032259804
7.0367687488391475,0,Tier 2,Canada,300+,0,60.70187382399865,60.61900045708991,Data Science,Consulting,3.669827318649979,104609.55196866192
6.805933570968165,0,Tier 3,USA,300+,1,40.50869561239264,67.63227087241488,AI/ML,Tech,2.54057760559846,104307.01749305082
7.35815701311601,3,Tier 2,India,100-300,2,71.40401153504682,97.91182939312992,Core CS,Finance,8.256737688102625,50986.811406581306
7.43556789562197,0,Tier 3,UK,100-300,0,41.81009486222035,37.75471050285222,Cybersecurity,Manufacturing,5.193853124622742,65731.26114164758
6.731587334373547,2,Tier 3,India,100-300,1,100,60.782469880977594,Cybersecurity,Healthcare,6.664955441884204,40680.74346719069
7.204781717135017,0,Tier 3,UK,100-300,3,65.95847040761376,48.085944259953365,Core CS,Other,4.016794719772808,72184.1971689027
7.732659025278084,0,Tier 3,Canada,100-300,2,73.12061902041845,59.76122177208673,Data Science,Consulting,5.411802480292288,83920.31114550013
6.7094595530137475,0,Tier 2,Germany,300+,0,94.59310218614829,61.496792246412845,Cybersecurity,Tech,3.4110278216852064,93705.84631963924
6.826865030689303,2,Tier 2,Canada,300+,2,59.461882529399304,65.79060248119131,Data Science,Tech,5.39739816714261,108642.633847743
6.890862279777907,2,Tier 3,India,100-300,2,70.83749483535804,77.27397978439984,Cloud,Tech,4.146237987147045,40646.79413348051
6.377353157594797,0,Tier 2,USA,300+,2,77.11970203663194,67.6491773083179,Cloud,Tech,4.834193729798171,111574.72496746336
6.645256465411972,1,Tier 3,India,100-300,2,53.28661178572024,80.28584222850833,Cybersecurity,Finance,8.128235563376338,41798.75103791331
6.783783705860313,0,Tier 1,USA,300+,1,44.04810962771022,94.3452872887088,Cloud,Manufacturing,5.087380873316045,120000
8.290294696565702,0,Tier 3,India,300+,2,67.31757395655555,67.22578969083253,Data Science,Consulting,6.104869956715935,46279.408113951176
7.757294646664349,0,Tier 2,USA,300+,1,69.99089943545633,89.3493024679942,Core CS,Manufacturing,4.97540274539557,102718.51279880974
7.747723765869299,2,Tier 1,USA,100-300,1,83.33887823983791,54.04877311293697,AI/ML,Finance,2.586334164310521,120000
7.295940490403512,4,Tier 3,UK,100-300,0,89.21904683791418,73.14178100460454,AI/ML,Tech,4.134587449598412,93337.27361992604
6.966807116338097,0,Tier 1,India,Top 100,1,57.10054081677889,76.93598123926427,AI/ML,Other,5.860492109350988,58279.0351973129
7.776390767690704,1,Tier 1,Canada,300+,3,61.445246438730265,86.13276371099472,Cybersecurity,Finance,5.809251061749048,112959.07686058251
5.993388296506169,1,Tier 1,UK,100-300,5,43.75865649299734,54.87043333714925,Core CS,Consulting,5.175423818877961,107414.30763609646
7.509242565498612,3,Tier 1,USA,300+,4,85.5487170158707,42.81481897460761,Cloud,Manufacturing,6.498461308174963,120000
8.858087380210213,0,Tier 2,India,100-300,0,87.88316156986133,72.46688277264184,Cloud,Other,3.8247609354426304,54204.73716811759
7.849453316791785,1,Tier 3,Canada,100-300,0,96.40425840126584,77.2228472478225,Cybersecurity,Healthcare,8.328624931334677,80247.62414719036
6.425717428516772,1,Tier 2,UK,300+,1,91.7504754892087,80.5640194396082,Cloud,Tech,3.195888930870467,93986.93435626388
7.636691049872981,1,Tier 2,Germany,Top 100,3,56.81493390610092,88.1116560896092,Core CS,Healthcare,5.265858417699701,89211.75962407874
7.523510507248611,1,Tier 2,Germany,300+,3,72.60534541306771,83.00174982114227,Core CS,Tech,4.0688363652360335,99357.39692950188
7.23192893923013,0,Tier 2,India,300+,2,66.8817743307548,46.822709995791726,Cloud,Tech,5.8306622397329,43709.98961177503
8.0528059357748,4,Tier 1,India,100-300,3,62.874778944595974,63.33169557538728,Data Science,Tech,5.259266345153841,74975.46557572392
7.076369633086637,1,Tier 2,UK,100-300,1,64.48672503174909,63.522403807259145,Cloud,Manufacturing,8.059897479021217,93965.62028298798
7.1815455550401985,1,Tier 2,USA,100-300,1,73.71273403791845,44.66205333216766,Core CS,Finance,2.963866875860991,109177.51473543086
7.837563627542568,1,Tier 2,Germany,300+,1,64.08523815808272,77.42392428840517,Cybersecurity,Tech,4.235491973000689,101198.54345330184
7.037309893252773,0,Tier 1,India,Top 100,0,67.71433720697691,79.9462449194867,AI/ML,Tech,5.377539901370719,78624.5000206987
6.583285676876989,2,Tier 1,UK,100-300,4,55.891743381503815,55.72898240082354,Cybersecurity,Tech,7.057521060099196,120000
6.81233677630465,0,Tier 1,UK,100-300,3,74.5853615476381,48.210816049168635,Cloud,Other,3.772534809470996,109423.1464749764
7.438191182990049,0,Tier 2,India,100-300,2,80.72080307499924,43.193302038033494,Cybersecurity,Healthcare,4.821168345388072,46050.912502473286
6.323168261897893,3,Tier 1,India,Top 100,3,79.32614981323158,90.8657990807324,Data Science,Other,4.192753436550914,63436.66971485497
7.525518965055718,0,Tier 3,Germany,300+,2,88.05338903538734,48.87126107257331,Cybersecurity,Tech,6.117998013660303,84832.1467995467
6.422122076307977,1,Tier 2,India,Top 100,1,69.69861741833502,72.20868977400328,Data Science,Consulting,3.412047073914381,54224.69412490867
7.099003714019422,1,Tier 3,UK,100-300,0,66.82036228613822,71.85238257650951,Core CS,Tech,5.459336029211625,82694.08157137485
7.24964970538139,1,Tier 3,USA,300+,4,66.86312646038341,58.52850244597921,Core CS,Consulting,2.7241284471886016,81576.33486716688
7.686616344145498,0,Tier 2,Germany,300+,0,65.06867897410281,54.27468063508991,Core CS,Manufacturing,5.685682315680209,83114.72483247159
6.546042175017319,0,Tier 1,UK,Top 100,2,65.7926907294942,56.002783758614946,Data Science,Other,4.824453542515458,120000
8.44122272626575,0,Tier 2,Germany,100-300,1,75.86571331409253,52.70390680357933,Cybersecurity,Tech,3.7765390694793615,102774.00413119233
8.617739280069904,0,Tier 3,India,300+,2,84.07643632273448,61.46520276380646,Core CS,Manufacturing,4.179610386422252,47381.04883056253
8.46494170845271,0,Tier 2,India,300+,1,64.94120727262953,76.72554378507999,Data Science,Tech,5.124151291803297,65291.14144370827
6.845614905791448,1,Tier 2,Canada,100-300,1,84.89128148102633,69.0413274628475,Data Science,Other,5.180923183716653,97348.29436015204
8.040500320844767,0,Tier 1,Canada,300+,3,32.87927099681454,54.772030602719134,Cloud,Consulting,6.296321136760529,105569.4258640984
7.6942443676339565,1,Tier 3,USA,100-300,2,90.86275251614975,84.8513414409054,Cybersecurity,Other,1.508141905128403,87797.71182186707
6.288124183247087,1,Tier 2,Germany,100-300,0,56.71151104772197,56.60254396063853,Core CS,Finance,4.436538219270182,89825.42424827213
7.203302149657148,0,Tier 3,UK,100-300,1,46.61834452847273,54.79653695034892,Cloud,Consulting,7.868851778195772,83510.99662292917
7.557640783071781,0,Tier 3,UK,100-300,0,80.25709414874704,73.71508840862415,Core CS,Healthcare,3.5793052645339776,80349.78939504363
7.313505009796468,2,Tier 1,USA,300+,1,77.66686203451133,43.62898076773661,Data Science,Finance,6.268350399161138,120000
7.520534103033669,0,Tier 1,Canada,Top 100,1,66.56622796466459,70.50415903416925,Core CS,Other,5.720487949583203,106898.65342452972
7.340728773681129,1,Tier 1,UK,100-300,1,61.40616056712249,60.68343692378694,Cloud,Manufacturing,3.436926489662325,108602.23983319374
6.143466875047857,2,Tier 3,USA,Top 100,1,71.69991443303702,30,Core CS,Other,5.841308099906676,89201.3317142365
6.812393971883287,2,Tier 1,Germany,300+,1,78.994431569104,60.30533727185117,Cloud,Manufacturing,4.802229581937004,95295.21167118338
8.271317841309166,0,Tier 2,India,100-300,3,71.0358745529431,80.7962343789666,Cybersecurity,Manufacturing,5.576958399451494,47349.21868968629
6.991835519687254,2,Tier 2,India,Top 100,0,52.86530662289809,39.206658287456584,Core CS,Consulting,7.740974790248085,45556.29220964238
6.417287749406632,1,Tier 2,USA,Top 100,2,76.47149267685695,85.02050073328104,Data Science,Consulting,6.234083496097149,120000
6.269929441457899,2,Tier 2,UK,Top 100,1,77.67372731276667,48.8100541962135,Cloud,Consulting,5.829079793584583,93294.17368974256
7.5611119150476,1,Tier 2,USA,300+,2,65.74566861779705,60.820717615940666,Core CS,Other,5.893474298770073,99860.98562704536
7.483025175642367,2,Tier 3,USA,Top 100,2,96.61333657507927,80.2709382439663,Core CS,Healthcare,4.779121881386745,91898.93201812656
8.21225447545904,0,Tier 1,USA,Top 100,1,62.32284361192303,53.34676577925633,Cloud,Finance,6.219700660396109,120000
6.566581411190718,1,Tier 1,Germany,100-300,1,96.69521417743589,84.7390311814008,Cloud,Manufacturing,4.7522485755858375,92564.10079949362
8.339416612856905,0,Tier 3,USA,300+,3,62.037307315658296,50.160806846002075,Cybersecurity,Tech,5.2720325344982495,96886.281877636007
6.189851549305206,1,Tier 3,USA,300+,0,70.40420431838228,73.90123475681163,Core CS,Healthcare,4.6486297728758394,88422.0515397244
5.5920328942805995,2,Tier 2,Germany,300+,3,87.13814100008989,53.47795593588498,Core CS,Finance,6.619105624128302,90756.03049527416
6.643363748938547,1,Tier 2,UK,100-300,0,76.77574053671152,59.38107997512692,Cloud,Tech,5.9017456053268855,103754.97768027638
6.597022130536437,0,Tier 2,Canada,100-300,1,64.33282324805002,74.47714893006928,Core CS,Consulting,5.522328125325766,85109.52813503117
7.42074982420372,1,Tier 1,UK,100-300,3,66.96666785962928,56.91683943840128,Cloud,Healthcare,4.2180909554124035,112640.86251010971
7.19511275329636,0,Tier 3,Germany,300+,1,64.0457567681399,60.54327807363894,AI/ML,Other,4.124428910226327,86331.19002713909
6.04562130318469,1,Tier 2,Germany,300+,0,87.71947680602617,78.89677524448251,Cybersecurity,Finance,3.584192437425948,73555.68420254633
6.702830383129852,3,Tier 2,Canada,Top 100,5,79.12419343019889,72.06507832806673,Data Science,Finance,6.2002206871135055,113136.91071456933
5.579214202430486,1,Tier 1,USA,Top 100,2,86.83549860765504,56.50500757899032,AI/ML,Other,2.2716495324165256,120000
6.215242618389304,1,Tier 2,Germany,100-300,2,73.3450630034841,55.241089413771206,Cybersecurity,Other,6.21124738753348,83018.16676273893
8.146900015856756,0,Tier 3,India,300+,0,88.27615145287932,69.72344903385294,Core CS,Tech,5.693423261514461,37782.1867510703
7.529735003158,1,Tier 2,UK,Top 100,0,83.17735055844975,69.70742598909152,Core CS,Manufacturing,3.5879611941919243,101129.4240776685
7.955371586411194,1,Tier 3,USA,Top 100,2,85.53099154036931,52.41974653938236,Data Science,Manufacturing,7.375851823470406,119948.89883118264
8.040881650419275,0,Tier 3,USA,100-300,2,98.12044920145108,80.86621331015012,Data Science,Manufacturing,6.298524098438999,109831.58434639218
6.435746620867321,0,Tier 3,UK,300+,2,69.06777291424761,50.992745105551734,Core CS,Other,3.8712048642116783,69818.8193548322
7.396612458412409,1,Tier 3,Germany,100-300,3,45.05046309788513,86.80788170803591,Cloud,Finance,3.687730571345285,82797.57742272141
7.515510762830546,3,Tier 2,UK,300+,4,66.94723235590186,46.385843044903005,AI/ML,Manufacturing,4.181388756302809,105387.85910138764
